candidate_name,r_birth,r_death,p_swap,p_triad,p_del,ensemble,burnin_label,target_nodes,seed,steps,meeting,first_meeting_time,final_radius_control,total_unequal_time,avg_local_overlap,avg_same_descriptor,shared_token_fraction_final,shared_node_fraction_final,fit_speed_control,final_edge_diff_count,abs_delta_tokens,abs_delta_nodes,abs_delta_beta1,abs_delta_triangles,abs_delta_spectral_radius,abs_delta_clustering,abs_delta_dim_proxy,initial_nodes,initial_tokens,initial_beta1,initial_triangles,initial_spectral_radius,initial_dim_proxy
balanced_pdel,0.02,0.02,0.02,0.0,0.01,natural24_light,light,24,101,120,0,-1.0,4.0,79.55667486825243,0.3022638971828937,0.25,0.6363636363636364,1.0,0.14901362886536823,2.0,2.0,0.0,0.0,0.0,0.026253746785644072,0.0,0.04280438181066959,26.0,5.0,2.0,1.0,3.096453471723757,1.9530902890544368
balanced_pdel,0.02,0.02,0.02,0.0,0.01,natural24_light,light,24,202,130,0,-1.0,4.0,78.66937898398344,0.6795847890720391,0.6538461538461539,1.0,1.0,0.14725385891140277,6.0,0.0,0.0,0.0,0.0,0.16798687254044609,0.029047619047619044,0.007699156564893173,29.0,5.0,4.0,3.0,3.3221359734107336,2.4784277281895197
balanced_pdel,0.02,0.02,0.02,0.0,0.01,natural24_deep,deep,24,101,158,0,-1.0,5.0,108.18707304825075,0.3131853844526608,0.2882882882882883,0.34615384615384615,0.9714285714285714,0.44747348218358257,3.0,7.0,1.0,0.0,0.0,0.0652001216766962,0.0037254901960784223,0.4218807209018227,35.0,9.0,4.0,3.0,3.426061004645395,2.089082186966325
balanced_pdel,0.02,0.02,0.02,0.0,0.01,natural24_deep,deep,24,202,158,0,-1.0,0.0,109.71867489680317,0.977220113735272,0.9746835443037974,1.0,1.0,0.0,2.0,0.0,0.0,0.0,0.0,0.0,0.0,0.08670557050490735,35.0,7.0,6.0,4.0,3.848798346044332,2.166385641218316
balanced_pdel,0.02,0.02,0.02,0.0,0.01,natural48_light,light,48,101,162,0,-1.0,2.0,121.38738128623942,0.8808146520652058,0.845679012345679,0.9,1.0,0.21327729278743338,4.0,0.0,0.0,0.0,1.0,0.17501152710431178,0.021406525573192253,0.03535204693870053,36.0,18.0,12.0,13.0,4.391465779202276,2.2878532869682124
balanced_pdel,0.02,0.02,0.02,0.0,0.01,natural48_light,light,48,202,243,0,-1.0,0.0,135.2006588191526,0.935203991626939,0.9506172839506173,1.0,1.0,0.028358473141376246,2.0,0.0,0.0,0.0,0.0,0.021836138885116707,0.0,0.055591900142073936,54.0,12.0,4.0,2.0,3.6890190856809904,2.3830535673028113
balanced_pdel,0.02,0.02,0.02,0.0,0.01,natural48_deep,deep,48,101,284,0,-1.0,0.0,175.0339177245343,0.9877309139932795,1.0,1.0,1.0,0.0,2.0,0.0,0.0,0.0,1.0,0.059645130168070715,0.005465434036862601,0.0,63.0,9.0,9.0,6.0,4.192616043953173,3.057314782225461
balanced_pdel,0.02,0.02,0.02,0.0,0.01,natural48_deep,deep,48,202,243,0,-1.0,2.0,145.8761149181214,0.860059540534516,0.8436213991769548,1.0,1.0,0.21164719204782997,3.0,0.0,0.0,0.0,0.0,0.10928094389445953,0.001907814407814401,0.022167981358572675,54.0,21.0,16.0,13.0,4.389723846169434,2.6506788184862184
balanced_pdel,0.02,0.02,0.02,0.0,0.01,natural96_light,light,96,101,248,0,-1.0,3.0,167.49595033577495,0.7567876722076522,0.7408906882591093,0.8333333333333334,1.0,0.3160350806950836,11.0,1.0,0.0,1.0,2.0,0.14231863906769693,0.01064935064935063,0.1799495456290634,55.0,25.0,16.0,11.0,4.268151811405983,3.159963885447904
balanced_pdel,0.02,0.02,0.02,0.0,0.01,natural96_light,light,96,202,459,0,-1.0,6.0,364.87859564886446,0.6663771663723878,0.6794582392776524,0.9565217391304348,1.0,0.16872494091612927,9.0,1.0,0.0,1.0,2.0,0.003241895450800669,0.024123588829471174,0.006707783957728086,102.0,6.0,15.0,15.0,4.45397970810811,2.592894745312858
balanced_pdel,0.02,0.02,0.02,0.0,0.01,natural96_deep,deep,96,101,310,0,-1.0,2.0,213.79518321955914,0.9562067537980937,0.9451612903225807,0.9726027397260274,1.0,0.6282802228806803,2.0,0.0,0.0,0.0,2.0,0.06173663727973899,0.013210361067503937,0.00255287804565274,69.0,49.0,30.0,22.0,5.525293349651413,2.943026526544685
balanced_pdel,0.02,0.02,0.02,0.0,0.01,natural96_deep,deep,96,202,508,0,-1.0,6.0,383.9018621844365,0.5602662747921658,0.5783898305084746,0.7272727272727273,1.0,0.2418299578694289,13.0,2.0,0.0,2.0,1.0,0.21878352552501124,0.003369534948482321,0.12054697111400792,113.0,10.0,16.0,15.0,4.582321328016738,3.112282229241538
balanced_pdel,0.02,0.02,0.02,0.0,0.01,natural192_light,light,192,101,594,0,-1.0,7.0,479.42342634700714,0.5859479002848832,0.6010452961672473,0.7230769230769231,1.0,0.6691296199960224,16.0,4.0,0.0,2.0,2.0,0.04428525525135907,0.010642766324584496,0.025922419117661022,132.0,27.0,39.0,32.0,4.906898371761867,2.609647755397138
balanced_pdel,0.02,0.02,0.02,0.0,0.01,natural192_light,light,192,202,650,0,-1.0,4.0,452.32114550331875,0.8919122925338522,0.9075235109717869,0.9195402298850575,0.9931506849315068,0.3454188809093181,4.0,3.0,1.0,1.0,0.0,0.0634112462727856,0.0019214259471699302,0.2359324909372953,145.0,52.0,35.0,25.0,4.723061470405316,3.3350600140163054
balanced_pdel,0.02,0.02,0.02,0.0,0.01,natural192_deep,deep,192,101,650,0,-1.0,9.0,532.3643225397036,0.9148069385559549,0.9120370370370371,0.9532710280373832,1.0,1.275338671081125,5.0,1.0,0.0,1.0,2.0,0.11187631414692589,0.01136291486291488,0.008543657937520877,153.0,69.0,60.0,53.0,6.007040406376928,2.601914243415596
balanced_pdel,0.02,0.02,0.02,0.0,0.01,natural192_deep,deep,192,202,650,0,-1.0,6.0,486.80192637567677,0.9744307143227317,0.9675425038639877,0.968,1.0,1.2355282920842339,2.0,2.0,0.0,0.0,0.0,0.021331441294358378,0.00020429788076845035,0.0002809882319376733,153.0,92.0,58.0,44.0,5.369325799947699,3.360144034390403
triad_runner,0.02,0.02,0.02,0.02,0.0,natural24_light,light,24,101,120,0,-1.0,3.0,79.86586483072234,0.2759490354966223,0.2765957446808511,0.5333333333333333,1.0,0.27136378489407675,5.0,1.0,0.0,1.0,1.0,0.2828449015781862,0.020299145299145296,0.0,26.0,5.0,2.0,1.0,3.096453471723757,1.9530902890544368
triad_runner,0.02,0.02,0.02,0.02,0.0,natural24_light,light,24,202,130,0,-1.0,1.0,68.97642686073593,0.9246459811303126,0.9461538461538461,1.0,1.0,0.06444075969272048,2.0,0.0,0.0,0.0,1.0,0.021799474712400624,0.03888888888888889,0.008291177196887212,29.0,5.0,4.0,3.0,3.3221359734107336,2.4784277281895197
triad_runner,0.02,0.02,0.02,0.02,0.0,natural24_deep,deep,24,101,158,0,-1.0,3.0,107.22324923940764,0.32641012147224224,0.22580645161290322,0.4230769230769231,1.0,0.23849810281121017,9.0,9.0,0.0,1.0,0.0,0.27096480686647784,0.012721088435374159,0.04573029268123818,35.0,9.0,4.0,3.0,3.426061004645395,2.089082186966325
triad_runner,0.02,0.02,0.02,0.02,0.0,natural24_deep,deep,24,202,158,0,-1.0,3.0,104.53921983885942,0.928274928184172,0.9367088607594937,1.0,1.0,0.16125838260729342,2.0,0.0,0.0,0.0,0.0,0.0,0.0,0.042460736268719046,35.0,7.0,6.0,4.0,3.848798346044332,2.166385641218316
triad_runner,0.02,0.02,0.02,0.02,0.0,natural48_light,light,48,101,162,0,-1.0,3.0,121.06199482461409,0.7898241527162398,0.7716049382716049,0.9259259259259259,1.0,0.3737438108162372,8.0,0.0,0.0,0.0,2.0,0.18400271184511574,0.03573633156966491,0.06194695493211144,36.0,18.0,12.0,13.0,4.391465779202276,2.2878532869682124
triad_runner,0.02,0.02,0.02,0.02,0.0,natural48_light,light,48,202,243,0,-1.0,4.0,136.37153410239867,0.8877196557169066,0.8916666666666667,0.9583333333333334,1.0,0.32234947775465067,6.0,1.0,0.0,0.0,0.0,0.008802664526866177,0.0,0.06943681700604643,54.0,12.0,4.0,2.0,3.6890190856809904,2.3830535673028113
triad_runner,0.02,0.02,0.02,0.02,0.0,natural48_deep,deep,48,101,284,0,-1.0,0.0,173.05239630261664,0.9950458383041666,1.0,1.0,1.0,0.0,2.0,0.0,0.0,0.0,1.0,0.013231757491683815,0.0054450757575757736,0.0,63.0,9.0,9.0,6.0,4.192616043953173,3.057314782225461
triad_runner,0.02,0.02,0.02,0.02,0.0,natural48_deep,deep,48,202,243,0,-1.0,0.0,146.73128077729424,0.9333675609169111,0.9300411522633745,1.0,1.0,0.0,2.0,0.0,0.0,0.0,0.0,0.04527196304017522,0.0007348618459729617,0.09965202829702502,54.0,21.0,16.0,13.0,4.389723846169434,2.6506788184862184
triad_runner,0.02,0.02,0.02,0.02,0.0,natural96_light,light,96,101,248,0,-1.0,3.0,167.94127530627836,0.7658677146798141,0.7530364372469636,0.875,1.0,0.2624352059488681,10.0,1.0,0.0,0.0,0.0,0.043992521578416266,0.011818181818181811,0.10026360580752147,55.0,25.0,16.0,11.0,4.268151811405983,3.159963885447904
triad_runner,0.02,0.02,0.02,0.02,0.0,natural96_light,light,96,202,459,0,-1.0,5.0,358.2084976477486,0.5999902330676313,0.6359447004608295,0.7777777777777778,1.0,0.1983867772175591,13.0,2.0,0.0,3.0,2.0,0.20059770414146527,0.02973346098346097,0.0329038234424015,102.0,6.0,15.0,15.0,4.45397970810811,2.592894745312858
triad_runner,0.02,0.02,0.02,0.02,0.0,natural96_deep,deep,96,101,310,0,-1.0,2.0,214.1948174237785,0.9079397410430181,0.9223300970873787,0.9855072463768116,1.0,0.4573183989721079,4.0,1.0,0.0,0.0,2.0,0.01632381625629087,0.005523783784653347,0.00359885819639727,69.0,49.0,30.0,22.0,5.525293349651413,2.943026526544685
triad_runner,0.02,0.02,0.02,0.02,0.0,natural96_deep,deep,96,202,508,0,-1.0,6.0,383.6341021490987,0.33332498280203,0.33407572383073497,0.41935483870967744,1.0,0.2803517245118514,21.0,6.0,0.0,3.0,0.0,0.11575733017188394,0.04174181368453815,0.016245915389501597,113.0,10.0,16.0,15.0,4.582321328016738,3.112282229241538
triad_runner,0.02,0.02,0.02,0.02,0.0,natural192_light,light,192,101,594,0,-1.0,11.0,478.40679707456854,0.7631153938056928,0.7680412371134021,0.7313432835820896,1.0,0.9182166357070954,10.0,4.0,0.0,0.0,1.0,0.0225485263444698,0.003934575525484596,0.003609956841176931,132.0,27.0,39.0,32.0,4.906898371761867,2.609647755397138
triad_runner,0.02,0.02,0.02,0.02,0.0,natural192_light,light,192,202,650,0,-1.0,4.0,452.59929558648184,0.9470594702587734,0.963076923076923,0.9578947368421052,1.0,0.43551765212196936,4.0,0.0,0.0,0.0,0.0,0.07369303212618039,4.822763443451672e-05,0.1680793876012121,145.0,52.0,35.0,25.0,4.723061470405316,3.3350600140163054
triad_runner,0.02,0.02,0.02,0.02,0.0,natural192_deep,deep,192,101,650,0,-1.0,2.0,531.7942801549442,0.9807944668591494,0.9846153846153847,1.0,1.0,0.29874987950118387,3.0,0.0,0.0,1.0,1.0,0.050854467626768596,0.002063492063492073,0.005902063772240229,153.0,69.0,60.0,53.0,6.007040406376928,2.601914243415596
triad_runner,0.02,0.02,0.02,0.02,0.0,natural192_deep,deep,192,202,650,0,-1.0,7.0,486.84938714766287,0.9518155800617301,0.9611801242236024,0.9777777777777777,1.0,1.4476162747593226,6.0,1.0,0.0,2.0,1.0,0.04776988404147797,0.0004768412415470935,0.04946288080910577,153.0,92.0,58.0,44.0,5.369325799947699,3.360144034390403
macro_stable,0.02,0.05,0.02,0.0,0.01,natural24_light,light,24,101,120,0,-1.0,4.0,82.71198184856752,0.2346768387415849,0.1917808219178082,0.36363636363636365,0.9615384615384616,0.16332751208451207,3.0,5.0,1.0,0.0,0.0,0.0076793937164709725,0.001948717948717947,0.3798928451090937,26.0,5.0,2.0,1.0,3.096453471723757,1.9530902890544368
macro_stable,0.02,0.05,0.02,0.0,0.01,natural24_light,light,24,202,130,0,-1.0,4.0,78.4184152602256,0.6795847890720391,0.6538461538461539,1.0,1.0,0.14854261495911658,6.0,0.0,0.0,0.0,0.0,0.16798687254044609,0.029047619047619044,0.007699156564893173,29.0,5.0,4.0,3.0,3.3221359734107336,2.4784277281895197
macro_stable,0.02,0.05,0.02,0.0,0.01,natural24_deep,deep,24,101,158,0,-1.0,6.0,108.81001275983631,0.304587532247241,0.28125,0.36363636363636365,0.9459459459459459,0.5625188235881721,4.0,8.0,0.0,0.0,0.0,0.02247060538371981,0.004629629629629629,0.0031901382570764802,35.0,9.0,4.0,3.0,3.426061004645395,2.089082186966325
macro_stable,0.02,0.05,0.02,0.0,0.01,natural24_deep,deep,24,202,158,0,-1.0,7.0,101.23876504325169,0.8626430486089908,0.8831168831168831,0.9411764705882353,1.0,0.5136469337487335,3.0,1.0,0.0,1.0,0.0,0.03940409358276087,0.0,0.08670557050490757,35.0,7.0,6.0,4.0,3.848798346044332,2.166385641218316
macro_stable,0.02,0.05,0.02,0.0,0.01,natural48_light,light,48,101,162,0,-1.0,2.0,121.09950833149881,0.8696670747405153,0.845679012345679,0.9047619047619048,1.0,0.21709193006603694,4.0,0.0,0.0,0.0,1.0,0.11836701269483019,0.01695326278659612,0.058682021417856056,36.0,18.0,12.0,13.0,4.391465779202276,2.2878532869682124
macro_stable,0.02,0.05,0.02,0.0,0.01,natural48_light,light,48,202,243,0,-1.0,4.0,133.8067614789958,0.8626374881515635,0.8893617021276595,0.9230769230769231,1.0,0.37170958925979863,2.0,2.0,0.0,0.0,0.0,0.005894077054314106,0.0,0.012276024222484416,54.0,12.0,4.0,2.0,3.6890190856809904,2.3830535673028113
macro_stable,0.02,0.05,0.02,0.0,0.01,natural48_deep,deep,48,101,284,0,-1.0,3.0,177.03194246706278,0.9127485275648529,0.9184397163120568,0.9166666666666666,1.0,0.11941763933630972,2.0,2.0,0.0,0.0,1.0,0.08255746561812405,0.0055831265508684835,0.0,63.0,9.0,9.0,6.0,4.192616043953173,3.057314782225461
macro_stable,0.02,0.05,0.02,0.0,0.01,natural48_deep,deep,48,202,243,0,-1.0,5.0,145.80396037747147,0.8167033192935756,0.8212765957446808,0.9375,1.0,0.612460350469802,2.0,2.0,0.0,0.0,0.0,0.05110166550257311,0.0007631257631257604,0.0016495783355487958,54.0,21.0,16.0,13.0,4.389723846169434,2.6506788184862184
macro_stable,0.02,0.05,0.02,0.0,0.01,natural96_light,light,96,101,248,0,-1.0,3.0,167.43580920110057,0.849151412985577,0.8064516129032258,0.85,1.0,0.36758307595155065,2.0,0.0,0.0,0.0,0.0,0.038666346039817334,0.00035273368606700273,0.07509462573067038,55.0,25.0,16.0,11.0,4.268151811405983,3.159963885447904
macro_stable,0.02,0.05,0.02,0.0,0.01,natural96_light,light,96,202,459,0,-1.0,5.0,362.28486374317396,0.5904843313160021,0.6063348416289592,0.7692307692307693,1.0,0.15352518708376017,13.0,2.0,0.0,3.0,1.0,0.004426317756494491,0.0007328183798771815,0.1198943825336749,102.0,6.0,15.0,15.0,4.45397970810811,2.592894745312858
macro_stable,0.02,0.05,0.02,0.0,0.01,natural96_deep,deep,96,101,310,0,-1.0,2.0,214.41285003196495,0.9582902462576907,0.9580645161290322,1.0,1.0,0.4755083670851253,2.0,0.0,0.0,0.0,2.0,0.05929249402642789,0.013435598218206918,0.0024340956547170833,69.0,49.0,30.0,22.0,5.525293349651413,2.943026526544685
macro_stable,0.02,0.05,0.02,0.0,0.01,natural96_deep,deep,96,202,508,0,-1.0,6.0,385.5356550988358,0.3989746307245957,0.3793859649122807,0.4594594594594595,0.9823008849557522,0.21210491614389743,15.0,2.0,2.0,0.0,0.0,0.08717644088369525,0.0013883445429515168,0.14887034096540086,113.0,10.0,16.0,15.0,4.582321328016738,3.112282229241538
macro_stable,0.02,0.05,0.02,0.0,0.01,natural192_light,light,192,101,594,0,-1.0,10.0,477.9838393726688,0.6561655983888913,0.6416382252559727,0.618421052631579,1.0,0.814492678590486,15.0,1.0,0.0,1.0,1.0,0.07802452133534565,0.017850820858339667,0.014083103163061939,132.0,27.0,39.0,32.0,4.906898371761867,2.609647755397138
macro_stable,0.02,0.05,0.02,0.0,0.01,natural192_light,light,192,202,650,0,-1.0,6.0,452.7759143852634,0.7846122316424204,0.7687400318979266,0.8636363636363636,1.0,0.508471332849167,11.0,4.0,0.0,2.0,1.0,0.13458097831036486,0.01014209555876222,0.15378080094070068,145.0,52.0,35.0,25.0,4.723061470405316,3.3350600140163054
macro_stable,0.02,0.05,0.02,0.0,0.01,natural192_deep,deep,192,101,650,0,-1.0,2.0,532.3273306705544,0.904924056464003,0.904320987654321,0.9528301886792453,1.0,0.14650197394154352,6.0,1.0,0.0,0.0,1.0,0.018288895101096436,0.0069603174603174445,0.0056009120864839446,153.0,69.0,60.0,53.0,6.007040406376928,2.601914243415596
macro_stable,0.02,0.05,0.02,0.0,0.01,natural192_deep,deep,192,202,650,0,-1.0,1.0,486.87414879790566,0.9825122590230679,0.9876923076923076,1.0,1.0,0.10813626817313321,2.0,0.0,0.0,0.0,0.0,0.007111513659009638,0.00015680615680618848,0.009699551856205524,153.0,92.0,58.0,44.0,5.369325799947699,3.360144034390403
band_best,0.02,0.0,0.02,0.0,0.01,natural24_light,light,24,101,120,0,-1.0,3.0,81.26746452208273,0.332489807187938,0.3177570093457944,0.4666666666666667,0.9615384615384616,0.1895535987654476,4.0,2.0,1.0,0.0,0.0,0.09656341352946152,0.001948717948717947,0.013838433198030131,26.0,5.0,2.0,1.0,3.096453471723757,1.9530902890544368
band_best,0.02,0.0,0.02,0.0,0.01,natural24_light,light,24,202,130,0,-1.0,2.0,65.68849377200964,0.6140246141302798,0.6538461538461539,1.0,1.0,0.1270316477136385,4.0,0.0,0.0,0.0,1.0,0.04912099778203016,0.013793103448275862,0.05992398059007309,29.0,5.0,4.0,3.0,3.3221359734107336,2.4784277281895197
band_best,0.02,0.0,0.02,0.0,0.01,natural24_deep,deep,24,101,158,0,-1.0,5.0,111.05635567740673,0.48235361102304264,0.4965034965034965,0.5,1.0,0.37832161288997695,2.0,2.0,0.0,0.0,1.0,0.06619173783424115,0.03529411764705883,0.04561631703910729,35.0,9.0,4.0,3.0,3.426061004645395,2.089082186966325
band_best,0.02,0.0,0.02,0.0,0.01,natural24_deep,deep,24,202,158,0,-1.0,3.0,104.25122883932468,0.8115357381778178,0.8407643312101911,0.9375,1.0,0.1400599269668053,6.0,1.0,0.0,0.0,1.0,0.0009179267299557203,0.049019607843137254,0.10671938470226516,35.0,7.0,6.0,4.0,3.848798346044332,2.166385641218316
band_best,0.02,0.0,0.02,0.0,0.01,natural48_light,light,48,101,162,0,-1.0,2.0,121.57026168691796,0.8664573301160218,0.8209876543209876,1.0,1.0,0.21039306418733772,4.0,0.0,0.0,0.0,1.0,0.07809584565376415,0.0005952380952380931,0.024236313864375525,36.0,18.0,12.0,13.0,4.391465779202276,2.2878532869682124
band_best,0.02,0.0,0.02,0.0,0.01,natural48_light,light,48,202,243,0,-1.0,3.0,135.9773688112565,0.856691395051766,0.8583690987124464,0.9130434782608695,1.0,0.25564228015864887,2.0,2.0,0.0,0.0,0.0,0.0066921746761874346,0.0,0.02592825256030329,54.0,12.0,4.0,2.0,3.6890190856809904,2.3830535673028113
band_best,0.02,0.0,0.02,0.0,0.01,natural48_deep,deep,48,101,284,0,-1.0,5.0,173.69375688604026,0.8275611281534984,0.8158844765342961,0.84,1.0,0.32541983163466476,11.0,2.0,0.0,1.0,1.0,0.05225204358074542,0.008565717436685188,0.024638096260378273,63.0,9.0,9.0,6.0,4.192616043953173,3.057314782225461
band_best,0.02,0.0,0.02,0.0,0.01,natural48_deep,deep,48,202,243,0,-1.0,5.0,145.20970031645143,0.8099405293005864,0.8050847457627118,0.9459459459459459,1.0,0.5724011055000181,2.0,2.0,0.0,0.0,0.0,0.05005593679225484,0.0007487271638215026,0.013879398380053143,54.0,21.0,16.0,13.0,4.389723846169434,2.6506788184862184
band_best,0.02,0.0,0.02,0.0,0.01,natural96_light,light,96,101,248,0,-1.0,3.0,167.72373018002673,0.7639427155080925,0.7408906882591093,0.8292682926829268,1.0,0.3057740727413627,11.0,1.0,0.0,1.0,1.0,0.031214088899329084,0.007012987012986999,0.04166928231503775,55.0,25.0,16.0,11.0,4.268151811405983,3.159963885447904
band_best,0.02,0.0,0.02,0.0,0.01,natural96_light,light,96,202,459,0,-1.0,5.0,363.3944603941092,0.4459361077843655,0.4503464203233256,0.4838709677419355,0.9809523809523809,0.12455737184183455,16.0,2.0,0.0,1.0,0.0,0.05081379973621747,0.009211621711621723,0.002426315669423307,102.0,6.0,15.0,15.0,4.45397970810811,2.592894745312858
band_best,0.02,0.0,0.02,0.0,0.01,natural96_deep,deep,96,101,310,0,-1.0,4.0,214.09740959765293,0.9397083060806823,0.9258064516129032,1.0,1.0,1.0329796202108783,2.0,0.0,0.0,0.0,2.0,0.0494527602737449,0.012291993720565136,0.00255287804565274,69.0,49.0,30.0,22.0,5.525293349651413,2.943026526544685
band_best,0.02,0.0,0.02,0.0,0.01,natural96_deep,deep,96,202,508,0,-1.0,6.0,382.4870153916866,0.4466773537224734,0.4549266247379455,0.391304347826087,0.9823008849557522,0.28407739365674806,15.0,2.0,2.0,0.0,0.0,0.0921536604662121,0.0066702755406555375,0.06405189641366027,113.0,10.0,16.0,15.0,4.582321328016738,3.112282229241538
band_best,0.02,0.0,0.02,0.0,0.01,natural192_light,light,192,101,594,0,-1.0,11.0,479.4267710441145,0.5913489548451242,0.60801393728223,0.7230769230769231,1.0,0.922283052931472,13.0,4.0,0.0,1.0,2.0,0.06351701864580939,0.014448682630500809,0.014712335246093389,132.0,27.0,39.0,32.0,4.906898371761867,2.609647755397138
band_best,0.02,0.0,0.02,0.0,0.01,natural192_light,light,192,202,650,0,-1.0,4.0,451.52792389065803,0.92609164540269,0.9384615384615385,0.9801980198019802,1.0,0.5304065697507351,3.0,0.0,0.0,1.0,1.0,0.06685601694451382,0.008725553406404477,0.058383168691336085,145.0,52.0,35.0,25.0,4.723061470405316,3.3350600140163054
band_best,0.02,0.0,0.02,0.0,0.01,natural192_deep,deep,192,101,650,0,-1.0,4.0,532.3160379867179,0.8757413732054412,0.8815384615384615,0.9801980198019802,1.0,0.4991142706566251,8.0,0.0,0.0,0.0,1.0,0.15626440262257102,0.002267843267843239,0.0141283972906594,153.0,69.0,60.0,53.0,6.007040406376928,2.601914243415596
band_best,0.02,0.0,0.02,0.0,0.01,natural192_deep,deep,192,202,650,0,-1.0,3.0,487.03461651608853,0.9750031521595933,0.9753846153846154,0.9710144927536232,1.0,0.4831960182117898,5.0,0.0,0.0,1.0,0.0,0.04171403543140073,0.000912259853436348,0.005347771174913696,153.0,92.0,58.0,44.0,5.369325799947699,3.360144034390403
