candidate_name,target_nodes,mean_initial_nodes,mean_radius,mean_overlap,mean_quasi,mean_composite,mean_beta1_drift,mean_causal,mean_geom
band_best,48,48.0,5.333333333333333,0.6074412469940784,0.6982007575757576,0.6140448385279466,0.3333333333333333,0.7320162156506789,0.5730816823605027
band_best,96,96.0,6.111111111111111,0.6183503947676353,0.4381628787878788,0.5164745578819169,0.5555555555555556,0.617564491442845,0.6041953541449052
band_best,192,192.0,9.333333333333334,0.6317577312757944,0.4086174242424243,0.38128595030739887,1.0,0.15349083847831654,0.5404417673220077
band_best,256,256.0,7.111111111111111,0.6640668284641824,0.3933396464646465,0.469326562418494,1.0,0.4107240356726641,0.41173034924349466
band_zero_del,48,48.0,5.111111111111111,0.5357001573348654,0.8541666666666667,0.6219023844937679,0.0,0.755016692403971,0.43132773826478904
band_zero_del,96,96.0,7.111111111111111,0.5164582306827009,0.7583333333333333,0.5423798309068587,0.0,0.48810358893948697,0.744768334567869
band_zero_del,192,192.0,7.0,0.6667540715736853,0.6700757575757575,0.6474567457335798,0.0,0.5108163989060016,0.874495542001514
band_zero_del,256,256.0,7.777777777777778,0.6264153482832155,0.5731060606060606,0.5482797303546609,0.0,0.28958206092249245,0.8164251604803603
band_small_death,48,48.0,5.222222222222222,0.5307471079877141,0.8282828282828283,0.6155270424561449,0.0,0.6496950101754697,0.626903529054509
band_small_death,96,96.0,6.222222222222222,0.7305511924494194,0.7040088383838384,0.6734553194243822,0.3333333333333333,0.664701033157817,0.5844113648682777
band_small_death,192,192.0,9.777777777777779,0.6459142336967536,0.3648989898989899,0.33977027711765984,0.8888888888888888,0.10714285714285714,0.31578533982440543
band_small_death,256,256.0,7.333333333333333,0.697934129602401,0.48431186868686865,0.5887017464453227,1.2222222222222223,0.5047067416375294,0.6675568882054931
band_small_triad,48,48.0,4.111111111111111,0.6426698119735903,0.88125,0.7144794798532779,0.6666666666666666,0.9074578032019627,0.38477743239507856
band_small_triad,96,96.0,5.888888888888889,0.6243611756859936,0.4277146464646465,0.5539577839355371,0.6666666666666666,0.6764367960484602,0.42852371457513083
band_small_triad,192,192.0,8.11111111111111,0.7108114206690124,0.616635101010101,0.5484799469895972,0.7777777777777778,0.33345310992965693,0.5754046185660476
band_small_triad,256,256.0,7.222222222222222,0.7135176821729615,0.35290404040404044,0.5311440550784201,1.7777777777777777,0.42893876086479615,0.5812966027682435
macro_stable,48,48.0,4.888888888888889,0.6252136173192451,0.7633838383838384,0.7190714647462939,0.4444444444444444,0.8513749052653852,0.7249847235025798
macro_stable,96,96.0,5.555555555555555,0.6355027300019209,0.5035037878787879,0.5224108386074795,1.2222222222222223,0.7622549019607843,0.4609939958682543
macro_stable,192,192.0,9.555555555555555,0.6057587296849393,0.39779040404040406,0.42420985130317035,0.6666666666666666,0.18638567264072772,0.7677515477098483
macro_stable,256,256.0,8.222222222222221,0.45640733068460115,0.17708333333333334,0.2772143872101717,1.5555555555555556,0.31035905088552357,0.6197469612558836
