candidate_name,r_birth,r_death,p_swap,p_triad,p_del,ensemble,burnin_label,target_nodes,runs,mean_meeting,sd_meeting,mean_first_meeting_time,sd_first_meeting_time,mean_final_radius_control,sd_final_radius_control,mean_total_unequal_time,sd_total_unequal_time,mean_avg_local_overlap,sd_avg_local_overlap,mean_avg_same_descriptor,sd_avg_same_descriptor,mean_shared_token_fraction_final,sd_shared_token_fraction_final,mean_shared_node_fraction_final,sd_shared_node_fraction_final,mean_fit_speed_control,sd_fit_speed_control,mean_final_edge_diff_count,sd_final_edge_diff_count,mean_abs_delta_tokens,sd_abs_delta_tokens,mean_abs_delta_nodes,sd_abs_delta_nodes,mean_abs_delta_beta1,sd_abs_delta_beta1,mean_abs_delta_triangles,sd_abs_delta_triangles,mean_abs_delta_spectral_radius,sd_abs_delta_spectral_radius,mean_abs_delta_clustering,sd_abs_delta_clustering,mean_abs_delta_dim_proxy,sd_abs_delta_dim_proxy,mean_initial_nodes,sd_initial_nodes,mean_initial_tokens,sd_initial_tokens,mean_initial_beta1,sd_initial_beta1,mean_initial_triangles,sd_initial_triangles,mean_initial_spectral_radius,sd_initial_spectral_radius,mean_initial_dim_proxy,sd_initial_dim_proxy,repair_score,causal_score,quasi_score,geom_score,composite_score
band_best,0.02,0.0,0.02,0.0,0.01,natural48_deep,deep,48,9,0.0,0.0,-1.0,0.0,5.333333333333333,2.8674417556808756,24.112560145168203,4.684535317223289,0.6074412469940784,0.27785090159993936,0.6167402275599817,0.27761355828362083,0.7235135839711003,0.21811085121700347,0.9861583522297808,0.021945724265968258,0.22728549778479823,0.12471060611441309,6.222222222222222,3.4246744460938756,1.3333333333333333,1.9436506316151,0.6666666666666666,1.0540925533894598,0.3333333333333333,0.6666666666666666,0.3333333333333333,0.4714045207910317,0.09796289007441282,0.10051631916259904,0.009022863592948875,0.010615258172363992,0.10930914200548997,0.14865552318300163,48.0,0.0,5.666666666666667,0.4714045207910317,4.666666666666667,2.0548046676563256,3.0,1.4142135623730951,3.2449215989499716,0.1627840289360863,2.285760888284613,0.1915988752829366,0.5050979903657852,0.7320162156506789,0.6982007575757576,0.5730816823605027,0.6140448385279466
band_best,0.02,0.0,0.02,0.0,0.01,natural96_deep,deep,96,9,0.0,0.0,-1.0,0.0,6.111111111111111,3.478327964999673,31.161911803866154,6.115440534398721,0.6183503947676353,0.2399168394272471,0.6316380260003378,0.24201697344248416,0.7099414414685351,0.24733626169285156,0.9852235722467682,0.01806252111340144,0.21028904434222803,0.14486263047793604,12.0,9.043106644167024,2.0,2.1081851067789197,1.0,0.816496580927726,0.5555555555555556,0.6849348892187752,1.2222222222222223,1.3966450099973928,0.05852513923084383,0.04463950768673372,0.009666944923311882,0.009001880160751128,0.1621674336845061,0.17780475297644124,96.0,0.0,6.666666666666667,1.247219128924647,12.0,5.0990195135927845,11.333333333333334,5.436502143433364,3.760467949228266,0.2403423869522895,2.1945427716932464,0.17849502666279185,0.4388908240989966,0.617564491442845,0.4381628787878788,0.6041953541449052,0.5164745578819169
band_best,0.02,0.0,0.02,0.0,0.01,natural192_deep,deep,192,9,0.0,0.0,-1.0,0.0,9.333333333333334,4.2946995755750415,36.35306351924794,6.143373719564953,0.6317577312757944,0.23148356135759152,0.6271437333993082,0.23400951009898638,0.6418698823981731,0.23891145470631947,0.9919365146568624,0.007364134006086101,0.2800973422255987,0.1532077987175295,19.444444444444443,12.293730209709981,2.5555555555555554,3.0225490019412096,0.6666666666666666,0.6666666666666666,1.0,0.9428090415820634,1.3333333333333333,1.1547005383792515,0.07010805572886378,0.06378845978228266,0.009384033324521805,0.008115875512875612,0.19863305753474692,0.16263922532480377,192.0,0.0,8.333333333333334,0.4714045207910317,25.0,2.8284271247461903,22.0,4.242640687119285,4.426258468043943,0.4892759731804632,2.4157834188326306,0.12925041750423755,0.43743257821409526,0.15349083847831654,0.4086174242424243,0.5404417673220077,0.38128595030739887
band_best,0.02,0.0,0.02,0.0,0.01,natural256_deep,deep,256,9,0.0,0.0,-1.0,0.0,7.111111111111111,1.4487116456005886,30.878016342327573,3.1959829469679875,0.6640668284641824,0.2167087849975182,0.65944011313833,0.21875132435120306,0.7011983238365381,0.17466306311857724,0.9952320980407932,0.0030587835562162088,0.23239698417807192,0.06460670685831536,17.77777777777778,10.64349334651382,2.5555555555555554,2.216659704806667,0.7777777777777778,0.7856742013183862,1.0,0.6666666666666666,1.2222222222222223,0.9162456945817024,0.03365215815581261,0.04121618658825418,0.01201704879482657,0.011318912022165917,0.3387984547313852,0.3367329180495777,256.0,0.0,9.666666666666666,0.4714045207910317,34.0,5.656854249492381,30.666666666666668,4.4969125210773475,4.677188399023923,0.3716794672570159,2.7072193783754535,0.27561705725620467,0.5875187267391421,0.4107240356726641,0.3933396464646465,0.41173034924349466,0.469326562418494
band_zero_del,0.02,0.0,0.02,0.0,0.0,natural48_deep,deep,48,9,0.0,0.0,-1.0,0.0,5.111111111111111,1.4487116456005886,24.607021990331933,3.5055163513940015,0.5357001573348654,0.24030923033909582,0.5220093368653195,0.24262844924778187,0.7248212650599692,0.21668963132545307,0.9956427015250545,0.012324301197151145,0.20282646888917288,0.09587626610110501,8.444444444444445,4.878777422244478,1.4444444444444444,1.1653431646335017,0.0,0.0,0.0,0.0,0.7777777777777778,0.7856742013183862,0.12723833830836945,0.12992416801796736,0.01235222792820832,0.011742820084793697,0.08118008807729758,0.047240203265991036,48.0,0.0,5.666666666666667,0.4714045207910317,4.666666666666667,2.0548046676563256,3.0,1.4142135623730951,3.2449215989499716,0.1627840289360863,2.285760888284613,0.1915988752829366,0.5029980868756684,0.755016692403971,0.8541666666666667,0.43132773826478904,0.6219023844937679
band_zero_del,0.02,0.0,0.02,0.0,0.0,natural96_deep,deep,96,9,0.0,0.0,-1.0,0.0,7.111111111111111,1.9116278371205837,30.343085393372363,5.676430618409198,0.5164582306827009,0.21843362652910808,0.5204335866443781,0.21419019432836037,0.6131484610224563,0.20088357784484018,0.9912828391792793,0.01861172527125956,0.2294630606187378,0.0867383067868941,13.777777777777779,5.533288710217215,2.6666666666666665,2.6246692913372702,0.0,0.0,0.0,0.0,0.8888888888888888,0.7370277311900889,0.07016480596978357,0.04643294151099445,0.00813865901364246,0.0073314164635436396,0.04451346998177755,0.04724298200629962,96.0,0.0,6.666666666666667,1.247219128924647,12.0,5.0990195135927845,11.333333333333334,5.436502143433364,3.760467949228266,0.2403423869522895,2.1945427716932464,0.17849502666279185,0.34209600026213294,0.48810358893948697,0.7583333333333333,0.744768334567869,0.5423798309068587
band_zero_del,0.02,0.0,0.02,0.0,0.0,natural192_deep,deep,192,9,0.0,0.0,-1.0,0.0,7.0,4.0276819911981905,35.64549981520854,5.3448181746074,0.6667540715736853,0.2872769660053996,0.6585564143960317,0.29516447124346484,0.7464583333333333,0.2579790564892926,0.9988603988603989,0.0032232787746395214,0.20779276192909224,0.13058234850479356,15.333333333333334,11.850925889754118,3.7777777777777777,5.050363634383783,0.0,0.0,0.0,0.0,1.0,0.6666666666666666,0.048078693873217934,0.06052771267506031,0.005982283161677723,0.005625792287835285,0.036015113100638936,0.04356683218750518,192.0,0.0,8.333333333333334,0.4714045207910317,25.0,2.8284271247461903,22.0,4.242640687119285,4.426258468043943,0.4892759731804632,2.4157834188326306,0.12925041750423755,0.6023953888332145,0.5108163989060016,0.6700757575757575,0.874495542001514,0.6474567457335798
band_zero_del,0.02,0.0,0.02,0.0,0.0,natural256_deep,deep,256,9,0.0,0.0,-1.0,0.0,7.777777777777778,1.4740554623801778,31.109953976236714,4.5498658807714865,0.6264153482832155,0.2543810481457484,0.6310364297954937,0.25693961633531087,0.6926368925184876,0.18234179807431605,0.9974391468644342,0.005115161129613337,0.26496224112682487,0.07173569538537977,18.666666666666668,13.366625103842281,3.0,2.6246692913372702,0.0,0.0,0.0,0.0,2.3333333333333335,1.3333333333333333,0.03963578023148943,0.05002837052144132,0.007650185205740756,0.007162664683584027,0.06728184674849864,0.10704648507110152,256.0,0.0,9.666666666666666,0.4714045207910317,34.0,5.656854249492381,30.666666666666668,4.4969125210773475,4.677188399023923,0.3716794672570159,2.7072193783754535,0.27561705725620467,0.5656513454478677,0.28958206092249245,0.5731060606060606,0.8164251604803603,0.5482797303546609
band_small_death,0.02,0.01,0.02,0.0,0.01,natural48_deep,deep,48,9,0.0,0.0,-1.0,0.0,5.222222222222222,1.7497795275581802,23.216636196859113,4.3204334295643525,0.5307471079877141,0.21623482627294863,0.5331364559653543,0.20919243865050025,0.7146693176104941,0.12481884371034868,0.9907387304803718,0.010356437567816743,0.24174727743536528,0.12242971747581291,9.555555555555555,5.775640630385345,1.1111111111111112,1.7916128329552332,0.4444444444444444,0.49690399499995325,0.0,0.0,0.2222222222222222,0.6285393610547089,0.02355341063997808,0.029972365449650613,0.012031165626986088,0.028589868411388476,0.16794742461416115,0.16284412642647242,48.0,0.0,5.666666666666667,0.4714045207910317,4.666666666666667,2.0548046676563256,3.0,1.4142135623730951,3.2449215989499716,0.1627840289360863,2.285760888284613,0.1915988752829366,0.46304576698517136,0.6496950101754697,0.8282828282828283,0.626903529054509,0.6155270424561449
band_small_death,0.02,0.01,0.02,0.0,0.01,natural96_deep,deep,96,9,0.0,0.0,-1.0,0.0,6.222222222222222,2.9731307022799225,32.77630720475229,7.538608328601435,0.7305511924494194,0.1901517362903421,0.738714331821701,0.18901943923142558,0.7720179478331652,0.21660046521026952,0.9976971172203131,0.004308373535338465,0.19947897089341,0.10254665645322929,10.222222222222221,5.492980930803678,1.7777777777777777,2.439388711122239,0.2222222222222222,0.41573970964154905,0.3333333333333333,0.4714045207910317,1.0,0.9428090415820634,0.06529705710076922,0.05036628188067522,0.012613768139431915,0.009171466934146437,0.08857940012741665,0.0926205541648524,96.0,0.0,6.666666666666667,1.247219128924647,12.0,5.0990195135927845,11.333333333333334,5.436502143433364,3.760467949228266,0.2403423869522895,2.1945427716932464,0.17849502666279185,0.7131314870985851,0.664701033157817,0.7040088383838384,0.5844113648682777,0.6734553194243822
band_small_death,0.02,0.01,0.02,0.0,0.01,natural192_deep,deep,192,9,0.0,0.0,-1.0,0.0,9.777777777777779,3.8809442659051068,34.588981569695996,3.580459137340096,0.6459142336967536,0.2111039404332588,0.6529284323658253,0.20660550783074508,0.6931925444169686,0.23090584698474015,0.9924554853219331,0.007833310818296257,0.29494933428052567,0.1331874053551482,18.88888888888889,9.445098016601515,2.0,1.8257418583505538,0.5555555555555556,0.6849348892187752,0.8888888888888888,0.8748897637790901,2.4444444444444446,1.640535895581489,0.13793540161458762,0.11939266354543457,0.013675982511035828,0.009813720800948524,0.12608343485019266,0.16771712171330172,192.0,0.0,8.333333333333334,0.4714045207910317,25.0,2.8284271247461903,22.0,4.242640687119285,4.426258468043943,0.4892759731804632,2.4157834188326306,0.12925041750423755,0.5052791339636187,0.10714285714285714,0.3648989898989899,0.31578533982440543,0.33977027711765984
band_small_death,0.02,0.01,0.02,0.0,0.01,natural256_deep,deep,256,9,0.0,0.0,-1.0,0.0,7.333333333333333,2.9059326290271157,30.65534508815688,3.468123229483728,0.697934129602401,0.20608377184140034,0.6993812373833521,0.2063103817906716,0.7594734927300221,0.165704860455343,0.9956630207042649,0.005358933358172636,0.2187456333215533,0.10140520361350394,13.333333333333334,8.137703743822469,1.3333333333333333,1.9436506316151,0.2222222222222222,0.6285393610547089,1.2222222222222223,1.617802197617893,2.111111111111111,2.1314806770278754,0.04381287586562177,0.055270325958949464,0.007975900642567306,0.007796786256869866,0.183912187536755,0.25424328919057404,256.0,0.0,9.666666666666666,0.4714045207910317,34.0,5.656854249492381,30.666666666666668,4.4969125210773475,4.677188399023923,0.3716794672570159,2.7072193783754535,0.27561705725620467,0.6632894561641943,0.5047067416375294,0.48431186868686865,0.6675568882054931,0.5887017464453227
band_small_triad,0.02,0.0,0.02,0.01,0.01,natural48_deep,deep,48,9,0.0,0.0,-1.0,0.0,4.111111111111111,1.6629588385661962,25.22095712421725,4.262713605961394,0.6426698119735903,0.22923518828908435,0.6444251772037367,0.22858798492365642,0.8152540442014127,0.1693698773588133,0.9953703703703703,0.01309457002197309,0.1703664553655024,0.09725332682466016,6.888888888888889,3.8999841721742765,0.2222222222222222,0.41573970964154905,0.0,0.0,0.6666666666666666,0.816496580927726,0.4444444444444444,0.6849348892187752,0.10375295756668833,0.1501261893745923,0.015804755663382096,0.01495365296164252,0.09384877890603047,0.11066751605161436,48.0,0.0,5.666666666666667,0.4714045207910317,4.666666666666667,2.0548046676563256,3.0,1.4142135623730951,3.2449215989499716,0.1627840289360863,2.285760888284613,0.1915988752829366,0.6697415502107756,0.9074578032019627,0.88125,0.38477743239507856,0.7144794798532779
band_small_triad,0.02,0.0,0.02,0.01,0.01,natural96_deep,deep,96,9,0.1111111111111111,0.31426968052735443,1.3903118929375242,6.760822994587905,5.888888888888889,2.8458329944145992,30.925984867570058,7.878001221693397,0.6243611756859936,0.28985849583010476,0.6367712450506641,0.28232334461666336,0.7517830748863031,0.23017743648846997,0.9831114471096233,0.018833056377000345,0.17107927808461834,0.0822556915261173,13.88888888888889,9.278942042716873,2.5555555555555554,2.8327886186626583,0.7777777777777778,0.9162456945817024,0.6666666666666666,0.6666666666666666,1.3333333333333333,1.1547005383792515,0.10289597626273617,0.09214294156133442,0.009971696324765068,0.007889117996737747,0.20433443804408638,0.16441000807686149,96.0,0.0,6.666666666666667,1.247219128924647,12.0,5.0990195135927845,11.333333333333334,5.436502143433364,3.760467949228266,0.2403423869522895,2.1945427716932464,0.17849502666279185,0.6102883220441903,0.6764367960484602,0.4277146464646465,0.42852371457513083,0.5539577839355371
band_small_triad,0.02,0.0,0.02,0.01,0.01,natural192_deep,deep,192,9,0.0,0.0,-1.0,0.0,8.11111111111111,4.280302285390716,34.885131005866604,4.482589850530042,0.7108114206690124,0.26250597518353497,0.7181659088061666,0.2590430740955863,0.7637332623745667,0.22634178683181366,0.9959729381443299,0.006788908571131507,0.2346443969150012,0.13688895792563824,18.555555555555557,14.268154993326231,2.0,2.1081851067789197,0.1111111111111111,0.31426968052735443,0.7777777777777778,0.9162456945817024,1.3333333333333333,1.4142135623730951,0.14605888176323412,0.14894776827779552,0.006339360571902712,0.0070406702635546345,0.056461086895107794,0.06946625462341928,192.0,0.0,8.333333333333334,0.4714045207910317,25.0,2.8284271247461903,22.0,4.242640687119285,4.426258468043943,0.4892759731804632,2.4157834188326306,0.12925041750423755,0.6477392159770096,0.33345310992965693,0.616635101010101,0.5754046185660476,0.5484799469895972
band_small_triad,0.02,0.0,0.02,0.01,0.01,natural256_deep,deep,256,9,0.0,0.0,-1.0,0.0,7.222222222222222,4.184037863058385,32.41338421304915,6.02650703817183,0.7135176821729615,0.22530306894232233,0.7136759329073568,0.22899607444661388,0.7465422745348109,0.1836608784202648,0.9973941046158141,0.0026050554107937118,0.210412485664314,0.12483048297155257,18.88888888888889,14.571238370650622,1.6666666666666667,1.632993161855452,0.4444444444444444,0.49690399499995325,1.7777777777777777,1.547598697464902,1.8888888888888888,0.9938079899999065,0.10916989232540292,0.19407008608229812,0.006045267489711934,0.0045005916427373355,0.149750753903949,0.16921692871889538,256.0,0.0,9.666666666666666,0.4714045207910317,34.0,5.656854249492381,30.666666666666668,4.4969125210773475,4.677188399023923,0.3716794672570159,2.7072193783754535,0.27561705725620467,0.6773406749364693,0.42893876086479615,0.35290404040404044,0.5812966027682435,0.5311440550784201
macro_stable,0.02,0.05,0.02,0.0,0.01,natural48_deep,deep,48,9,0.1111111111111111,0.31426968052735443,5.030815791745443,17.05772296972048,4.888888888888889,2.8846122190549264,31.017237390021233,9.246566501656599,0.6252136173192451,0.22429863930554,0.6275443167077391,0.23649863024009565,0.6479497354497354,0.2690537608479276,0.9865668489618069,0.02105222587887636,0.17545992389278686,0.10470901423378152,6.888888888888889,4.7945442245314265,1.7777777777777777,2.096440251568134,0.2222222222222222,0.41573970964154905,0.4444444444444444,0.49690399499995325,0.3333333333333333,0.6666666666666666,0.10506663451061558,0.1397349478366451,0.003879707263970544,0.006832975061461719,0.08435794791832718,0.1041169022921516,48.0,0.0,5.666666666666667,0.4714045207910317,4.666666666666667,2.0548046676563256,3.0,1.4142135623730951,3.2449215989499716,0.1627840289360863,2.285760888284613,0.1915988752829366,0.5958686458647545,0.8513749052653852,0.7633838383838384,0.7249847235025798,0.7190714647462939
macro_stable,0.02,0.05,0.02,0.0,0.01,natural96_deep,deep,96,9,0.0,0.0,-1.0,0.0,5.555555555555555,3.0225490019412096,40.761847264408196,9.747769882840593,0.6355027300019209,0.2881760863349009,0.6332774800103922,0.295016179739471,0.6554900416190739,0.3030765899248089,0.9908824640967498,0.018907044222652075,0.13061098703640314,0.09744209004315413,14.777777777777779,10.580671872993255,0.8888888888888888,1.0999438818457405,0.6666666666666666,1.247219128924647,1.2222222222222223,1.4740554623801778,1.2222222222222223,1.547598697464902,0.09113454319741592,0.08871520949132179,0.012737754088373132,0.012039211254189401,0.13367781933688805,0.16697862777776776,96.0,0.0,6.666666666666667,1.247219128924647,12.0,5.0990195135927845,11.333333333333334,5.436502143433364,3.760467949228266,0.2403423869522895,2.1945427716932464,0.17849502666279185,0.3969930181939285,0.7622549019607843,0.5035037878787879,0.4609939958682543,0.5224108386074795
macro_stable,0.02,0.05,0.02,0.0,0.01,natural192_deep,deep,192,9,0.0,0.0,-1.0,0.0,9.555555555555555,4.7635446911613375,39.608315153675,5.427577990574352,0.6057587296849393,0.30554921003658225,0.6025321623101006,0.3085288728312552,0.6538017301847089,0.311370867027546,0.9948274627720504,0.008066841175037198,0.2447183952973794,0.12771672549088234,20.88888888888889,17.181672693402405,2.4444444444444446,2.3147407395555177,0.7777777777777778,1.030402055055078,0.6666666666666666,0.816496580927726,1.6666666666666667,1.1547005383792515,0.05253054880742628,0.07506284325428444,0.004661009046629961,0.006272601274386426,0.155520715992028,0.16400216093516698,192.0,0.0,8.333333333333334,0.4714045207910317,25.0,2.8284271247461903,22.0,4.242640687119285,4.426258468043943,0.4892759731804632,2.4157834188326306,0.12925041750423755,0.4128715508369656,0.18638567264072772,0.39779040404040406,0.7677515477098483,0.42420985130317035
macro_stable,0.02,0.05,0.02,0.0,0.01,natural256_deep,deep,256,9,0.0,0.0,-1.0,0.0,8.222222222222221,2.739739556875101,41.11429529735235,7.538766975922911,0.45640733068460115,0.2513823625089578,0.45071380910714526,0.2560710191321121,0.4333681772147339,0.2824870514917797,0.9939805363678911,0.005180777687564759,0.18705014133496006,0.06461915005051974,24.88888888888889,13.891999651633585,3.888888888888889,3.9845380171202462,0.6666666666666666,0.816496580927726,1.5555555555555556,1.7069212773041351,1.8888888888888888,1.7284832429004495,0.06263844933613368,0.05704161180880631,0.0045738746849857915,0.0045574714793919675,0.26719048419610486,0.23523100365836516,256.0,0.0,9.666666666666666,0.4714045207910317,34.0,5.656854249492381,30.666666666666668,4.4969125210773475,4.677188399023923,0.3716794672570159,2.7072193783754535,0.27561705725620467,0.11502447305984988,0.31035905088552357,0.17708333333333334,0.6197469612558836,0.2772143872101717
