label,regime,perturbation,seed,step,t,edge_diff_count,edge_jaccard_distance,node_diff_count,damaged_nodes_count,token_hamming,radius_control,radius_perturbed,nearest_control,nearest_perturbed,core_l1,regime_l1,delta_beta1,delta_wedges,delta_triangles,delta_c4,delta_spectral_radius,delta_clustering,delta_dim_proxy,front_envelope_control,front_envelope_perturbed
perturbation_multirun_v05_closed_topological_local_swap_seed101,closed_topological,local_swap,101,0,0.0,2,0.18181818181818182,0,3,0,0,0,0,0,0.0,2.123661305661328,0.0,1.0,0.0,0.0,0.07542843247527053,0.0,0.04823287318605751,0,0
perturbation_multirun_v05_closed_topological_local_swap_seed101,closed_topological,local_swap,101,40,11.44752708346374,2,0.18181818181818182,0,3,0,0,0,0,0,0.0,2.1676739570601185,0.0,1.0,0.0,0.0,0.12395794075247935,0.0,0.043716016307639216,0,0
perturbation_multirun_v05_closed_topological_local_swap_seed101,closed_topological,local_swap,101,80,23.169699301571075,4,0.3333333333333333,0,6,1,2,2,0,0,0.0,6.395200393972559,0.0,3.0,0.0,0.0,0.2962227311493586,0.0,0.09897766282319975,2,2
perturbation_multirun_v05_closed_topological_local_swap_seed101,closed_topological,local_swap,101,120,33.06012891730607,6,0.42857142857142855,0,9,3,3,2,0,0,0.0,9.466081873964344,0.0,4.0,0.0,0.0,0.3396697283119745,0.0,0.1264121456523698,3,2
perturbation_multirun_v05_closed_topological_local_swap_seed101,closed_topological,local_swap,101,160,43.71377425449211,16,0.8,0,11,4,4,3,0,0,0.0,13.477314337146316,0.0,5.0,0.0,1.0,0.4048555426424296,0.0,0.07245879450388593,4,3
perturbation_multirun_v05_closed_topological_local_swap_seed101,closed_topological,local_swap,101,200,53.32331141047402,18,0.8181818181818182,0,12,3,4,3,0,0,0.0,22.546591117339084,0.0,8.0,0.0,1.0,0.42520492264833454,0.0,0.12138619469074818,4,3
perturbation_multirun_v05_closed_topological_local_swap_seed101,closed_topological,local_swap,101,240,62.337809678869775,20,0.8695652173913043,0,13,3,4,3,0,0,0.0,26.306805500963964,0.0,9.0,0.0,1.0,0.23485197921696388,0.0,0.07195352174700131,4,3
perturbation_multirun_v05_closed_topological_local_swap_seed101,closed_topological,local_swap,101,280,70.16040905398965,22,0.9166666666666666,0,13,4,4,3,0,0,0.0,25.48390895678188,0.0,7.0,1.0,-1.0,0.2911344891391381,0.09487179487179488,0.09790267277094755,4,3
perturbation_multirun_v05_closed_topological_local_swap_seed101,closed_topological,local_swap,101,320,79.36603801509355,18,0.8181818181818182,0,12,1,3,3,0,0,0.0,38.45837768174426,0.0,9.0,1.0,-1.0,0.33127918935231815,0.0934065934065934,0.03369189898534697,4,3
perturbation_multirun_v05_closed_topological_local_swap_seed101,closed_topological,local_swap,101,360,88.21414725935738,16,0.7619047619047619,0,11,2,3,3,0,0,0.0,38.41997123418912,0.0,9.0,1.0,-1.0,0.3112011447814398,0.0934065934065934,-0.015363496001085553,4,3
perturbation_multirun_v05_closed_topological_local_swap_seed101,closed_topological,local_swap,101,400,98.22113114142505,20,0.8695652173913043,0,12,3,3,3,0,0,0.0,44.60039740224272,0.0,11.0,1.0,0.0,0.4410084104252734,0.08827838827838827,-0.07111060353905807,4,3
perturbation_multirun_v05_closed_topological_local_swap_seed102,closed_topological,local_swap,102,0,0.0,2,0.18181818181818182,0,3,0,0,0,0,0,0.0,2.123661305661328,0.0,1.0,0.0,0.0,0.07542843247527053,0.0,0.04823287318605751,0,0
perturbation_multirun_v05_closed_topological_local_swap_seed102,closed_topological,local_swap,102,40,10.229104597149107,2,0.16666666666666666,0,5,1,2,2,0,0,0.0,2.048000215914604,0.0,1.0,0.0,0.0,0.041103538842092835,0.0,-0.0068966770725112925,2,2
perturbation_multirun_v05_closed_topological_local_swap_seed102,closed_topological,local_swap,102,80,20.401185474710896,6,0.42857142857142855,0,9,2,3,4,0,0,0.0,4.11882162646345,0.0,2.0,0.0,0.0,0.08398805901779127,0.0,0.034833567445658575,3,4
perturbation_multirun_v05_closed_topological_local_swap_seed102,closed_topological,local_swap,102,120,30.875821057537546,8,0.5333333333333333,0,9,2,3,4,0,0,0.0,0.11263152979460322,0.0,0.0,0.0,0.0,0.07728727678981784,0.0,-0.035344253004785386,3,4
perturbation_multirun_v05_closed_topological_local_swap_seed102,closed_topological,local_swap,102,160,41.90063330508144,14,0.7368421052631579,0,10,4,3,2,0,0,0.0,32.80698261999564,0.0,10.0,1.0,0.0,0.6315892418107758,0.04722222222222222,0.12817115596264073,3,4
perturbation_multirun_v05_closed_topological_local_swap_seed102,closed_topological,local_swap,102,200,52.37055144981504,14,0.7,0,11,3,2,2,0,0,0.0,13.090625339532767,0.0,3.0,0.0,1.0,0.07032743852449697,0.0,0.02029790100826978,3,4
perturbation_multirun_v05_closed_topological_local_swap_seed102,closed_topological,local_swap,102,240,61.470672009057736,16,0.7619047619047619,0,11,3,2,2,0,0,0.0,15.12518348606361,0.0,4.0,0.0,1.0,0.12467227013051563,0.0,-0.0005112159330946664,3,4
perturbation_multirun_v05_closed_topological_local_swap_seed102,closed_topological,local_swap,102,280,71.44068746851458,20,0.8695652173913043,0,12,3,3,2,0,0,0.0,36.370296842472186,0.0,10.0,0.0,0.0,0.19776997990958822,0.0,0.17252686256259953,3,4
perturbation_multirun_v05_closed_topological_local_swap_seed102,closed_topological,local_swap,102,320,80.74376675018337,18,0.8181818181818182,0,13,4,3,2,0,0,0.0,12.07938434262462,0.0,3.0,0.0,-1.0,0.00108197607746785,0.0,0.07830236654715084,3,4
perturbation_multirun_v05_closed_topological_local_swap_seed102,closed_topological,local_swap,102,360,90.13426302165708,20,0.8695652173913043,0,12,4,3,2,0,0,0.0,4.13626766927384,0.0,-1.0,0.0,-1.0,-0.08717538123304669,0.0,0.04909228804079302,3,4
perturbation_multirun_v05_closed_topological_local_swap_seed102,closed_topological,local_swap,102,400,99.55822443053626,18,0.8181818181818182,0,12,4,2,2,0,0,0.0,15.15813190838013,0.0,3.0,0.0,1.0,0.13017665411263124,0.0,0.02795525426749812,3,4
perturbation_multirun_v05_closed_topological_local_swap_seed103,closed_topological,local_swap,103,0,0.0,2,0.18181818181818182,0,3,0,0,0,0,0,0.0,2.1211104236676372,0.0,1.0,0.0,0.0,0.07542843247527009,0.0,0.045681991192367044,0,0
perturbation_multirun_v05_closed_topological_local_swap_seed103,closed_topological,local_swap,103,40,10.79247058976593,2,0.18181818181818182,0,3,0,0,0,0,0,0.0,2.1211104236676372,0.0,1.0,0.0,0.0,0.07542843247527009,0.0,0.045681991192367044,0,0
perturbation_multirun_v05_closed_topological_local_swap_seed103,closed_topological,local_swap,103,80,21.112201671630775,2,0.18181818181818182,0,3,0,0,0,0,0,0.0,5.148028055779191,0.0,2.0,0.0,0.0,0.10794259078175594,0.0,0.04008546499743504,0,0
perturbation_multirun_v05_closed_topological_local_swap_seed103,closed_topological,local_swap,103,120,29.06103569635068,10,0.6666666666666666,0,9,4,2,3,0,0,0.0,6.168027987173104,0.0,2.0,0.0,0.0,0.1347443993107893,0.0,0.033283587862314445,2,3
perturbation_multirun_v05_closed_topological_local_swap_seed103,closed_topological,local_swap,103,160,39.95018983405,14,0.8235294117647058,0,10,3,3,2,0,0,0.0,20.399346751471793,0.0,6.0,0.0,1.0,0.2602110882004651,0.0,0.13913566327132876,3,3
perturbation_multirun_v05_closed_topological_local_swap_seed103,closed_topological,local_swap,103,200,50.36916546911104,14,0.7777777777777778,0,11,4,3,2,0,0,0.0,40.82323709448277,0.0,11.0,1.0,0.0,0.5583651372113199,0.11038961038961038,0.1544823468818437,3,3
perturbation_multirun_v05_closed_topological_local_swap_seed103,closed_topological,local_swap,103,240,60.11441179481613,14,0.7777777777777778,0,11,4,3,2,0,0,0.0,38.67455874050951,0.0,10.0,1.0,0.0,0.44403095586187113,0.11038961038961038,0.12013817425803275,3,3
perturbation_multirun_v05_closed_topological_local_swap_seed103,closed_topological,local_swap,103,280,71.34015664695673,18,0.9,0,11,4,3,2,0,0,0.0,13.559584085336178,0.0,4.0,1.0,0.0,0.3108811412317465,0.11515151515151514,0.13355142895291716,3,3
perturbation_multirun_v05_closed_topological_local_swap_seed103,closed_topological,local_swap,103,320,78.64405401267065,20,0.9090909090909091,0,12,4,3,2,0,0,0.0,32.94437109655396,0.0,10.0,1.0,0.0,0.6130614535505927,0.10277777777777779,0.228531865225585,3,3
perturbation_multirun_v05_closed_topological_local_swap_seed103,closed_topological,local_swap,103,360,92.81185816293046,22,0.9166666666666666,0,12,3,3,2,0,0,0.0,19.563859724150188,0.0,5.0,1.0,0.0,0.4701795028309461,0.056410256410256404,-0.037269964908984266,3,3
perturbation_multirun_v05_closed_topological_local_swap_seed103,closed_topological,local_swap,103,400,101.74773533405344,20,0.8333333333333334,0,13,4,3,2,0,0,0.0,4.277320489900534,0.0,0.0,0.0,0.0,-0.1796140543603406,0.0,-0.0977064355401932,3,3
perturbation_multirun_v05_closed_topological_add_chord_seed101,closed_topological,add_chord,101,0,0.0,1,0.09090909090909091,0,2,0,0,0,0,0,1.0,7.557815188248869,1.0,4.0,1.0,0.0,0.38838720971809537,0.16666666666666666,0.0027613118641064416,0,0
perturbation_multirun_v05_closed_topological_add_chord_seed101,closed_topological,add_chord,101,40,11.44752708346374,1,0.09090909090909091,0,2,0,0,0,0,0,1.0,7.556334408136239,1.0,4.0,1.0,0.0,0.3802237434796374,0.16666666666666666,-0.009443997989935449,0,0
perturbation_multirun_v05_closed_topological_add_chord_seed101,closed_topological,add_chord,101,80,23.169699301571075,3,0.25,0,4,1,2,2,0,0,1.0,8.41247038770808,1.0,5.0,0.0,0.0,0.36586231182833373,0.0,0.046608075879746025,2,2
perturbation_multirun_v05_closed_topological_add_chord_seed101,closed_topological,add_chord,101,120,33.06012891730607,5,0.35714285714285715,0,8,3,3,2,0,0,1.0,11.499371325612186,1.0,6.0,0.0,0.0,0.4013003308388483,0.0,0.0980709947733377,3,2
perturbation_multirun_v05_closed_topological_add_chord_seed101,closed_topological,add_chord,101,160,43.71377425449211,11,0.6111111111111112,0,10,4,4,4,0,0,1.0,15.431843108032401,1.0,7.0,0.0,1.0,0.4311255712278155,0.0,0.0007175368045863051,4,4
perturbation_multirun_v05_closed_topological_add_chord_seed101,closed_topological,add_chord,101,200,53.32331141047402,13,0.65,0,13,4,4,5,0,0,1.0,17.478035826213727,1.0,8.0,0.0,1.0,0.44466354915854733,0.0,0.03337227705517831,4,5
perturbation_multirun_v05_closed_topological_add_chord_seed101,closed_topological,add_chord,101,240,62.337809678869775,17,0.7727272727272727,0,13,4,4,5,0,0,1.0,27.70475616036707,1.0,11.0,1.0,1.0,0.58506471955224,0.09743589743589744,-0.02225554337893121,4,5
perturbation_multirun_v05_closed_topological_add_chord_seed101,closed_topological,add_chord,101,280,70.16040905398965,17,0.7727272727272727,0,12,4,4,4,0,0,1.0,12.373190443698617,1.0,5.0,1.0,-1.0,0.14261955241146396,0.11025641025641025,-0.12031448103074294,4,5
perturbation_multirun_v05_closed_topological_add_chord_seed101,closed_topological,add_chord,101,320,79.36603801509355,15,0.7142857142857143,0,11,3,3,4,0,0,1.0,3.425748937133261,1.0,1.0,1.0,-1.0,0.06149210135549055,0.11025641025641025,-0.25400042552135993,4,5
perturbation_multirun_v05_closed_topological_add_chord_seed101,closed_topological,add_chord,101,360,88.21414725935738,13,0.65,0,10,4,3,5,0,0,1.0,3.447797559719809,1.0,2.0,1.0,0.0,0.10286074181096616,0.10256410256410256,-0.24237271534474047,4,5
perturbation_multirun_v05_closed_topological_add_chord_seed101,closed_topological,add_chord,101,400,98.22113114142505,17,0.7727272727272727,0,12,4,3,4,0,0,1.0,5.526997486715688,1.0,1.0,1.0,1.0,0.18095106655402926,0.05128205128205128,-0.29476436887960766,4,5
perturbation_multirun_v05_closed_topological_add_chord_seed102,closed_topological,add_chord,102,0,0.0,1,0.09090909090909091,0,2,0,0,0,0,0,1.0,7.5603660702425595,1.0,4.0,1.0,0.0,0.38838720971809537,0.16666666666666666,0.005312193857797021,0,0
perturbation_multirun_v05_closed_topological_add_chord_seed102,closed_topological,add_chord,102,40,10.229104597149107,1,0.08333333333333333,0,4,1,2,2,0,0,1.0,7.457642285568986,1.0,4.0,1.0,0.0,0.29338482515060393,0.1515151515151515,-0.012742308903230914,2,2
perturbation_multirun_v05_closed_topological_add_chord_seed102,closed_topological,add_chord,102,80,20.401185474710896,5,0.35714285714285715,0,8,2,3,4,0,0,1.0,9.461840066388403,1.0,5.0,1.0,0.0,0.2888778140321593,0.1515151515151515,0.02144710084109136,3,4
perturbation_multirun_v05_closed_topological_add_chord_seed102,closed_topological,add_chord,102,120,30.875821057537546,7,0.4666666666666667,0,9,2,3,4,0,0,1.0,8.524669180612147,1.0,4.0,1.0,0.0,0.33953563417319277,0.13636363636363635,-0.048769910075316836,3,4
perturbation_multirun_v05_closed_topological_add_chord_seed102,closed_topological,add_chord,102,160,41.90063330508144,13,0.6842105263157895,0,10,3,3,3,0,0,1.0,39.00674771569596,1.0,13.0,2.0,1.0,0.8226070014885476,0.15,0.03414071420740861,3,4
perturbation_multirun_v05_closed_topological_add_chord_seed102,closed_topological,add_chord,102,200,52.37055144981504,19,0.8260869565217391,0,12,4,2,2,0,0,1.0,14.255870729426736,1.0,5.0,0.0,2.0,0.24141601769462628,0.0,-0.014454711732109216,3,4
perturbation_multirun_v05_closed_topological_add_chord_seed102,closed_topological,add_chord,102,240,61.470672009057736,21,0.875,0,13,4,2,3,0,0,1.0,16.49601430622501,1.0,6.0,1.0,1.0,0.41899968021062106,0.041025641025641026,-0.03598898498874714,3,4
perturbation_multirun_v05_closed_topological_add_chord_seed102,closed_topological,add_chord,102,280,71.44068746851458,19,0.8260869565217391,0,12,4,3,2,0,0,1.0,35.96069632127496,1.0,12.0,2.0,1.0,0.6431894125491651,0.12820512820512822,0.18930178052066227,3,4
perturbation_multirun_v05_closed_topological_add_chord_seed102,closed_topological,add_chord,102,320,80.74376675018337,21,0.875,0,13,4,3,2,0,0,1.0,15.495574254751888,1.0,6.0,1.0,-1.0,0.2424931151535179,0.0923076923076923,0.16077344729067777,3,4
perturbation_multirun_v05_closed_topological_add_chord_seed102,closed_topological,add_chord,102,360,90.13426302165708,19,0.8260869565217391,0,12,4,3,2,0,0,1.0,15.444334646191871,1.0,6.0,1.0,-1.0,0.23039846206534387,0.0923076923076923,0.1216284918188345,3,4
perturbation_multirun_v05_closed_topological_add_chord_seed102,closed_topological,add_chord,102,400,99.55822443053626,19,0.8260869565217391,0,12,3,2,3,0,0,1.0,8.297465724063136,1.0,4.0,0.0,2.0,0.23742436400273093,0.0,-0.06004136006040428,3,4
perturbation_multirun_v05_closed_topological_add_chord_seed103,closed_topological,add_chord,103,0,0.0,1,0.09090909090909091,0,2,0,0,0,0,0,1.0,7.5862978053955015,1.0,4.0,1.0,0.0,0.3883872097180958,0.16666666666666666,0.031243929010739246,0,0
perturbation_multirun_v05_closed_topological_add_chord_seed103,closed_topological,add_chord,103,40,10.79247058976593,1,0.09090909090909091,0,4,1,2,2,0,0,1.0,7.5862978053955015,1.0,4.0,1.0,0.0,0.3883872097180958,0.16666666666666666,0.031243929010739246,2,2
perturbation_multirun_v05_closed_topological_add_chord_seed103,closed_topological,add_chord,103,80,21.112201671630775,1,0.09090909090909091,0,4,1,2,2,0,0,1.0,10.549421860325618,1.0,5.0,1.0,0.0,0.3897969298865087,0.15,0.009624930439108836,2,2
perturbation_multirun_v05_closed_topological_add_chord_seed103,closed_topological,add_chord,103,120,29.06103569635068,7,0.5,0,8,4,2,2,0,0,1.0,11.52658070859068,1.0,5.0,1.0,0.0,0.3751588356723987,0.15,-0.0014218729182809975,2,2
perturbation_multirun_v05_closed_topological_add_chord_seed103,closed_topological,add_chord,103,160,39.95018983405,7,0.5,0,9,4,3,3,0,0,1.0,7.884345474731377,1.0,3.0,2.0,1.0,0.4958123711256217,0.2866666666666667,-0.10186643693908815,3,3
perturbation_multirun_v05_closed_topological_add_chord_seed103,closed_topological,add_chord,103,200,50.36916546911104,9,0.5625,0,9,4,3,2,0,0,1.0,11.569199078724383,1.0,5.0,1.0,1.0,0.3970322151059418,0.1303030303030303,-0.041863833315411214,3,3
perturbation_multirun_v05_closed_topological_add_chord_seed103,closed_topological,add_chord,103,240,60.11441179481613,11,0.6470588235294118,0,10,4,3,2,0,0,1.0,5.201885451449446,1.0,1.0,0.0,1.0,0.06952244828130505,0.0,-0.13236300316814054,3,3
perturbation_multirun_v05_closed_topological_add_chord_seed103,closed_topological,add_chord,103,280,71.34015664695673,13,0.7222222222222222,0,11,2,3,3,0,0,1.0,16.790775930939343,1.0,6.0,2.0,0.0,0.4081850999809702,0.3212121212121212,-0.06137870974625348,3,3
perturbation_multirun_v05_closed_topological_add_chord_seed103,closed_topological,add_chord,103,320,78.64405401267065,17,0.8095238095238095,0,12,4,3,2,0,0,1.0,23.714498966780326,1.0,9.0,1.0,1.0,0.5587289616124393,0.1111111111111111,0.04465889405677714,3,3
perturbation_multirun_v05_closed_topological_add_chord_seed103,closed_topological,add_chord,103,360,92.81185816293046,17,0.7727272727272727,0,12,3,3,2,0,0,1.0,39.00670694351296,1.0,13.0,2.0,1.0,0.6720388943223852,0.14102564102564102,0.19364240816493594,3,3
perturbation_multirun_v05_closed_topological_add_chord_seed103,closed_topological,add_chord,103,400,101.74773533405344,21,0.84,0,13,4,3,4,0,0,1.0,4.256594426396148,1.0,1.0,1.0,0.0,0.09417664984954577,0.10714285714285714,-0.055274919403745626,3,4
perturbation_multirun_v05_open_topological_local_swap_seed101,open_topological,local_swap,101,0,0.0,2,0.18181818181818182,0,3,0,0,0,0,0,0.0,2.123661305661328,0.0,1.0,0.0,0.0,0.07542843247527053,0.0,0.04823287318605751,0,0
perturbation_multirun_v05_open_topological_local_swap_seed101,open_topological,local_swap,101,40,11.44752708346374,11,0.6111111111111112,0,8,3,2,2,0,0,1.0,13.31606495853092,-1.0,-5.0,0.0,0.0,-0.20933226894800416,0.08000000000000002,0.026732689582914415,2,2
perturbation_multirun_v05_open_topological_local_swap_seed101,open_topological,local_swap,101,80,23.169699301571075,15,0.8333333333333334,0,9,3,2,2,0,0,1.0,9.526566438478172,0.0,-5.0,0.0,0.0,-0.08958363419446602,0.08333333333333343,-0.353649470950373,2,2
perturbation_multirun_v05_open_topological_local_swap_seed101,open_topological,local_swap,101,120,33.06012891730607,15,0.75,0,11,4,3,2,0,0,3.0,23.87228641483013,-2.0,-13.0,-2.0,-1.0,-0.5961622343113784,-0.16666666666666666,-0.10945751385208335,3,2
perturbation_multirun_v05_open_topological_local_swap_seed101,open_topological,local_swap,101,160,43.71377425449211,21,0.9545454545454546,0,12,4,2,2,0,0,1.0,11.22589077721264,0.0,-5.0,1.0,-1.0,-0.010262475670063775,0.18888888888888888,-0.026739412653687733,3,2
perturbation_multirun_v05_open_topological_local_swap_seed101,open_topological,local_swap,101,200,53.32331141047402,25,0.9615384615384616,0,13,4,3,2,0,0,1.0,22.39108081551713,0.0,-8.0,1.0,0.0,-0.047846594207995086,0.08974358974358976,-0.2534906315655466,3,2
perturbation_multirun_v05_open_topological_local_swap_seed101,open_topological,local_swap,101,240,62.337809678869775,25,0.8064516129032258,0,13,3,2,1,0,0,3.0,74.55992008180515,-2.0,-23.0,2.0,-2.0,-0.23506824689112982,0.1445054945054946,-0.18034634040852437,3,2
perturbation_multirun_v05_open_topological_local_swap_seed101,open_topological,local_swap,101,280,70.16040905398965,24,0.8571428571428571,0,13,3,2,1,0,0,4.0,75.77449507464327,-2.0,-25.0,-1.0,1.0,-0.28585133835129106,-0.208974358974359,-0.2796693773176219,3,2
perturbation_multirun_v05_open_topological_local_swap_seed101,open_topological,local_swap,101,320,79.36603801509355,23,0.8214285714285714,0,13,4,2,1,0,0,5.0,108.09338991525543,-3.0,-34.0,-4.0,-7.0,-0.6302603960370305,-0.16043956043956042,-0.3026899587788408,3,2
perturbation_multirun_v05_open_topological_local_swap_seed101,open_topological,local_swap,101,360,88.21414725935738,29,0.8529411764705882,0,13,4,2,1,0,0,9.0,222.5232335689929,-7.0,-63.0,-10.0,-27.0,-1.1486249528800347,-0.20396825396825397,-0.17064036214461625,3,2
perturbation_multirun_v05_open_topological_local_swap_seed101,open_topological,local_swap,101,400,98.22113114142505,29,0.8787878787878788,0,13,4,2,1,0,0,7.0,123.98732134934585,-5.0,-42.0,-4.0,-10.0,-0.6568025538682467,-0.11684981684981688,-0.21366897862778383,3,2
perturbation_multirun_v05_open_topological_local_swap_seed102,open_topological,local_swap,102,0,0.0,2,0.18181818181818182,0,3,0,0,0,0,0,0.0,2.123661305661328,0.0,1.0,0.0,0.0,0.07542843247527053,0.0,0.04823287318605751,0,0
perturbation_multirun_v05_open_topological_local_swap_seed102,open_topological,local_swap,102,40,10.229104597149107,8,0.5333333333333333,1,7,3,4,2,0,0,2.0,4.1941016498403005,1.0,0.0,0.0,0.0,0.07607995308728288,-0.10757575757575759,0.010445939177260222,4,2
perturbation_multirun_v05_open_topological_local_swap_seed102,open_topological,local_swap,102,80,20.401185474710896,20,0.7407407407407407,1,11,1,3,1,0,0,4.0,54.90528030579551,3.0,19.0,1.0,9.0,0.5550150904867537,-0.1521212121212121,-0.1981440031875411,4,2
perturbation_multirun_v05_open_topological_local_swap_seed102,open_topological,local_swap,102,120,30.875821057537546,26,0.8125,1,11,3,3,2,0,0,8.0,209.64262740484037,6.0,58.0,11.0,41.0,1.3494030353470285,-0.07666666666666655,0.21655770282666753,4,2
perturbation_multirun_v05_open_topological_local_swap_seed102,open_topological,local_swap,102,160,41.90063330508144,33,0.9705882352941176,1,12,4,1,2,0,0,11.0,222.230229097372,8.0,69.0,12.0,27.0,1.607859772773467,0.23802308802308797,0.38434623657543576,4,2
perturbation_multirun_v05_open_topological_local_swap_seed102,open_topological,local_swap,102,200,52.37055144981504,31,1.0,3,13,4,1,2,0,0,11.0,214.53122487907004,7.0,70.0,10.0,21.0,1.7430078697572902,0.18088023088023092,0.6073367784325236,4,2
perturbation_multirun_v05_open_topological_local_swap_seed102,open_topological,local_swap,102,240,61.470672009057736,31,1.0,3,13,4,1,2,0,0,11.0,206.3896384601629,7.0,68.0,9.0,21.0,1.7027730419903953,0.08941197691197694,0.5974534412605288,4,2
perturbation_multirun_v05_open_topological_local_swap_seed102,open_topological,local_swap,102,280,71.44068746851458,20,0.9090909090909091,3,13,4,1,2,0,0,8.0,84.00320710420904,4.0,37.0,3.0,6.0,1.3386654989541107,0.034595959595959624,0.629945645658973,4,2
perturbation_multirun_v05_open_topological_local_swap_seed102,open_topological,local_swap,102,320,80.74376675018337,20,0.9090909090909091,4,13,2,1,2,0,0,8.0,91.17158100613301,5.0,39.0,4.0,9.0,1.4933941025615791,0.13333333333333336,0.5448535702381014,4,2
perturbation_multirun_v05_open_topological_local_swap_seed102,open_topological,local_swap,102,360,90.13426302165708,27,0.9310344827586207,4,13,4,1,2,0,0,11.0,200.5442499656869,8.0,65.0,11.0,27.0,1.6994723994479286,0.35367965367965376,0.4910979125593333,4,2
perturbation_multirun_v05_open_topological_local_swap_seed102,open_topological,local_swap,102,400,99.55822443053626,28,0.875,4,13,4,1,2,0,0,12.0,252.2722540980785,9.0,78.0,13.0,36.0,1.555355376732562,0.20584415584415577,0.5110545655017825,4,2
perturbation_multirun_v05_open_topological_local_swap_seed103,open_topological,local_swap,103,0,0.0,2,0.18181818181818182,0,3,0,0,0,0,0,0.0,2.1211104236676372,0.0,1.0,0.0,0.0,0.07542843247527009,0.0,0.045681991192367044,0,0
perturbation_multirun_v05_open_topological_local_swap_seed103,open_topological,local_swap,103,40,10.79247058976593,3,0.23076923076923078,0,6,2,2,3,0,0,1.0,9.463236617364084,-1.0,-4.0,-1.0,-1.0,-0.3467991800845658,-0.06666666666666665,0.0497707706128504,2,3
perturbation_multirun_v05_open_topological_local_swap_seed103,open_topological,local_swap,103,80,21.112201671630775,10,0.5,0,10,3,2,3,0,0,0.0,23.759892887596187,0.0,6.0,4.0,2.0,0.4561609920353251,0.19666666666666666,0.10706522889419745,2,3
perturbation_multirun_v05_open_topological_local_swap_seed103,open_topological,local_swap,103,120,29.06103569635068,18,0.6923076923076923,0,10,1,2,4,0,0,2.0,33.24184923009618,-2.0,-13.0,1.0,0.0,-0.11316372771758543,0.0033333333333332993,0.12535216904526203,2,4
perturbation_multirun_v05_open_topological_local_swap_seed103,open_topological,local_swap,103,160,39.95018983405,21,0.6774193548387096,0,10,4,1,2,0,0,5.0,198.462624416588,-5.0,-48.0,-12.0,-37.0,-1.2263738491811313,0.009761904761904638,0.22648866264496115,2,4
perturbation_multirun_v05_open_topological_local_swap_seed103,open_topological,local_swap,103,200,50.36916546911104,26,0.65,0,11,3,2,2,0,0,4.0,215.77918037896163,-4.0,-45.0,-8.0,-39.0,-0.6159854202081503,0.016089466089466153,0.1471054926640079,2,4
perturbation_multirun_v05_open_topological_local_swap_seed103,open_topological,local_swap,103,240,60.11441179481613,24,0.5853658536585366,0,11,4,1,2,0,0,4.0,249.0003293226769,-4.0,-47.0,-14.0,-60.0,-0.7963305066445594,-0.08679653679653676,0.11720227923578136,2,4
perturbation_multirun_v05_open_topological_local_swap_seed103,open_topological,local_swap,103,280,71.34015664695673,21,0.5384615384615384,0,11,2,1,2,0,0,5.0,231.99915105990019,-5.0,-49.0,-11.0,-55.0,-0.8599434493344624,0.02056277056277056,0.11864484000296566,2,4
perturbation_multirun_v05_open_topological_local_swap_seed103,open_topological,local_swap,103,320,78.64405401267065,29,0.6444444444444445,0,12,3,2,2,0,0,5.0,274.9984949209102,-5.0,-55.0,-11.0,-61.0,-0.8919830586597675,-0.017923280423280397,0.08858858182715801,2,4
perturbation_multirun_v05_open_topological_local_swap_seed103,open_topological,local_swap,103,360,92.81185816293046,30,0.6122448979591837,0,13,3,2,2,0,0,6.0,398.18483047971,-6.0,-75.0,-17.0,-90.0,-1.0975511612227224,0.06684981684981683,0.020429501637449055,2,4
perturbation_multirun_v05_open_topological_local_swap_seed103,open_topological,local_swap,103,400,101.74773533405344,41,0.7192982456140351,0,14,4,2,2,0,0,7.0,516.5192015523005,-7.0,-92.0,-27.0,-131.0,-1.4037515503589297,-0.042176870748299344,-0.07327313119323964,2,4
perturbation_multirun_v05_open_topological_add_chord_seed101,open_topological,add_chord,101,0,0.0,1,0.09090909090909091,0,2,0,0,0,0,0,1.0,7.557815188248869,1.0,4.0,1.0,0.0,0.38838720971809537,0.16666666666666666,0.0027613118641064416,0,0
perturbation_multirun_v05_open_topological_add_chord_seed101,open_topological,add_chord,101,40,11.44752708346374,12,0.631578947368421,0,10,4,2,2,0,0,0.0,25.594911184529618,0.0,-6.0,-2.0,2.0,-0.286634081469725,-0.2633333333333333,-0.04494376972655856,2,2
perturbation_multirun_v05_open_topological_add_chord_seed101,open_topological,add_chord,101,80,23.169699301571075,19,0.9047619047619048,0,10,4,2,2,0,0,1.0,14.35304140039859,1.0,-1.0,1.0,1.0,-0.05311792537497739,0.10333333333333333,-0.19659014169027955,2,2
perturbation_multirun_v05_open_topological_add_chord_seed101,open_topological,add_chord,101,120,33.06012891730607,19,0.7916666666666666,0,11,2,3,2,0,0,1.0,33.48438393920647,1.0,10.0,2.0,1.0,0.3449129197881051,0.12121212121212119,-0.0182588982062436,3,2
perturbation_multirun_v05_open_topological_add_chord_seed101,open_topological,add_chord,101,160,43.71377425449211,20,0.8695652173913043,0,11,4,2,2,0,0,2.0,23.789157699711144,1.0,10.0,0.0,1.0,0.26547986244895183,-0.044444444444444446,0.4792333928177459,3,2
perturbation_multirun_v05_open_topological_add_chord_seed101,open_topological,add_chord,101,200,53.32331141047402,20,0.7692307692307693,0,12,2,3,2,0,0,4.0,46.94661805841667,3.0,21.0,3.0,2.0,0.5287293302353238,0.1538461538461538,0.2640425743351906,3,2
perturbation_multirun_v05_open_topological_add_chord_seed101,open_topological,add_chord,101,240,62.337809678869775,27,0.7941176470588235,0,13,3,2,2,0,0,1.0,11.598756279357918,0.0,7.0,0.0,2.0,0.07985223128006336,-0.1529304029304029,0.365973645147451,3,2
perturbation_multirun_v05_open_topological_add_chord_seed101,open_topological,add_chord,101,280,70.16040905398965,29,0.8529411764705882,0,13,4,2,2,0,0,3.0,29.981935610439713,2.0,15.0,2.0,10.0,0.35818309543587024,-0.23974358974358978,0.38400892526025465,3,2
perturbation_multirun_v05_open_topological_add_chord_seed101,open_topological,add_chord,101,320,79.36603801509355,27,0.7941176470588235,0,13,3,2,2,0,0,3.0,33.535957466208224,2.0,15.0,1.0,5.0,0.18905168321653143,-0.06117216117216118,0.28573362181952777,3,2
perturbation_multirun_v05_open_topological_add_chord_seed101,open_topological,add_chord,101,360,88.21414725935738,35,0.7954545454545454,0,13,2,2,2,0,0,5.0,143.93739000123128,4.0,39.0,4.0,31.0,0.5436925286564778,-0.11953601953601944,0.274161453038791,3,2
perturbation_multirun_v05_open_topological_add_chord_seed101,open_topological,add_chord,101,400,98.22113114142505,36,0.8372093023255814,0,13,4,2,2,0,0,6.0,276.41865810316307,5.0,62.0,14.0,49.0,1.1387309402225307,0.05170940170940169,0.22821776123113424,3,2
perturbation_multirun_v05_open_topological_add_chord_seed102,open_topological,add_chord,102,0,0.0,1,0.09090909090909091,0,2,0,0,0,0,0,1.0,7.5603660702425595,1.0,4.0,1.0,0.0,0.38838720971809537,0.16666666666666666,0.005312193857797021,0,0
perturbation_multirun_v05_open_topological_add_chord_seed102,open_topological,add_chord,102,40,10.229104597149107,9,0.5625,0,7,4,4,2,0,0,1.0,16.326621632544267,1.0,6.0,0.0,0.0,0.221260006323305,-0.003030303030303022,0.10233132319066007,4,2
perturbation_multirun_v05_open_topological_add_chord_seed102,open_topological,add_chord,102,80,20.401185474710896,20,0.7407407407407407,0,10,4,3,2,0,0,2.0,79.85042187073691,2.0,20.0,4.0,9.0,0.6665299143155887,-0.013636363636363669,-0.17025559278495994,4,2
perturbation_multirun_v05_open_topological_add_chord_seed102,open_topological,add_chord,102,120,30.875821057537546,19,0.7037037037037037,0,11,4,3,2,0,0,3.0,65.69742610106091,2.0,23.0,-2.0,-2.0,0.20570119793022235,-0.18484848484848482,0.3068764182822037,4,2
perturbation_multirun_v05_open_topological_add_chord_seed102,open_topological,add_chord,102,160,41.90063330508144,23,0.8214285714285714,1,12,4,1,1,0,0,9.0,174.8618449486679,6.0,56.0,7.0,17.0,1.2919144788788994,0.0678932178932179,0.5020372518957978,4,2
perturbation_multirun_v05_open_topological_add_chord_seed102,open_topological,add_chord,102,200,52.37055144981504,25,0.8928571428571429,3,13,4,1,2,0,0,11.0,232.7410245728161,7.0,73.0,12.0,27.0,1.9285131551563066,0.1146103896103896,0.6979010280493857,4,2
perturbation_multirun_v05_open_topological_add_chord_seed102,open_topological,add_chord,102,240,61.470672009057736,25,0.8928571428571429,3,13,4,1,2,0,0,11.0,225.5680982637475,7.0,72.0,9.0,22.0,1.7605669814902503,0.15131673881673885,0.6562145434404879,4,2
perturbation_multirun_v05_open_topological_add_chord_seed102,open_topological,add_chord,102,280,71.44068746851458,19,0.8636363636363636,3,12,3,1,2,0,0,9.0,178.67709111809324,5.0,57.0,5.0,7.0,1.69488660920852,0.3095959595959596,0.672608549288775,4,2
perturbation_multirun_v05_open_topological_add_chord_seed102,open_topological,add_chord,102,320,80.74376675018337,20,0.9090909090909091,3,13,3,1,2,0,0,8.0,97.94358982436434,4.0,39.0,2.0,6.0,1.24153878462992,0.04094516594516595,0.661105873789246,4,2
perturbation_multirun_v05_open_topological_add_chord_seed102,open_topological,add_chord,102,360,90.13426302165708,21,0.8076923076923077,3,13,3,1,2,0,0,11.0,196.0231726201748,7.0,66.0,5.0,17.0,1.377781069425033,0.07705627705627704,0.5683352736934895,4,2
perturbation_multirun_v05_open_topological_add_chord_seed102,open_topological,add_chord,102,400,99.55822443053626,27,0.84375,3,13,3,1,2,0,0,13.0,275.9935035104282,9.0,84.0,8.0,21.0,1.2848340434638956,0.13905723905723905,0.5696122279070477,4,2
perturbation_multirun_v05_open_topological_add_chord_seed103,open_topological,add_chord,103,0,0.0,1,0.09090909090909091,0,2,0,0,0,0,0,1.0,7.5862978053955015,1.0,4.0,1.0,0.0,0.3883872097180958,0.16666666666666666,0.031243929010739246,0,0
perturbation_multirun_v05_open_topological_add_chord_seed103,open_topological,add_chord,103,40,10.79247058976593,2,0.15384615384615385,0,6,2,2,3,0,0,0.0,4.398912544834588,0.0,-1.0,0.0,-1.0,-0.27979200335999144,0.1,0.01912054147459652,2,3
perturbation_multirun_v05_open_topological_add_chord_seed103,open_topological,add_chord,103,80,21.112201671630775,10,0.5,0,10,2,2,3,0,0,0.0,23.759892887596187,0.0,6.0,4.0,2.0,0.4561609920353251,0.19666666666666666,0.10706522889419745,2,3
perturbation_multirun_v05_open_topological_add_chord_seed103,open_topological,add_chord,103,120,29.06103569635068,16,0.64,0,10,2,2,3,0,0,2.0,24.2865187443406,-2.0,-10.0,1.0,0.0,-0.0455907148193635,-0.1100000000000001,0.1309280295212366,2,3
perturbation_multirun_v05_open_topological_add_chord_seed103,open_topological,add_chord,103,160,39.95018983405,17,0.5666666666666667,0,10,3,1,2,0,0,3.0,109.7648437586806,-3.0,-26.0,-5.0,-22.0,-0.5328426549352985,0.0407142857142857,0.19128681803101089,2,3
perturbation_multirun_v05_open_topological_add_chord_seed103,open_topological,add_chord,103,200,50.36916546911104,22,0.5789473684210527,0,11,2,2,2,0,0,4.0,180.91715342945517,-4.0,-37.0,-11.0,-45.0,-0.6312435896281423,-0.10339105339105337,0.1825187864359809,2,3
perturbation_multirun_v05_open_topological_add_chord_seed103,open_topological,add_chord,103,240,60.11441179481613,25,0.5952380952380952,0,11,4,1,2,0,0,3.0,206.99494113586283,-3.0,-37.0,-13.0,-49.0,-0.6449633371679688,-0.20606060606060606,0.14391719263425823,2,3
perturbation_multirun_v05_open_topological_add_chord_seed103,open_topological,add_chord,103,280,71.34015664695673,22,0.5365853658536586,0,11,4,1,2,0,0,2.0,45.15910237208415,-2.0,-12.0,1.0,-3.0,-0.02967007233541885,-0.005844155844155874,0.12358814390457257,2,3
perturbation_multirun_v05_open_topological_add_chord_seed103,open_topological,add_chord,103,320,78.64405401267065,22,0.5116279069767442,0,12,3,2,2,0,0,2.0,111.39552691210916,-2.0,-21.0,-4.0,-16.0,-0.22361579957138122,-0.0710978835978836,0.10081322893990319,2,3
perturbation_multirun_v05_open_topological_add_chord_seed103,open_topological,add_chord,103,360,92.81185816293046,24,0.5,0,13,3,2,2,0,0,2.0,116.31926417455857,-2.0,-21.0,-4.0,-9.0,-0.14451759419734778,-0.07545787545787541,0.09928870490334918,2,3
perturbation_multirun_v05_open_topological_add_chord_seed103,open_topological,add_chord,103,400,101.74773533405344,30,0.5555555555555556,0,14,4,2,2,0,0,2.0,82.23823160180712,-2.0,-17.0,-2.0,-7.0,-0.07542711714717054,-0.047392290249433255,0.11541219441051076,2,3
perturbation_multirun_v05_aggressive_triad_delete_local_swap_seed101,aggressive_triad_delete,local_swap,101,0,0.0,2,0.18181818181818182,0,3,0,0,0,0,0,0.0,2.123661305661328,0.0,1.0,0.0,0.0,0.07542843247527053,0.0,0.04823287318605751,0,0
perturbation_multirun_v05_aggressive_triad_delete_local_swap_seed101,aggressive_triad_delete,local_swap,101,40,11.44752708346374,2,0.1,0,3,0,1,1,0,0,0.0,3.080931330231821,0.0,1.0,0.0,0.0,0.005216490035897081,0.03333333333333344,0.042381506862590346,1,1
perturbation_multirun_v05_aggressive_triad_delete_local_swap_seed101,aggressive_triad_delete,local_swap,101,80,23.169699301571075,7,0.28,0,9,4,2,2,0,0,3.0,112.92861201410098,3.0,26.0,9.0,30.0,0.6862252148915076,0.19428571428571428,-0.04810108492375986,2,2
perturbation_multirun_v05_aggressive_triad_delete_local_swap_seed101,aggressive_triad_delete,local_swap,101,120,33.06012891730607,15,0.39473684210526316,0,10,3,2,1,0,0,1.0,123.5221655367354,1.0,20.0,7.0,32.0,0.3745743280529057,0.12424242424242427,0.02334878444007049,2,2
perturbation_multirun_v05_aggressive_triad_delete_local_swap_seed101,aggressive_triad_delete,local_swap,101,160,43.71377425449211,18,0.4,0,11,4,2,2,0,0,2.0,140.54143536790062,2.0,23.0,8.0,41.0,0.3123110641129614,0.1964285714285715,-0.032695732359095175,2,2
perturbation_multirun_v05_aggressive_triad_delete_local_swap_seed101,aggressive_triad_delete,local_swap,101,200,53.32331141047402,29,0.4915254237288136,0,13,3,2,2,0,0,3.0,320.5853328868802,3.0,46.0,13.0,87.0,0.4707818997794462,0.08601953601953594,0.028531451081222403,2,2
perturbation_multirun_v05_aggressive_triad_delete_local_swap_seed101,aggressive_triad_delete,local_swap,101,240,62.337809678869775,34,0.53125,0,13,4,2,1,0,0,4.0,249.3957057059162,4.0,44.0,7.0,66.0,0.33151029028703327,-0.050283050283050246,0.013912365346127886,2,2
perturbation_multirun_v05_aggressive_triad_delete_local_swap_seed101,aggressive_triad_delete,local_swap,101,280,70.16040905398965,29,0.47540983606557374,0,13,3,2,1,0,0,7.0,579.9564703145089,7.0,90.0,24.0,133.0,0.7196061913572889,0.1996281496281498,-0.03723597352346775,2,2
perturbation_multirun_v05_aggressive_triad_delete_local_swap_seed101,aggressive_triad_delete,local_swap,101,320,79.36603801509355,31,0.484375,0,13,2,2,1,0,0,7.0,703.1329718822909,7.0,103.0,29.0,201.0,1.022251474752685,0.07311022311022297,-0.03761018442806374,2,2
perturbation_multirun_v05_aggressive_triad_delete_local_swap_seed101,aggressive_triad_delete,local_swap,101,360,88.21414725935738,28,0.4666666666666667,0,13,2,2,1,0,0,8.0,815.5567672971056,8.0,120.0,36.0,224.0,1.3352749960296961,0.11565101565101565,-0.10584128542491655,2,2
perturbation_multirun_v05_aggressive_triad_delete_local_swap_seed101,aggressive_triad_delete,local_swap,101,400,98.22113114142505,29,0.4393939393939394,0,13,4,1,1,0,0,7.0,916.4034759433151,7.0,119.0,42.0,286.0,1.2096737835772648,0.14140304140304139,-0.052399118334792605,2,2
perturbation_multirun_v05_aggressive_triad_delete_local_swap_seed102,aggressive_triad_delete,local_swap,102,0,0.0,2,0.18181818181818182,0,3,0,0,0,0,0,0.0,2.123661305661328,0.0,1.0,0.0,0.0,0.07542843247527053,0.0,0.04823287318605751,0,0
perturbation_multirun_v05_aggressive_triad_delete_local_swap_seed102,aggressive_triad_delete,local_swap,102,40,10.229104597149107,12,0.48,0,11,3,2,2,0,0,0.0,16.301685501808063,0.0,3.0,2.0,-1.0,0.1292644985025082,0.12727272727272726,-0.045148276032825674,2,2
perturbation_multirun_v05_aggressive_triad_delete_local_swap_seed102,aggressive_triad_delete,local_swap,102,80,20.401185474710896,19,0.7037037037037037,1,11,3,2,2,0,0,1.0,21.237420185554207,0.0,5.0,-1.0,-5.0,-0.11480465578629495,0.011558441558441546,0.11105708820947024,2,2
perturbation_multirun_v05_aggressive_triad_delete_local_swap_seed102,aggressive_triad_delete,local_swap,102,120,30.875821057537546,19,0.6551724137931034,1,11,4,3,2,0,0,3.0,53.38349554408263,2.0,17.0,3.0,5.0,0.3349041416683569,0.029090909090909056,0.019500493323364676,3,2
perturbation_multirun_v05_aggressive_triad_delete_local_swap_seed102,aggressive_triad_delete,local_swap,102,160,41.90063330508144,22,0.7586206896551724,3,12,4,3,3,0,0,4.0,36.285351740881545,3.0,16.0,2.0,4.0,0.2414883597684705,-0.018484848484848493,-0.025378532628228423,3,3
perturbation_multirun_v05_aggressive_triad_delete_local_swap_seed102,aggressive_triad_delete,local_swap,102,200,52.37055144981504,26,0.8387096774193549,3,13,3,2,3,0,0,2.0,18.491098361485477,0.0,7.0,0.0,-2.0,-0.07327713975548367,0.030808080808080784,0.3870131409219114,3,3
perturbation_multirun_v05_aggressive_triad_delete_local_swap_seed102,aggressive_triad_delete,local_swap,102,240,61.470672009057736,33,0.8048780487804879,3,13,3,2,2,0,0,3.0,75.83675635670009,-1.0,8.0,-5.0,-21.0,-0.2708359393812385,0.07763347763347761,0.48828693968538184,3,3
perturbation_multirun_v05_aggressive_triad_delete_local_swap_seed102,aggressive_triad_delete,local_swap,102,280,71.44068746851458,32,0.8205128205128205,4,13,3,2,2,0,0,2.0,38.60585679968833,-1.0,1.0,-5.0,-18.0,-0.29181029320929497,0.04523809523809519,0.2688084112409411,3,3
perturbation_multirun_v05_aggressive_triad_delete_local_swap_seed102,aggressive_triad_delete,local_swap,102,320,80.74376675018337,35,0.7608695652173914,4,13,4,1,2,0,0,3.0,126.08056848368709,-2.0,-16.0,-13.0,-60.0,-0.6604889868293737,-0.04826839826839824,0.3718110985893214,3,3
perturbation_multirun_v05_aggressive_triad_delete_local_swap_seed102,aggressive_triad_delete,local_swap,102,360,90.13426302165708,39,0.78,4,13,3,2,2,0,0,3.0,103.01993575495918,-2.0,-12.0,-14.0,-69.0,-0.580711128061906,-0.011471861471861522,0.42775276542541585,3,3
perturbation_multirun_v05_aggressive_triad_delete_local_swap_seed102,aggressive_triad_delete,local_swap,102,400,99.55822443053626,39,0.7959183673469388,4,13,3,2,2,0,0,1.0,52.700372420248435,0.0,2.0,-10.0,-40.0,-0.36546581882692575,-0.07640692640692637,0.25849967501458493,3,3
perturbation_multirun_v05_aggressive_triad_delete_local_swap_seed103,aggressive_triad_delete,local_swap,103,0,0.0,2,0.18181818181818182,0,3,0,0,0,0,0,0.0,2.1211104236676372,0.0,1.0,0.0,0.0,0.07542843247527009,0.0,0.045681991192367044,0,0
perturbation_multirun_v05_aggressive_triad_delete_local_swap_seed103,aggressive_triad_delete,local_swap,103,40,10.79247058976593,5,0.29411764705882354,1,9,4,2,3,0,0,1.0,3.3854994706679995,0.0,2.0,0.0,0.0,0.07209183637545857,-0.22666666666666663,0.08674096762587424,2,3
perturbation_multirun_v05_aggressive_triad_delete_local_swap_seed103,aggressive_triad_delete,local_swap,103,80,21.112201671630775,12,0.5714285714285714,1,10,3,2,2,0,0,4.0,75.92546877279804,3.0,25.0,3.0,10.0,0.667415594315667,-0.22777777777777775,0.030275400704599886,2,3
perturbation_multirun_v05_aggressive_triad_delete_local_swap_seed103,aggressive_triad_delete,local_swap,103,120,29.06103569635068,15,0.8333333333333334,2,10,4,2,2,0,0,3.0,11.385050146022365,1.0,7.0,0.0,0.0,0.1316334844705711,-0.05833333333333335,0.19508332821846158,2,3
perturbation_multirun_v05_aggressive_triad_delete_local_swap_seed103,aggressive_triad_delete,local_swap,103,160,39.95018983405,20,0.9523809523809523,3,10,3,2,1,0,0,4.0,40.807474277394526,3.0,16.0,4.0,8.0,0.7667761813146425,-0.01712962962962966,-0.023568466450256287,2,3
perturbation_multirun_v05_aggressive_triad_delete_local_swap_seed103,aggressive_triad_delete,local_swap,103,200,50.36916546911104,18,0.9473684210526315,5,11,1,2,1,0,0,4.0,22.9864617613277,1.0,11.0,1.0,2.0,0.33833987383713415,-0.24761904761904757,0.4005028398715186,2,3
perturbation_multirun_v05_aggressive_triad_delete_local_swap_seed103,aggressive_triad_delete,local_swap,103,240,60.11441179481613,21,0.9130434782608695,5,11,3,2,2,0,0,7.0,108.6238597681327,4.0,35.0,8.0,19.0,1.185108706256396,-0.14571428571428563,0.2930367761620195,2,3
perturbation_multirun_v05_aggressive_triad_delete_local_swap_seed103,aggressive_triad_delete,local_swap,103,280,71.34015664695673,21,0.9130434782608695,5,11,2,2,1,0,0,7.0,67.96006923815291,4.0,27.0,5.0,7.0,0.7081582209095147,-0.005714285714285672,0.2461967315291102,2,3
perturbation_multirun_v05_aggressive_triad_delete_local_swap_seed103,aggressive_triad_delete,local_swap,103,320,78.64405401267065,26,0.8387096774193549,5,12,4,2,1,0,0,14.0,301.42934523073075,11.0,84.0,22.0,70.0,2.3253351731498273,-0.05476190476190468,0.04924815281901802,2,3
perturbation_multirun_v05_aggressive_triad_delete_local_swap_seed103,aggressive_triad_delete,local_swap,103,360,92.81185816293046,30,0.8571428571428571,6,13,3,2,2,0,0,16.0,364.40904314425893,12.0,96.0,25.0,83.0,2.097510993541193,0.24464285714285705,0.06688929357489976,2,3
perturbation_multirun_v05_aggressive_triad_delete_local_swap_seed103,aggressive_triad_delete,local_swap,103,400,101.74773533405344,31,0.8857142857142857,8,14,3,2,2,0,0,13.0,275.00358464386807,9.0,78.0,14.0,56.0,1.505418958510636,-0.1884920634920635,0.30967362186538566,2,3
perturbation_multirun_v05_aggressive_triad_delete_add_chord_seed101,aggressive_triad_delete,add_chord,101,0,0.0,1,0.09090909090909091,0,2,0,0,0,0,0,1.0,7.557815188248869,1.0,4.0,1.0,0.0,0.38838720971809537,0.16666666666666666,0.0027613118641064416,0,0
perturbation_multirun_v05_aggressive_triad_delete_add_chord_seed101,aggressive_triad_delete,add_chord,101,40,11.44752708346374,2,0.1,0,4,1,1,1,0,0,0.0,3.080931330231821,0.0,1.0,0.0,0.0,0.005216490035897081,0.03333333333333344,0.042381506862590346,1,1
perturbation_multirun_v05_aggressive_triad_delete_add_chord_seed101,aggressive_triad_delete,add_chord,101,80,23.169699301571075,6,0.25,0,8,3,2,2,0,0,2.0,53.647032450136734,2.0,12.0,7.0,21.0,0.4353014506120161,0.18238095238095242,-0.029350047143764768,2,2
perturbation_multirun_v05_aggressive_triad_delete_add_chord_seed101,aggressive_triad_delete,add_chord,101,120,33.06012891730607,17,0.4473684210526316,0,11,2,3,1,0,0,1.0,35.38129780408034,-1.0,-1.0,5.0,11.0,0.13455247066134746,0.15295815295815296,0.09378718046084261,3,2
perturbation_multirun_v05_aggressive_triad_delete_add_chord_seed101,aggressive_triad_delete,add_chord,101,160,43.71377425449211,27,0.5510204081632653,0,12,4,2,2,0,0,1.0,36.338195835911456,1.0,1.0,-5.0,-26.0,-0.18506361830770413,0.10330687830687824,-0.04982533929687638,3,2
perturbation_multirun_v05_aggressive_triad_delete_add_chord_seed101,aggressive_triad_delete,add_chord,101,200,53.32331141047402,36,0.5901639344262295,0,13,2,2,2,0,0,0.0,32.24247924644637,0.0,-5.0,-4.0,-19.0,-0.1199166658676516,0.011327561327561297,0.11123501925115692,3,2
perturbation_multirun_v05_aggressive_triad_delete_add_chord_seed101,aggressive_triad_delete,add_chord,101,240,62.337809678869775,35,0.5555555555555556,0,13,2,2,1,0,0,1.0,83.25631499417304,1.0,13.0,4.0,30.0,0.1566698804028741,0.00811965811965809,0.09152545565050946,3,2
perturbation_multirun_v05_aggressive_triad_delete_add_chord_seed101,aggressive_triad_delete,add_chord,101,280,70.16040905398965,30,0.5,0,13,3,2,2,0,0,4.0,184.3914382591638,4.0,38.0,8.0,27.0,0.22175732459655872,0.11318681318681323,-0.056494121380432805,3,2
perturbation_multirun_v05_aggressive_triad_delete_add_chord_seed101,aggressive_triad_delete,add_chord,101,320,79.36603801509355,28,0.45901639344262296,0,13,3,2,1,0,0,4.0,551.1138313377281,4.0,74.0,29.0,176.0,0.9168229752722423,0.1648795648795649,-0.032128797576309764,3,2
perturbation_multirun_v05_aggressive_triad_delete_add_chord_seed101,aggressive_triad_delete,add_chord,101,360,88.21414725935738,37,0.5967741935483871,0,13,3,2,2,0,0,3.0,449.0399059493187,3.0,61.0,23.0,135.0,0.8883145195890769,0.06312576312576323,-0.08846566660388827,3,2
perturbation_multirun_v05_aggressive_triad_delete_add_chord_seed101,aggressive_triad_delete,add_chord,101,400,98.22113114142505,30,0.46875,0,13,4,1,2,0,0,2.0,398.7934800172174,2.0,47.0,21.0,126.0,0.6080045257292594,0.1267565767565767,-0.0587189147315737,3,2
perturbation_multirun_v05_aggressive_triad_delete_add_chord_seed102,aggressive_triad_delete,add_chord,102,0,0.0,1,0.09090909090909091,0,2,0,0,0,0,0,1.0,7.5603660702425595,1.0,4.0,1.0,0.0,0.38838720971809537,0.16666666666666666,0.005312193857797021,0,0
perturbation_multirun_v05_aggressive_triad_delete_add_chord_seed102,aggressive_triad_delete,add_chord,102,40,10.229104597149107,13,0.5,0,10,2,2,3,0,0,1.0,72.96000486654727,1.0,16.0,7.0,5.0,0.5261916572851137,0.40497835497835505,-0.028834854283793176,2,3
perturbation_multirun_v05_aggressive_triad_delete_add_chord_seed102,aggressive_triad_delete,add_chord,102,80,20.401185474710896,20,0.6896551724137931,1,11,3,2,2,0,0,4.0,55.36369094875892,3.0,18.0,3.0,5.0,0.3230949869670523,-0.021991341991342006,0.01860461980052719,2,3
perturbation_multirun_v05_aggressive_triad_delete_add_chord_seed102,aggressive_triad_delete,add_chord,102,120,30.875821057537546,26,0.7647058823529411,1,11,3,3,2,0,0,6.0,83.53968967959945,5.0,30.0,1.0,12.0,0.40105844859153894,-0.03281385281385285,-0.10581737819405368,3,3
perturbation_multirun_v05_aggressive_triad_delete_add_chord_seed102,aggressive_triad_delete,add_chord,102,160,41.90063330508144,23,0.7419354838709677,2,11,3,2,1,0,0,7.0,114.77475093907131,5.0,37.0,2.0,12.0,0.533522097681784,-0.06841269841269837,0.17281614297682146,3,3
perturbation_multirun_v05_aggressive_triad_delete_add_chord_seed102,aggressive_triad_delete,add_chord,102,200,52.37055144981504,28,0.8235294117647058,2,13,2,2,2,0,0,6.0,64.57114953352692,3.0,25.0,2.0,1.0,0.012277358514745984,0.13709623709623708,0.4217759379159416,3,3
perturbation_multirun_v05_aggressive_triad_delete_add_chord_seed102,aggressive_triad_delete,add_chord,102,240,61.470672009057736,32,0.7441860465116279,2,13,3,2,2,0,0,6.0,111.50489188695569,3.0,35.0,-1.0,-3.0,0.03816063950459281,-0.036713286713286664,0.43001796073780574,3,3
perturbation_multirun_v05_aggressive_triad_delete_add_chord_seed102,aggressive_triad_delete,add_chord,102,280,71.44068746851458,36,0.8181818181818182,2,13,3,2,2,0,0,6.0,189.89106262192013,3.0,47.0,5.0,19.0,0.45960574832247225,-0.053141303141303164,0.3783155704563622,3,3
perturbation_multirun_v05_aggressive_triad_delete_add_chord_seed102,aggressive_triad_delete,add_chord,102,320,80.74376675018337,38,0.7450980392156863,3,13,3,1,1,0,0,6.0,175.52923467958286,4.0,45.0,1.0,-4.0,0.07523311933985344,0.08412097162097165,0.3698805886220181,3,3
perturbation_multirun_v05_aggressive_triad_delete_add_chord_seed102,aggressive_triad_delete,add_chord,102,360,90.13426302165708,45,0.8035714285714286,3,13,3,2,1,0,0,5.0,161.60190677625226,3.0,32.0,-8.0,-36.0,-0.19705643663184969,-0.019648869648869693,0.3852014699715309,3,3
perturbation_multirun_v05_aggressive_triad_delete_add_chord_seed102,aggressive_triad_delete,add_chord,102,400,99.55822443053626,40,0.7547169811320755,3,13,4,2,1,0,0,8.0,168.4048842614916,6.0,55.0,-3.0,-2.0,0.09008564215733816,-0.048394660894660935,0.2664039584395883,3,3
perturbation_multirun_v05_aggressive_triad_delete_add_chord_seed103,aggressive_triad_delete,add_chord,103,0,0.0,1,0.09090909090909091,0,2,0,0,0,0,0,1.0,7.5862978053955015,1.0,4.0,1.0,0.0,0.3883872097180958,0.16666666666666666,0.031243929010739246,0,0
perturbation_multirun_v05_aggressive_triad_delete_add_chord_seed103,aggressive_triad_delete,add_chord,103,40,10.79247058976593,6,0.3333333333333333,1,9,3,2,3,0,0,2.0,20.542408199813114,1.0,8.0,2.0,3.0,0.30304580257916136,-0.16666666666666663,0.07269573056728429,2,3
perturbation_multirun_v05_aggressive_triad_delete_add_chord_seed103,aggressive_triad_delete,add_chord,103,80,21.112201671630775,13,0.5909090909090909,1,10,3,2,2,0,0,5.0,84.04261333433257,4.0,29.0,3.0,14.0,0.7442474039780809,-0.29111111111111115,0.0072548192433811165,2,3
perturbation_multirun_v05_aggressive_triad_delete_add_chord_seed103,aggressive_triad_delete,add_chord,103,120,29.06103569635068,18,0.8571428571428571,2,10,3,2,1,0,0,6.0,48.689788496742466,4.0,21.0,0.0,9.0,0.5618241118215321,-0.10166666666666668,0.02629771825426508,2,3
perturbation_multirun_v05_aggressive_triad_delete_add_chord_seed103,aggressive_triad_delete,add_chord,103,160,39.95018983405,13,0.7222222222222222,2,10,3,2,1,0,0,5.0,29.790442317301682,3.0,15.0,2.0,5.0,0.5627054538802247,-0.15416666666666667,0.07357019675478965,2,3
perturbation_multirun_v05_aggressive_triad_delete_add_chord_seed103,aggressive_triad_delete,add_chord,103,200,50.36916546911104,12,0.75,5,11,3,2,2,0,0,4.0,18.983484823460056,1.0,9.0,-1.0,3.0,0.2078993490471328,-0.38095238095238093,0.3946330934605419,2,3
perturbation_multirun_v05_aggressive_triad_delete_add_chord_seed103,aggressive_triad_delete,add_chord,103,240,60.11441179481613,15,0.7894736842105263,4,10,4,2,3,0,0,5.0,45.87506652619618,3.0,19.0,2.0,7.0,0.5678151817619073,-0.1375661375661375,0.16968520686813693,2,3
perturbation_multirun_v05_aggressive_triad_delete_add_chord_seed103,aggressive_triad_delete,add_chord,103,280,71.34015664695673,17,0.8095238095238095,4,10,3,2,2,0,0,7.0,113.40478283009111,5.0,36.0,9.0,22.0,1.2664153734207257,0.0365079365079366,0.10185952016244466,2,3
perturbation_multirun_v05_aggressive_triad_delete_add_chord_seed103,aggressive_triad_delete,add_chord,103,320,78.64405401267065,24,0.8275862068965517,4,11,4,2,2,0,0,12.0,325.893282625043,10.0,84.0,24.0,85.0,2.501054080882365,-0.31666666666666665,0.07556187749396605,2,3
perturbation_multirun_v05_aggressive_triad_delete_add_chord_seed103,aggressive_triad_delete,add_chord,103,360,92.81185816293046,29,0.8285714285714286,5,12,3,2,2,0,0,17.0,498.6587314461874,14.0,121.0,33.0,124.0,2.5618512236665145,0.06904761904761902,-0.02783260347328015,2,3
perturbation_multirun_v05_aggressive_triad_delete_add_chord_seed103,aggressive_triad_delete,add_chord,103,400,101.74773533405344,30,0.8571428571428571,6,13,4,2,2,0,0,14.0,289.95591339305287,10.0,84.0,15.0,59.0,1.5623563533361988,-0.16904761904761906,0.22450942066903734,2,3
