candidate_name,ensemble,target_nodes,growth_seed,runs,mean_final_radius_control,mean_avg_local_overlap,mean_fit_speed_control,initial_avg_degree,initial_beta1_per_node,initial_triangles_per_node,initial_spectral_per_sqrtN,initial_dim_proxy,initial_clustering,mean_abs_delta_nodes_rel,mean_abs_delta_beta1_rel,mean_abs_delta_spectral_radius_rel,mean_abs_delta_dim_proxy_rel,mean_abs_delta_triangles_rel,mean_abs_delta_clustering_rel,mean_abs_delta_tokens_rel
band_death_0005,natural192_deep,192,47001,4,8.5,0.5261833750964594,0.30919360728730455,2.3125,0.16145833333333334,0.15104166666666666,0.3049272788883675,2.408635475103477,0.1113040293040293,0.0,0.0,0.020920719069931138,0.03372396610231534,0.07758620689655173,0.053030219924513414,0.3125
band_death_0005,natural192_deep,192,47024,4,11.75,0.6542334593183803,0.3128524056689867,2.2708333333333335,0.140625,0.109375,0.29837677921212113,2.8519942607257764,0.11412698412698413,0.0,0.0,0.021801193202661908,0.002375159443596608,0.05952380952380952,0.07501159017153457,0.21428571428571427
band_death_0005,natural192_deep,192,47047,4,9.0,0.5320639127558267,0.2802573945569136,2.2083333333333335,0.109375,0.09375,0.30376596127174194,2.642456035170426,0.1101094831094831,0.0,0.0,0.008918802004071672,0.06629182044251959,0.027777777777777776,0.08004592851509562,0.4444444444444444
band_death_0005,natural192_deep,192,47070,4,5.25,0.887313867251733,0.1629610417968,2.21875,0.11458333333333333,0.10416666666666667,0.2936450769292351,2.1864177993581007,0.12597354497354496,0.0,0.0,0.006013573290472413,0.0,0.025,0.04286194296274519,0.15000000000000002
band_death_0005,natural256_deep,256,47001,4,8.5,0.6743167428810398,0.2691796285340724,2.2421875,0.125,0.1015625,0.29328425873761005,2.0831957629323807,0.10012528212528213,0.0,0.0,0.01809014483965008,0.026814940368777206,0.028846153846153848,0.023489090886246775,0.175
band_death_0005,natural256_deep,256,47024,4,7.0,0.3798337117926285,0.17916162385169737,2.265625,0.13671875,0.1328125,0.3061692887310588,2.585574912038329,0.13193602693602693,0.0,0.0,0.007329410296765961,0.019754965557277376,0.044117647058823525,0.035922581947846685,1.1666666666666667
band_death_0005,natural256_deep,256,47047,4,8.25,0.7373870589951027,0.25982715833043724,2.34375,0.17578125,0.16796875,0.2762936708710489,1.9597041034549476,0.17000769600769602,0.0,0.022222222222222223,0.004241142814345505,0.010306750437375648,0.029069767441860465,0.027908789461473613,0.2272727272727273
band_death_0005,natural256_deep,256,47070,4,10.5,0.5061898705823262,0.22584338090256414,2.15625,0.08203125,0.078125,0.23587202501712712,1.725869721025121,0.07361904761904761,0.0,0.0,0.009258640346966194,0.027571515068832906,0.037500000000000006,0.04125504723822961,0.4444444444444444
band_death_0005,natural48_deep,48,47001,4,5.75,0.5984459762251291,0.20913442576648966,2.25,0.14583333333333334,0.125,0.5048844095447762,2.049341249767653,0.1418154761904762,0.0,0.0,0.010654372094925996,0.04039441145581783,0.041666666666666664,0.02989485405914724,0.16666666666666666
band_death_0005,natural48_deep,48,47024,4,7.0,0.2567656508244399,0.22987127661079854,2.3333333333333335,0.1875,0.16666666666666666,0.51241546143824,2.172995414512934,0.18090277777777777,0.0,0.0,0.03355038798058033,0.032726879579425106,0.09375,0.18146305559639417,1.0
band_death_0005,natural48_deep,48,47047,4,4.75,0.6016200478065885,0.21385435436223416,2.0833333333333335,0.0625,0.041666666666666664,0.4500513080764507,1.8786413769190955,0.06696428571428571,0.0,0.0,0.008952010689916863,0.02667297588219083,0.0,0.05224489795918369,0.125
band_death_0005,natural48_deep,48,47070,4,4.25,0.6320539809844158,0.24132342373027613,2.0416666666666665,0.041666666666666664,0.0,0.42267937061534583,2.4089470926705587,0.0,0.0,0.0,0.021173853365235903,0.051326405411113274,0.25,2210884.353741497,0.15625
band_death_0005,natural96_deep,96,47001,4,8.25,0.3696363027447257,0.29123281662005623,2.3333333333333335,0.17708333333333334,0.16666666666666666,0.42883210790853515,2.5588566746567123,0.12818287037037038,0.0,0.0,0.030458627729469737,0.0357869208219045,0.09375,0.1753317375768492,0.4166666666666667
band_death_0005,natural96_deep,96,47024,4,9.0,0.2997956743196093,0.2369215874181903,2.25,0.13541666666666666,0.13541666666666666,0.42097250220252497,2.541104517471231,0.11464120370370369,0.0,0.0,0.0031846139774339144,0.04049852635187697,0.07692307692307693,0.0588291665002376,1.3125
band_death_0005,natural96_deep,96,47047,4,5.25,0.722519168293441,0.16975196313166557,2.2083333333333335,0.11458333333333333,0.11458333333333333,0.37120105722447866,2.371103575976664,0.10071924603174603,0.0,0.0,0.0014566408410214757,0.023567909478318147,0.0,0.014556884017782021,0.09375
band_death_0005,natural96_deep,96,47070,4,3.75,0.7016812158756509,0.14933426297787114,2.3333333333333335,0.17708333333333334,0.15625,0.4161691665751515,2.632758722585378,0.12696608946608948,0.0,0.0,0.029398988441992308,0.038713248029028084,0.08333333333333334,0.07982051947690558,0.21875
band_pdel_0005,natural192_deep,192,47001,4,8.0,0.6890420552313219,0.2503410019112563,2.3125,0.16145833333333334,0.15104166666666666,0.3049272788883675,2.408635475103477,0.1113040293040293,0.0026041666666666665,0.008064516129032258,0.013083696888077378,0.08357662568246836,0.06034482758620689,0.08439351389229621,0.14583333333333331
band_pdel_0005,natural192_deep,192,47024,4,10.75,0.5737655192503482,0.3085961598074178,2.2708333333333335,0.140625,0.109375,0.29837677921212113,2.8519942607257764,0.11412698412698413,0.0013020833333333333,0.08333333333333333,0.03966481853018015,0.01811799566799652,0.09523809523809523,0.0677213722763097,0.2857142857142857
band_pdel_0005,natural192_deep,192,47047,4,9.0,0.6411826690192606,0.3028535370989254,2.2083333333333335,0.109375,0.09375,0.30376596127174194,2.642456035170426,0.1101094831094831,0.0013020833333333333,0.03571428571428571,0.009871111023162758,0.019420278842983908,0.06944444444444445,0.07809536114604884,0.1388888888888889
band_pdel_0005,natural192_deep,192,47070,4,7.5,0.8681745915392696,0.2168678585033932,2.21875,0.11458333333333333,0.10416666666666667,0.2936450769292351,2.1864177993581007,0.12597354497354496,0.0026041666666666665,0.0,0.01222370673798418,0.015097882826564256,0.05,0.09752614557520263,0.1
band_pdel_0005,natural256_deep,256,47001,4,11.0,0.46096935228971625,0.3596842806311555,2.2421875,0.125,0.1015625,0.29328425873761005,2.0831957629323807,0.10012528212528213,0.0009765625,0.03125,0.021833439753787907,0.17740576690476578,0.038461538461538464,0.11485250283989488,0.65
band_pdel_0005,natural256_deep,256,47024,4,7.25,0.3346195633684946,0.19767615313584463,2.265625,0.13671875,0.1328125,0.3061692887310588,2.585574912038329,0.13193602693602693,0.0009765625,0.014285714285714285,0.033236016885288065,0.02978841843282494,0.08088235294117647,0.09142395820333815,2.8333333333333335
band_pdel_0005,natural256_deep,256,47047,4,5.5,0.8974777197092149,0.21343468581218655,2.34375,0.17578125,0.16796875,0.2762936708710489,1.9597041034549476,0.17000769600769602,0.0009765625,0.022222222222222223,0.00156130424206291,0.061865881634509526,0.029069767441860465,0.08855808242277459,0.11363636363636363
band_pdel_0005,natural256_deep,256,47070,4,9.5,0.4970439835522944,0.2517234598654957,2.15625,0.08203125,0.078125,0.23587202501712712,1.725869721025121,0.07361904761904761,0.0048828125,0.07142857142857142,0.009504140508219745,0.12054372734526272,0.037500000000000006,0.11459680896938342,0.75
band_pdel_0005,natural48_deep,48,47001,4,6.0,0.6071957522195645,0.2324200313797572,2.25,0.14583333333333334,0.125,0.5048844095447762,2.049341249767653,0.1418154761904762,0.0,0.03571428571428571,0.016097049277912306,0.007661803656754696,0.041666666666666664,0.022807746393415713,0.25
band_pdel_0005,natural48_deep,48,47024,4,4.0,0.4314002343511584,0.10180317720238928,2.3333333333333335,0.1875,0.16666666666666666,0.51241546143824,2.172995414512934,0.18090277777777777,0.0,0.0,0.048095834491143595,0.022949022176227133,0.15625,0.133036124238563,0.5833333333333334
band_pdel_0005,natural48_deep,48,47047,4,6.0,0.6021750496130652,0.27156462125283626,2.0833333333333335,0.0625,0.041666666666666664,0.4500513080764507,1.8786413769190955,0.06696428571428571,0.010416666666666666,0.16666666666666666,0.00563269268993702,0.06837999019027516,0.125,0.21515495086923664,0.08333333333333333
band_pdel_0005,natural48_deep,48,47070,4,4.5,0.6125743585187973,0.22231832308541352,2.0416666666666665,0.041666666666666664,0.0,0.42267937061534583,2.4089470926705587,0.0,0.0,0.25,0.023807641919094374,0.08728129826537843,0.0,0.0,0.09375
band_pdel_0005,natural96_deep,96,47001,4,7.0,0.4168175223123152,0.20446734643022046,2.3333333333333335,0.17708333333333334,0.16666666666666666,0.42883210790853515,2.5588566746567123,0.12818287037037038,0.0026041666666666665,0.058823529411764705,0.041828577785966534,0.03416677780536118,0.171875,0.1728218401534309,0.5
band_pdel_0005,natural96_deep,96,47024,4,7.5,0.29571749536154296,0.20738503463707592,2.25,0.13541666666666666,0.13541666666666666,0.42097250220252497,2.541104517471231,0.11464120370370369,0.005208333333333333,0.038461538461538464,0.0270440531465043,0.07778713621504536,0.09615384615384616,0.1814095278013665,0.6875
band_pdel_0005,natural96_deep,96,47047,4,6.75,0.5885345743069468,0.206428384307413,2.2083333333333335,0.11458333333333333,0.11458333333333333,0.37120105722447866,2.371103575976664,0.10071924603174603,0.0,0.022727272727272728,0.0011479879691964395,0.039448159254909236,0.06818181818181818,0.05945922618216524,0.4375
band_pdel_0005,natural96_deep,96,47070,4,7.25,0.5969444282509085,0.2654005287545659,2.3333333333333335,0.17708333333333334,0.15625,0.4161691665751515,2.632758722585378,0.12696608946608948,0.0078125,0.0,0.030627417281313185,0.029851542045664505,0.03333333333333333,0.056611772831020875,0.1875
band_zero_del,natural192_deep,192,47001,4,7.75,0.5009489014787445,0.22161406415468465,2.3125,0.16145833333333334,0.15104166666666666,0.3049272788883675,2.408635475103477,0.1113040293040293,0.0,0.0,0.021356939584767858,0.029445667991869384,0.04310344827586207,0.07398517858104511,0.3541666666666667
band_zero_del,natural192_deep,192,47024,4,11.0,0.4524816434137313,0.2610005562721328,2.2708333333333335,0.140625,0.109375,0.29837677921212113,2.8519942607257764,0.11412698412698413,0.0,0.0,0.016676901150577576,0.07144377819926427,0.14285714285714285,0.11740633034096175,0.7142857142857143
band_zero_del,natural192_deep,192,47047,4,10.0,0.6681910479783794,0.31269810605303616,2.2083333333333335,0.109375,0.09375,0.30376596127174194,2.642456035170426,0.1101094831094831,0.0,0.0,0.00730064406757934,0.011846985032967603,0.027777777777777776,0.0758316142623026,0.3888888888888889
band_zero_del,natural192_deep,192,47070,4,7.25,0.6942094538321516,0.17128038234409199,2.21875,0.11458333333333333,0.10416666666666667,0.2936450769292351,2.1864177993581007,0.12597354497354496,0.0,0.0,0.02289400761123834,0.04138055921952798,0.037500000000000006,0.08343483556638245,0.325
band_zero_del,natural256_deep,256,47001,4,7.75,0.5189090159640739,0.28654837974449815,2.2421875,0.125,0.1015625,0.29328425873761005,2.0831957629323807,0.10012528212528213,0.0,0.0,0.03681328899371901,0.0152390433671166,0.09615384615384616,0.041852328418239465,0.575
band_zero_del,natural256_deep,256,47024,4,8.0,0.2330099880929976,0.17652598756459784,2.265625,0.13671875,0.1328125,0.3061692887310588,2.585574912038329,0.13193602693602693,0.0,0.0,0.032895694917001485,0.026934738369319162,0.08088235294117647,0.05256167209082866,1.0
band_zero_del,natural256_deep,256,47047,4,6.75,0.8572102297802071,0.19388156050523464,2.34375,0.17578125,0.16796875,0.2762936708710489,1.9597041034549476,0.17000769600769602,0.0,0.022222222222222223,0.0012365463189260672,0.0008898542581398922,0.011627906976744186,0.0450804366154943,0.13636363636363635
band_zero_del,natural256_deep,256,47070,4,9.75,0.49233951624069827,0.24981653158706435,2.15625,0.08203125,0.078125,0.23587202501712712,1.725869721025121,0.07361904761904761,0.0,0.0,0.010951083894121926,0.02251088021282324,0.1125,0.04157682909299984,0.5
band_zero_del,natural48_deep,48,47001,4,7.0,0.46216543511699393,0.2792842434208854,2.25,0.14583333333333334,0.125,0.5048844095447762,2.049341249767653,0.1418154761904762,0.0,0.0,0.030973997325067802,0.08610190418703678,0.08333333333333333,0.09756800936534114,0.20833333333333331
band_zero_del,natural48_deep,48,47024,4,6.25,0.39356799214698407,0.21545071934861365,2.3333333333333335,0.1875,0.16666666666666666,0.51241546143824,2.172995414512934,0.18090277777777777,0.0,0.0,0.0213545968129341,0.0398909229732049,0.09375,0.2392890997912738,0.5
band_zero_del,natural48_deep,48,47047,4,5.75,0.5598799235123446,0.23791804450031367,2.0833333333333335,0.0625,0.041666666666666664,0.4500513080764507,1.8786413769190955,0.06696428571428571,0.0,0.0,0.0006197521355213804,0.013751048269049477,0.0,0.0014814814814814762,0.375
band_zero_del,natural48_deep,48,47070,4,5.0,0.509704116959721,0.1973954802312678,2.0416666666666665,0.041666666666666664,0.0,0.42267937061534583,2.4089470926705587,0.0,0.0,0.0,0.019252589614942892,0.0794102047576678,0.0,0.0,0.125
band_zero_del,natural96_deep,96,47001,4,7.5,0.41279636860981134,0.2435696417920718,2.3333333333333335,0.17708333333333334,0.16666666666666666,0.42883210790853515,2.5588566746567123,0.12818287037037038,0.0,0.0,0.009229112838731275,0.04895632182277417,0.015625,0.04601152647139052,0.5833333333333334
band_zero_del,natural96_deep,96,47024,4,8.75,0.3653074703896447,0.21095434748091185,2.25,0.13541666666666666,0.13541666666666666,0.42097250220252497,2.541104517471231,0.11464120370370369,0.0,0.0,0.017134382410616916,0.03514348803810138,0.17307692307692307,0.1592934565343585,1.75
band_zero_del,natural96_deep,96,47047,4,7.0,0.7395656624649665,0.2533780380387095,2.2083333333333335,0.11458333333333333,0.11458333333333333,0.37120105722447866,2.371103575976664,0.10071924603174603,0.0,0.0,0.0009520513295942911,0.030577297794736738,0.0,0.015495650098878678,0.15625
band_zero_del,natural96_deep,96,47070,4,5.5,0.6484236648700208,0.17538684284785588,2.3333333333333335,0.17708333333333334,0.15625,0.4161691665751515,2.632758722585378,0.12696608946608948,0.0,0.0,0.02535325849293332,0.02872945723532546,0.03333333333333333,0.09247216371295325,0.15625
bridge_00075_0000,natural192_deep,192,47001,4,7.0,0.5818002932385571,0.22101224930026075,2.3125,0.16145833333333334,0.15104166666666666,0.3049272788883675,2.408635475103477,0.1113040293040293,0.0,0.016129032258064516,0.02411309723941843,0.04763889283952675,0.06034482758620689,0.023228068215891535,0.2916666666666667
bridge_00075_0000,natural192_deep,192,47024,4,12.25,0.5876422923106258,0.33967838791746946,2.2708333333333335,0.140625,0.109375,0.29837677921212113,2.8519942607257764,0.11412698412698413,0.0,0.009259259259259259,0.014892818149723696,0.024525520267857565,0.10714285714285714,0.05416087158089941,0.5714285714285714
bridge_00075_0000,natural192_deep,192,47047,4,9.75,0.6163967785371872,0.3250245264514344,2.2083333333333335,0.109375,0.09375,0.30376596127174194,2.642456035170426,0.1101094831094831,0.0,0.03571428571428571,0.015535473946729425,0.04094676197409309,0.06944444444444445,0.07823716560442145,0.1111111111111111
bridge_00075_0000,natural192_deep,192,47070,4,3.5,0.9554971075958872,0.09742222233407978,2.21875,0.11458333333333333,0.10416666666666667,0.2936450769292351,2.1864177993581007,0.12597354497354496,0.0,0.0,0.0005024946922582252,0.0,0.037500000000000006,0.0897769750934521,0.0
bridge_00075_0000,natural256_deep,256,47001,4,8.5,0.4638948674333957,0.2857890864360192,2.2421875,0.125,0.1015625,0.29328425873761005,2.0831957629323807,0.10012528212528213,0.0,0.015625,0.03783475339687218,0.0179100688797557,0.11538461538461539,0.12719754656725618,0.3
bridge_00075_0000,natural256_deep,256,47024,4,8.0,0.5273131265448403,0.22276835090379907,2.265625,0.13671875,0.1328125,0.3061692887310588,2.585574912038329,0.13193602693602693,0.0,0.0,0.02065852302135093,0.04313135874580223,0.051470588235294115,0.04215064634230132,0.7916666666666666
bridge_00075_0000,natural256_deep,256,47047,4,9.0,0.8828812679141571,0.27587173494080053,2.34375,0.17578125,0.16796875,0.2762936708710489,1.9597041034549476,0.17000769600769602,0.0,0.022222222222222223,0.0082652230226331,0.006577327188464613,0.029069767441860465,0.057879421467494335,0.11363636363636363
bridge_00075_0000,natural256_deep,256,47070,4,9.75,0.5188571236089367,0.29675851830258476,2.15625,0.08203125,0.078125,0.23587202501712712,1.725869721025121,0.07361904761904761,0.0,0.011904761904761904,0.0038624360163433285,0.00917030630760168,0.075,0.1368046571798189,0.5833333333333334
bridge_00075_0000,natural48_deep,48,47001,4,5.75,0.6057939727806572,0.25826589940194816,2.25,0.14583333333333334,0.125,0.5048844095447762,2.049341249767653,0.1418154761904762,0.0,0.0,0.03402969053924892,0.053301138807170946,0.125,0.1586801912090474,0.20833333333333331
bridge_00075_0000,natural48_deep,48,47024,4,6.25,0.3417198028149013,0.12524768876930237,2.3333333333333335,0.1875,0.16666666666666666,0.51241546143824,2.172995414512934,0.18090277777777777,0.0,0.0,0.02763578666781218,0.06478238751375799,0.21875,0.24852270570120855,0.5833333333333334
bridge_00075_0000,natural48_deep,48,47047,4,4.25,0.5620061326608959,0.20361901113993858,2.0833333333333335,0.0625,0.041666666666666664,0.4500513080764507,1.8786413769190955,0.06696428571428571,0.0,0.0,0.013401458989137392,0.05891783363018047,0.125,0.16333333333333333,0.29166666666666663
bridge_00075_0000,natural48_deep,48,47070,4,4.25,0.6456685641068767,0.2152390714811268,2.0416666666666665,0.041666666666666664,0.0,0.42267937061534583,2.4089470926705587,0.0,0.0,0.0,0.018515645041036376,0.02557535745904201,0.0,0.0,0.09375
bridge_00075_0000,natural96_deep,96,47001,4,7.75,0.3664191923096316,0.22420024894360607,2.3333333333333335,0.17708333333333334,0.16666666666666666,0.42883210790853515,2.5588566746567123,0.12818287037037038,0.0,0.014705882352941176,0.012323844279581034,0.055308303725527336,0.0625,0.07215134822125581,0.25
bridge_00075_0000,natural96_deep,96,47024,4,8.5,0.3944498762465104,0.24247154672309584,2.25,0.13541666666666666,0.13541666666666666,0.42097250220252497,2.541104517471231,0.11464120370370369,0.0,0.0,0.017486015870403323,0.036786625837814904,0.15384615384615385,0.0564255317739708,1.875
bridge_00075_0000,natural96_deep,96,47047,4,5.5,0.764595656860749,0.19002852063892695,2.2083333333333335,0.11458333333333333,0.11458333333333333,0.37120105722447866,2.371103575976664,0.10071924603174603,0.0,0.0,0.006011208733696072,0.03402955518031574,0.045454545454545456,0.044967776025333805,0.125
bridge_00075_0000,natural96_deep,96,47070,4,5.75,0.759704967329127,0.20366391407319934,2.3333333333333335,0.17708333333333334,0.15625,0.4161691665751515,2.632758722585378,0.12696608946608948,0.0,0.014705882352941176,0.029224166395743916,0.015026302848006094,0.016666666666666666,0.020636580270552644,0.09375
bridge_0010_0000,natural192_deep,192,47001,4,7.25,0.7427837111285542,0.25924964000579764,2.3125,0.16145833333333334,0.15104166666666666,0.3049272788883675,2.408635475103477,0.1113040293040293,0.0,0.024193548387096774,0.031424124994113505,0.022068525245993773,0.06896551724137931,0.0575559119131817,0.08333333333333333
bridge_0010_0000,natural192_deep,192,47024,4,10.5,0.6316340767348454,0.2589133184187321,2.2708333333333335,0.140625,0.109375,0.29837677921212113,2.8519942607257764,0.11412698412698413,0.0,0.018518518518518517,0.02003493573266507,0.009236859559431519,0.03571428571428571,0.058822227841699354,0.4642857142857143
bridge_0010_0000,natural192_deep,192,47047,4,10.5,0.49985879476872397,0.3078650262218325,2.2083333333333335,0.109375,0.09375,0.30376596127174194,2.642456035170426,0.1101094831094831,0.0,0.0,0.025594427390349922,0.049089067869445634,0.05555555555555555,0.09816825267000658,0.7777777777777778
bridge_0010_0000,natural192_deep,192,47070,4,6.75,0.718303375947558,0.186546680882174,2.21875,0.11458333333333333,0.10416666666666667,0.2936450769292351,2.1864177993581007,0.12597354497354496,0.0,0.022727272727272728,0.022543184007349202,0.05520660689717493,0.0875,0.13677600907219958,0.175
bridge_0010_0000,natural256_deep,256,47001,4,8.0,0.5851200332484839,0.29349960113220624,2.2421875,0.125,0.1015625,0.29328425873761005,2.0831957629323807,0.10012528212528213,0.0,0.015625,0.03151821955773245,0.012708035022178718,0.057692307692307696,0.015883179618090475,0.625
bridge_0010_0000,natural256_deep,256,47024,4,6.75,0.4304340405231208,0.18573050526743162,2.265625,0.13671875,0.1328125,0.3061692887310588,2.585574912038329,0.13193602693602693,0.0,0.02142857142857143,0.023921048835482028,0.00790373966632129,0.03676470588235294,0.07084462685457957,0.5833333333333334
bridge_0010_0000,natural256_deep,256,47047,4,10.0,0.6088044535807127,0.33092171778754814,2.34375,0.17578125,0.16796875,0.2762936708710489,1.9597041034549476,0.17000769600769602,0.0,0.022222222222222223,0.013621429082570684,0.007781402298382194,0.046511627906976744,0.06906005443547245,0.18181818181818182
bridge_0010_0000,natural256_deep,256,47070,4,9.25,0.6621994219504671,0.28056732383855854,2.15625,0.08203125,0.078125,0.23587202501712712,1.725869721025121,0.07361904761904761,0.0,0.0,0.01638831079474423,0.020221425579367035,0.05,0.07276843467011647,0.2222222222222222
bridge_0010_0000,natural48_deep,48,47001,4,5.25,0.5682982349096231,0.2549071382764613,2.25,0.14583333333333334,0.125,0.5048844095447762,2.049341249767653,0.1418154761904762,0.0,0.03571428571428571,0.01586815409787503,0.04398643859355948,0.08333333333333333,0.09750983289433297,0.20833333333333331
bridge_0010_0000,natural48_deep,48,47024,4,5.0,0.40171204824045503,0.13462115445589096,2.3333333333333335,0.1875,0.16666666666666666,0.51241546143824,2.172995414512934,0.18090277777777777,0.0,0.027777777777777776,0.008188383760084923,0.05268176044520759,0.09375,0.16148296335260182,1.25
bridge_0010_0000,natural48_deep,48,47047,4,5.5,0.5649086789853563,0.21937381196384098,2.0833333333333335,0.0625,0.041666666666666664,0.4500513080764507,1.8786413769190955,0.06696428571428571,0.0,0.0,0.004294413379248547,0.019686689316489814,0.0,0.004981103552532192,0.29166666666666663
bridge_0010_0000,natural48_deep,48,47070,4,4.75,0.6228826112531363,0.21627114198452876,2.0416666666666665,0.041666666666666664,0.0,0.42267937061534583,2.4089470926705587,0.0,0.0,0.25,0.07304160736119801,0.06859497623886056,0.5,4937500.0,0.09375
bridge_0010_0000,natural96_deep,96,47001,4,7.5,0.5946906780180123,0.24242780449665471,2.3333333333333335,0.17708333333333334,0.16666666666666666,0.42883210790853515,2.5588566746567123,0.12818287037037038,0.0,0.0,0.016514778116614098,0.04446529428792202,0.109375,0.14254576600002727,0.25
bridge_0010_0000,natural96_deep,96,47024,4,5.25,0.5518299719877964,0.12273992189912888,2.25,0.13541666666666666,0.13541666666666666,0.42097250220252497,2.541104517471231,0.11464120370370369,0.0,0.0,0.007532123544917135,0.03502731120690712,0.07692307692307693,0.11723769154009674,1.375
bridge_0010_0000,natural96_deep,96,47047,4,7.0,0.6780995554902709,0.22950687834934444,2.2083333333333335,0.11458333333333333,0.11458333333333333,0.37120105722447866,2.371103575976664,0.10071924603174603,0.0,0.0,0.00946810435140517,0.041910796969621904,0.13636363636363635,0.14838320424522594,0.09375
bridge_0010_0000,natural96_deep,96,47070,4,6.0,0.7328381339464045,0.20524415548968533,2.3333333333333335,0.17708333333333334,0.15625,0.4161691665751515,2.632758722585378,0.12696608946608948,0.0,0.029411764705882353,0.01712138800653005,0.03891450512169998,0.08333333333333333,0.07799252288062242,0.28125
