candidate_name,candidate_role,ensemble,burnin_label,target_nodes,growth_seed,run_offset,run_seed,placement_index,steps,requested_perturbation,actual_perturbation,actual_perturbation_category,requested_match,fallback_used,support_signature,support_size,initial_nodes,fit_speed_control,max_ratio_control,hit_t_control_r2,hit_t_control_r3,radius_drop_rate_control,final_radius_control,max_radius_control,shared_node_fraction_final
band_zero_del,anchor,natural48_deep,deep,48,101,0,4901000,0,240,local_swap,local_swap_anywhere,local_swap,1,0,"7,8,9",3,48.0,0.2337307881759299,0.3611247944908678,6.091582593634029,8.307377520919196,0.2,5.0,5.0,1.0
band_zero_del,anchor,natural48_deep,deep,48,101,0,4901000,0,240,add_chord,local_chord_anywhere,add_chord,1,0,"7,8,9",3,48.0,0.13692996384317085,0.36115419044089736,6.090927191291003,8.306701346418263,0.1,3.0,3.0,0.9607843137254902
band_zero_del,anchor,natural48_deep,deep,48,101,0,4901000,1,240,local_swap,local_swap_anywhere,local_swap,1,0,"2,3,5",3,48.0,0.3206736467757198,0.3667928470196854,6.080977743043528,10.732983170990982,0.1,5.0,6.0,1.0
band_zero_del,anchor,natural48_deep,deep,48,101,0,4901000,1,240,add_chord,local_chord_anywhere,add_chord,1,0,"2,3,5",3,48.0,0.16540053177135938,0.18264862405795138,11.558699557589561,16.42498001544293,0.1,2.0,3.0,1.0
band_zero_del,anchor,natural48_deep,deep,48,101,0,4901000,2,240,local_swap,local_swap_anywhere,local_swap,1,0,"8,13,27",3,48.0,0.263118413448603,1.2772386180009816,5.480573403704131,5.480573403704131,0.3,7.0,7.0,0.96
band_zero_del,anchor,natural48_deep,deep,48,101,0,4901000,2,240,add_chord,local_chord_anywhere,add_chord,1,0,"8,13,27",3,48.0,0.0,0.0,nan,nan,0.0,0.0,0.0,1.0
band_zero_del,anchor,natural48_deep,deep,48,101,0,4901000,3,240,local_swap,local_swap_anywhere,local_swap,1,0,"1,2,3",3,48.0,0.16913928084056917,0.2503869137692518,10.759188603950323,11.981456837495505,0.2,3.0,3.0,0.9607843137254902
band_zero_del,anchor,natural48_deep,deep,48,101,0,4901000,3,240,add_chord,local_chord_anywhere,add_chord,1,0,"1,2,3",3,48.0,0.35974194478495797,1.0622631485829688,6.5897042642755865,6.5897042642755865,0.1,7.0,7.0,1.0
band_zero_del,anchor,natural48_deep,deep,48,101,17,4901017,0,240,local_swap,local_swap_anywhere,local_swap,1,0,"7,8,9",3,48.0,0.25578731091014967,0.3796653963048779,5.854429176737365,7.901694568948675,0.1,5.0,5.0,1.0
band_zero_del,anchor,natural48_deep,deep,48,101,17,4901017,0,240,add_chord,local_chord_anywhere,add_chord,1,0,"7,8,9",3,48.0,0.20118437816845605,0.7360894289684398,6.03928751978855,8.151183489224179,0.3,5.0,6.0,1.0
band_zero_del,anchor,natural48_deep,deep,48,101,17,4901017,1,240,local_swap,local_swap_anywhere,local_swap,1,0,"2,3,5",3,48.0,0.17882406762354483,0.7421995187505054,4.042039807638931,4.042039807638931,0.1,5.0,5.0,1.0
band_zero_del,anchor,natural48_deep,deep,48,101,17,4901017,1,240,add_chord,local_chord_anywhere,add_chord,1,0,"2,3,5",3,48.0,0.03735287408757282,0.059039168233205756,nan,nan,0.0,1.0,1.0,1.0
band_zero_del,anchor,natural48_deep,deep,48,101,17,4901017,2,240,local_swap,local_swap_anywhere,local_swap,1,0,"8,13,27",3,48.0,0.34033421803177893,0.697354455698805,2.867981961907506,10.429712780621186,0.2,7.0,7.0,1.0
band_zero_del,anchor,natural48_deep,deep,48,101,17,4901017,2,240,add_chord,local_chord_anywhere,add_chord,1,0,"8,13,27",3,48.0,0.4144431893127195,0.6973013187404317,2.8682005128180377,10.451838482864861,0.3,8.0,8.0,1.0
band_zero_del,anchor,natural48_deep,deep,48,101,17,4901017,3,240,local_swap,local_swap_anywhere,local_swap,1,0,"1,2,3",3,48.0,0.12732270220249114,0.2855605174997842,7.003769349876988,10.757147136483917,0.3,4.0,4.0,1.0
band_zero_del,anchor,natural48_deep,deep,48,101,17,4901017,3,240,add_chord,local_chord_anywhere,add_chord,1,0,"1,2,3",3,48.0,0.23218642596389147,0.5508045846687589,3.6310518388345545,6.771456730599792,0.2,7.0,7.0,1.0
band_zero_del,anchor,natural48_deep,deep,48,202,0,5002000,0,240,local_swap,local_swap_anywhere,local_swap,1,0,"5,6,8",3,48.0,0.3068718072064497,0.3424366687481015,9.64958251908146,11.680992034595524,0.0,4.0,4.0,1.0
band_zero_del,anchor,natural48_deep,deep,48,202,0,5002000,0,240,add_chord,local_chord_anywhere,add_chord,1,0,"5,6,8",3,48.0,0.31072034956395683,0.4307439953956268,9.286258294386919,9.286258294386919,0.0,5.0,5.0,1.0
band_zero_del,anchor,natural48_deep,deep,48,202,0,5002000,1,240,local_swap,local_swap_anywhere,local_swap,1,0,"6,8,10",3,48.0,0.17989681243110942,0.3091326122534845,12.89464254305916,16.440412476796222,0.1,3.0,4.0,1.0
band_zero_del,anchor,natural48_deep,deep,48,202,0,5002000,1,240,add_chord,local_chord_anywhere,add_chord,1,0,"6,8,10",3,48.0,0.31929520320957955,0.3077431281496414,10.656310553765488,12.062205015040137,0.0,5.0,5.0,1.0
band_zero_del,anchor,natural48_deep,deep,48,202,0,5002000,2,240,local_swap,local_swap_anywhere,local_swap,1,0,"5,6,14",3,48.0,0.24044627344967573,0.4771618449857868,7.207596874731742,7.207596874731742,0.1,5.0,6.0,1.0
band_zero_del,anchor,natural48_deep,deep,48,202,0,5002000,2,240,add_chord,local_chord_anywhere,add_chord,1,0,"5,6,14",3,48.0,0.0,0.0,nan,nan,0.0,0.0,0.0,1.0
band_zero_del,anchor,natural48_deep,deep,48,202,0,5002000,3,240,local_swap,local_swap_anywhere,local_swap,1,0,"5,6,19",3,48.0,0.20350181497955291,0.2541904329907782,14.579196170184524,14.579196170184524,0.1,4.0,4.0,1.0
band_zero_del,anchor,natural48_deep,deep,48,202,0,5002000,3,240,add_chord,local_chord_anywhere,add_chord,1,0,"5,6,19",3,48.0,0.043597923221870866,0.15033754467984528,nan,nan,0.0,1.0,1.0,1.0
band_zero_del,anchor,natural48_deep,deep,48,202,17,5002017,0,240,local_swap,local_swap_anywhere,local_swap,1,0,"5,6,8",3,48.0,0.2490701105566341,0.5215612291946108,5.744052832768335,8.10106883805723,0.0,5.0,5.0,1.0
band_zero_del,anchor,natural48_deep,deep,48,202,17,5002017,0,240,add_chord,local_chord_anywhere,add_chord,1,0,"5,6,8",3,48.0,-0.012080712620426188,0.15435041369664765,nan,nan,0.1,0.0,1.0,1.0
band_zero_del,anchor,natural48_deep,deep,48,202,17,5002017,1,240,local_swap,local_swap_anywhere,local_swap,1,0,"6,8,10",3,48.0,0.1675834484300319,1.38091783400034,2.172468141214013,2.172468141214013,0.2,5.0,5.0,1.0
band_zero_del,anchor,natural48_deep,deep,48,202,17,5002017,1,240,add_chord,local_chord_anywhere,add_chord,1,0,"6,8,10",3,48.0,0.2544396841675057,0.3794010251725408,5.823486325601794,9.024977264774567,0.0,5.0,5.0,1.0
band_zero_del,anchor,natural48_deep,deep,48,202,17,5002017,2,240,local_swap,local_swap_anywhere,local_swap,1,0,"5,6,14",3,48.0,0.18617705063197046,2.4303130195213236,2.057348152208313,2.057348152208313,0.2,6.0,6.0,1.0
band_zero_del,anchor,natural48_deep,deep,48,202,17,5002017,2,240,add_chord,local_chord_anywhere,add_chord,1,0,"5,6,14",3,48.0,0.106404167243379,0.30961736721123573,6.459585965781773,18.08035160279249,0.1,4.0,4.0,1.0
band_zero_del,anchor,natural48_deep,deep,48,202,17,5002017,3,240,local_swap,local_swap_anywhere,local_swap,1,0,"5,6,19",3,48.0,0.14594770185156583,2.420529308313962,2.065663895424091,2.065663895424091,0.3,5.0,7.0,1.0
band_zero_del,anchor,natural48_deep,deep,48,202,17,5002017,3,240,add_chord,local_chord_anywhere,add_chord,1,0,"5,6,19",3,48.0,0.041066747504938064,0.3096659372351914,6.458572802216212,nan,0.1,2.0,2.0,1.0
band_zero_del,anchor,natural96_deep,deep,96,101,0,9701000,0,480,local_swap,local_swap_anywhere,local_swap,1,0,"9,15,58",3,96.0,0.2598935370052768,0.3844400063356854,11.704951990944474,15.607116588071529,0.1,7.0,7.0,1.0
band_zero_del,anchor,natural96_deep,deep,96,101,0,9701000,0,480,add_chord,local_chord_anywhere,add_chord,1,0,"9,15,58",3,96.0,0.33454081790282447,0.5043929008600886,13.878070028471118,13.878070028471118,0.3,7.0,8.0,1.0
band_zero_del,anchor,natural96_deep,deep,96,101,0,9701000,1,480,local_swap,local_swap_anywhere,local_swap,1,0,"0,1,12",3,96.0,0.31838272876497864,0.3784066104911841,15.119110713733274,15.119110713733274,0.0,9.0,9.0,1.0
band_zero_del,anchor,natural96_deep,deep,96,101,0,9701000,1,480,add_chord,local_chord_anywhere,add_chord,1,0,"0,1,12",3,96.0,0.3112610209036976,0.39474894882396155,14.56907750648092,14.56907750648092,0.0,8.0,8.0,1.0
band_zero_del,anchor,natural96_deep,deep,96,101,0,9701000,2,480,local_swap,local_swap_anywhere,local_swap,1,0,"0,1,70",3,96.0,0.15589250840834856,0.33326855353515283,6.0011662630180975,16.12163975467857,0.0,6.0,6.0,1.0
band_zero_del,anchor,natural96_deep,deep,96,101,0,9701000,2,480,add_chord,local_chord_anywhere,add_chord,1,0,"0,1,70",3,96.0,0.24376141244441776,0.42863846425584523,11.664842091762456,11.664842091762456,0.1,7.0,7.0,1.0
band_zero_del,anchor,natural96_deep,deep,96,101,0,9701000,3,480,local_swap,local_swap_anywhere,local_swap,1,0,"4,5,16",3,96.0,0.342615201154768,0.39111862859027,14.914702066804193,14.914702066804193,0.1,8.0,8.0,1.0
band_zero_del,anchor,natural96_deep,deep,96,101,0,9701000,3,480,add_chord,local_chord_anywhere,add_chord,1,0,"4,5,16",3,96.0,0.19023542232355004,0.39602289017705555,12.070790576459087,12.070790576459087,0.0,6.0,6.0,1.0
band_zero_del,anchor,natural96_deep,deep,96,101,17,9701017,0,480,local_swap,local_swap_anywhere,local_swap,1,0,"9,15,58",3,96.0,0.1639373497036636,0.3065005031532611,6.525274769287831,10.828882116170485,0.1,6.0,6.0,1.0
band_zero_del,anchor,natural96_deep,deep,96,101,17,9701017,0,480,add_chord,local_chord_anywhere,add_chord,1,0,"9,15,58",3,96.0,0.2210013474694673,0.6127082063835695,6.530253929344207,9.792589584223492,0.3,7.0,7.0,1.0
band_zero_del,anchor,natural96_deep,deep,96,101,17,9701017,1,480,local_swap,local_swap_anywhere,local_swap,1,0,"0,1,12",3,96.0,0.13042939013180016,0.8374400310342869,5.970576775300209,5.970576775300209,0.0,6.0,6.0,1.0
band_zero_del,anchor,natural96_deep,deep,96,101,17,9701017,1,480,add_chord,local_chord_anywhere,add_chord,1,0,"0,1,12",3,96.0,0.16721020830485772,0.8378600749827969,5.967583549201412,5.967583549201412,0.0,7.0,7.0,1.0
band_zero_del,anchor,natural96_deep,deep,96,101,17,9701017,2,480,local_swap,local_swap_anywhere,local_swap,1,0,"0,1,70",3,96.0,0.1294899526034612,0.6528773682566668,6.126724855972451,6.126724855972451,0.1,6.0,7.0,1.0
band_zero_del,anchor,natural96_deep,deep,96,101,17,9701017,2,480,add_chord,local_chord_anywhere,add_chord,1,0,"0,1,70",3,96.0,0.1623035048695712,0.48935119342391686,6.13056643227832,6.13056643227832,0.3,5.0,6.0,1.0
band_zero_del,anchor,natural96_deep,deep,96,101,17,9701017,3,480,local_swap,local_swap_anywhere,local_swap,1,0,"4,5,16",3,96.0,0.15331218504169727,0.45744927468454377,6.5581041790235535,6.5581041790235535,0.1,6.0,6.0,1.0
band_zero_del,anchor,natural96_deep,deep,96,101,17,9701017,3,480,add_chord,local_chord_anywhere,add_chord,1,0,"4,5,16",3,96.0,0.18555659943841887,0.6094546984254324,6.563244176038467,6.563244176038467,0.0,7.0,7.0,0.9795918367346939
band_zero_del,anchor,natural96_deep,deep,96,202,0,9802000,0,480,local_swap,local_swap_anywhere,local_swap,1,0,"8,10,64",3,96.0,0.1660316576491374,0.7115721972617155,5.744237965819551,9.8373714247655,0.2,7.0,8.0,1.0
band_zero_del,anchor,natural96_deep,deep,96,202,0,9802000,0,480,add_chord,local_chord_anywhere,add_chord,1,0,"8,10,64",3,96.0,0.11083690717740079,0.5196831743447454,5.772747989739363,5.772747989739363,0.2,6.0,6.0,1.0
band_zero_del,anchor,natural96_deep,deep,96,202,0,9802000,1,480,local_swap,local_swap_anywhere,local_swap,1,0,"6,7,18",3,96.0,0.13115693567769396,0.3337835530267694,5.991906976433918,20.59210963527997,0.2,8.0,8.0,1.0
band_zero_del,anchor,natural96_deep,deep,96,202,0,9802000,1,480,add_chord,local_chord_anywhere,add_chord,1,0,"6,7,18",3,96.0,0.3263869697434247,0.3695757458954613,13.529026337714019,13.529026337714019,0.1,7.0,7.0,1.0
band_zero_del,anchor,natural96_deep,deep,96,202,0,9802000,2,480,local_swap,local_swap_anywhere,local_swap,1,0,"6,7,8",3,96.0,0.18477629199764115,0.524077084568034,5.724348742461663,5.724348742461663,0.1,7.0,7.0,1.0
band_zero_del,anchor,natural96_deep,deep,96,202,0,9802000,2,480,add_chord,local_chord_anywhere,add_chord,1,0,"6,7,8",3,96.0,0.18694902109140293,0.2004470995014058,28.183068740139436,28.183068740139436,0.0,6.0,6.0,1.0
band_zero_del,anchor,natural96_deep,deep,96,202,0,9802000,3,480,local_swap,local_swap_anywhere,local_swap,1,0,"0,13,39",3,96.0,0.17906053723130122,0.6567079290874959,5.708712938174163,9.136481736008696,0.1,8.0,8.0,1.0
band_zero_del,anchor,natural96_deep,deep,96,202,0,9802000,3,480,add_chord,local_chord_anywhere,add_chord,1,0,"0,13,39",3,96.0,0.23253869382502607,0.6508561558221625,9.218626798452556,9.218626798452556,0.1,9.0,9.0,1.0
band_zero_del,anchor,natural96_deep,deep,96,202,17,9802017,0,480,local_swap,local_swap_anywhere,local_swap,1,0,"8,10,64",3,96.0,0.31842811170152513,0.3257482271518286,16.9126021076848,18.280354863867437,0.1,6.0,7.0,1.0
band_zero_del,anchor,natural96_deep,deep,96,202,17,9802017,0,480,add_chord,local_chord_anywhere,add_chord,1,0,"8,10,64",3,96.0,0.1960624258313707,0.20990645611586567,29.916655967185775,31.535135495500217,0.1,6.0,7.0,1.0
band_zero_del,anchor,natural96_deep,deep,96,202,17,9802017,1,480,local_swap,local_swap_anywhere,local_swap,1,0,"6,7,18",3,96.0,0.2964120934929369,0.3308941715889777,16.946230368976863,24.176914212732797,0.1,9.0,9.0,1.0
band_zero_del,anchor,natural96_deep,deep,96,202,17,9802017,1,480,add_chord,local_chord_anywhere,add_chord,1,0,"6,7,18",3,96.0,0.312965732495077,0.355884394955589,15.671905695193548,15.671905695193548,0.1,8.0,9.0,1.0
band_zero_del,anchor,natural96_deep,deep,96,202,17,9802017,2,480,local_swap,local_swap_anywhere,local_swap,1,0,"6,7,8",3,96.0,0.24276036281144106,0.23689007838969067,22.89946193349209,22.89946193349209,0.0,8.0,8.0,1.0
band_zero_del,anchor,natural96_deep,deep,96,202,17,9802017,2,480,add_chord,local_chord_anywhere,add_chord,1,0,"6,7,8",3,96.0,0.018923520491918373,0.05013970078292939,39.88855076456543,nan,0.0,2.0,2.0,1.0
band_zero_del,anchor,natural96_deep,deep,96,202,17,9802017,3,480,local_swap,local_swap_anywhere,local_swap,1,0,"0,13,39",3,96.0,0.3446146325302194,0.35010056361737585,10.960329857461044,21.67123905265808,0.2,8.0,9.0,1.0
band_zero_del,anchor,natural96_deep,deep,96,202,17,9802017,3,480,add_chord,local_chord_anywhere,add_chord,1,0,"0,13,39",3,96.0,0.054340559747619574,0.07948176472391198,25.16300445702488,nan,0.2,2.0,2.0,1.0
band_zero_del,anchor,natural192_deep,deep,192,101,0,19301000,0,800,local_swap,local_swap_anywhere,local_swap,1,0,"7,8,23",3,192.0,0.2950417442330245,0.304114957300675,10.129016510664092,23.590513469710206,0.2,11.0,11.0,1.0
band_zero_del,anchor,natural192_deep,deep,192,101,0,19301000,0,800,add_chord,local_chord_anywhere,add_chord,1,0,"7,8,23",3,192.0,-0.013561854267109132,0.11128321883756703,17.972161669040787,nan,0.2,1.0,2.0,1.0
band_zero_del,anchor,natural192_deep,deep,192,101,0,19301000,1,800,local_swap,local_swap_anywhere,local_swap,1,0,"0,1,2",3,192.0,0.2178856350242526,0.4776032637627388,18.844092331142384,18.844092331142384,0.2,9.0,11.0,1.0
band_zero_del,anchor,natural192_deep,deep,192,101,0,19301000,1,800,add_chord,local_chord_anywhere,add_chord,1,0,"0,1,2",3,192.0,0.18347850973811713,0.1940149766645973,19.56606810490792,28.81417154676025,0.1,7.0,7.0,1.0
band_zero_del,anchor,natural192_deep,deep,192,101,0,19301000,2,800,local_swap,local_swap_anywhere,local_swap,1,0,"0,1,15",3,192.0,0.2237166380422296,0.27861245991277395,10.595063395400182,18.81580303693572,0.1,9.0,10.0,1.0
band_zero_del,anchor,natural192_deep,deep,192,101,0,19301000,2,800,add_chord,local_chord_anywhere,add_chord,1,0,"0,1,15",3,192.0,0.08027241772582984,0.08973622048837275,22.287544417575987,37.605040629323646,0.1,3.0,3.0,1.0
band_zero_del,anchor,natural192_deep,deep,192,101,0,19301000,3,800,local_swap,local_swap_anywhere,local_swap,1,0,"18,38,160",3,192.0,-0.010991589288169913,0.09019145046166308,nan,nan,0.1,0.0,1.0,1.0
band_zero_del,anchor,natural192_deep,deep,192,101,0,19301000,3,800,add_chord,local_chord_anywhere,add_chord,1,0,"18,38,160",3,192.0,0.23565407373744526,0.29219430275496255,18.35655808088111,18.35655808088111,0.1,11.0,11.0,1.0
band_zero_del,anchor,natural192_deep,deep,192,101,17,19301017,0,800,local_swap,local_swap_anywhere,local_swap,1,0,"7,8,23",3,192.0,0.0,0.0,nan,nan,0.0,0.0,0.0,1.0
band_zero_del,anchor,natural192_deep,deep,192,101,17,19301017,0,800,add_chord,local_chord_anywhere,add_chord,1,0,"7,8,23",3,192.0,0.2736412427667248,0.37260639207115537,21.470377777288018,21.470377777288018,0.3,10.0,10.0,1.0
band_zero_del,anchor,natural192_deep,deep,192,101,17,19301017,1,800,local_swap,local_swap_anywhere,local_swap,1,0,"0,1,2",3,192.0,0.07940262397275517,0.0877465219786571,29.946930250681927,34.189389303996585,0.0,3.0,3.0,1.0
band_zero_del,anchor,natural192_deep,deep,192,101,17,19301017,1,800,add_chord,local_chord_anywhere,add_chord,1,0,"0,1,2",3,192.0,0.14142355265945136,0.17913430562027904,22.32961456572714,22.32961456572714,0.1,7.0,7.0,1.0
band_zero_del,anchor,natural192_deep,deep,192,101,17,19301017,2,800,local_swap,local_swap_anywhere,local_swap,1,0,"0,1,15",3,192.0,0.2425859981416769,0.34434581294077604,8.712172145725987,8.712172145725987,0.0,9.0,9.0,1.0
band_zero_del,anchor,natural192_deep,deep,192,101,17,19301017,2,800,add_chord,local_chord_anywhere,add_chord,1,0,"0,1,15",3,192.0,0.22348276215871568,0.24223590555704816,10.001750986828142,22.46313002203717,0.1,9.0,10.0,1.0
band_zero_del,anchor,natural192_deep,deep,192,101,17,19301017,3,800,local_swap,local_swap_anywhere,local_swap,1,0,"18,38,160",3,192.0,0.18132400980395005,0.19248609273504805,27.7616357582617,27.7616357582617,0.1,9.0,9.0,1.0
band_zero_del,anchor,natural192_deep,deep,192,101,17,19301017,3,800,add_chord,local_chord_anywhere,add_chord,1,0,"18,38,160",3,192.0,0.11386326938752747,0.1342011207339092,27.05267344259845,27.05267344259845,0.2,6.0,6.0,1.0
band_zero_del,anchor,natural192_deep,deep,192,202,0,19402000,0,800,local_swap,local_swap_anywhere,local_swap,1,0,"1,27,164",3,192.0,0.44211667538076166,0.47138827144841355,6.384486875414231,10.859500662256783,0.2,10.0,11.0,1.0
band_zero_del,anchor,natural192_deep,deep,192,202,0,19402000,0,800,add_chord,local_chord_anywhere,add_chord,1,0,"1,27,164",3,192.0,0.5310347411550091,0.8745048973678261,6.413110618597138,6.413110618597138,0.1,13.0,13.0,1.0
band_zero_del,anchor,natural192_deep,deep,192,202,0,19402000,1,800,local_swap,local_swap_anywhere,local_swap,1,0,"13,45,60",3,192.0,0.2847273205298433,0.32667650227194844,10.309888199123463,13.217870875972363,0.1,8.0,8.0,1.0
band_zero_del,anchor,natural192_deep,deep,192,202,0,19402000,1,800,add_chord,local_chord_anywhere,add_chord,1,0,"13,45,60",3,192.0,0.45103897037352425,0.655123802636216,9.15857426620132,9.15857426620132,0.2,9.0,11.0,1.0
band_zero_del,anchor,natural192_deep,deep,192,202,0,19402000,2,800,local_swap,local_swap_anywhere,local_swap,1,0,"4,5,6",3,192.0,0.12368368925828932,0.3537931727595674,8.479530502525428,8.479530502525428,0.2,5.0,7.0,1.0
band_zero_del,anchor,natural192_deep,deep,192,202,0,19402000,2,800,add_chord,local_chord_anywhere,add_chord,1,0,"4,5,6",3,192.0,0.3669762090292787,0.408019853080234,8.460442541331851,8.460442541331851,0.1,12.0,12.0,1.0
band_zero_del,anchor,natural192_deep,deep,192,202,0,19402000,3,800,local_swap,local_swap_anywhere,local_swap,1,0,"4,5,33",3,192.0,0.5586358681700732,1.2557155194272631,11.149022038355834,11.149022038355834,0.1,15.0,15.0,1.0
band_zero_del,anchor,natural192_deep,deep,192,202,0,19402000,3,800,add_chord,local_chord_anywhere,add_chord,1,0,"4,5,33",3,192.0,0.29973987781888917,0.6274854064886493,13.05794819553924,13.05794819553924,0.1,10.0,13.0,1.0
band_zero_del,anchor,natural192_deep,deep,192,202,17,19402017,0,800,local_swap,local_swap_anywhere,local_swap,1,0,"1,27,164",3,192.0,0.2876976581368898,0.30960588083042634,13.422885702817144,22.450703618934053,0.1,9.0,9.0,1.0
band_zero_del,anchor,natural192_deep,deep,192,202,17,19402017,0,800,add_chord,local_chord_anywhere,add_chord,1,0,"1,27,164",3,192.0,0.4535713656400888,0.4232509540187558,26.50115575551053,26.50115575551053,0.1,12.0,12.0,1.0
band_zero_del,anchor,natural192_deep,deep,192,202,17,19402017,1,800,local_swap,local_swap_anywhere,local_swap,1,0,"13,45,60",3,192.0,0.3509759342603536,0.44124561764424824,7.39477145276843,18.143558493153655,0.1,11.0,11.0,1.0
band_zero_del,anchor,natural192_deep,deep,192,202,17,19402017,1,800,add_chord,local_chord_anywhere,add_chord,1,0,"13,45,60",3,192.0,0.37589415351922073,0.32959360053866105,23.650538190871263,23.650538190871263,0.0,9.0,9.0,1.0
band_zero_del,anchor,natural192_deep,deep,192,202,17,19402017,2,800,local_swap,local_swap_anywhere,local_swap,1,0,"4,5,6",3,192.0,0.3384163075166766,1.1335039536226317,6.946249091714718,6.946249091714718,0.0,13.0,13.0,1.0
band_zero_del,anchor,natural192_deep,deep,192,202,17,19402017,2,800,add_chord,local_chord_anywhere,add_chord,1,0,"4,5,6",3,192.0,0.3663101716535781,0.36767017616832076,12.0814849125852,12.0814849125852,0.1,11.0,11.0,1.0
band_zero_del,anchor,natural192_deep,deep,192,202,17,19402017,3,800,local_swap,local_swap_anywhere,local_swap,1,0,"4,5,33",3,192.0,0.49995182359444207,0.5567352395815616,11.953158818315861,11.953158818315861,0.0,14.0,14.0,1.0
band_zero_del,anchor,natural192_deep,deep,192,202,17,19402017,3,800,add_chord,local_chord_anywhere,add_chord,1,0,"4,5,33",3,192.0,0.4453820159091432,0.7435208077322215,13.494167040591698,13.494167040591698,0.2,14.0,14.0,1.0
band_zero_del,anchor,natural256_deep,deep,256,101,0,25701000,0,800,local_swap,local_swap_anywhere,local_swap,1,0,"7,8,9",3,256.0,0.2656383004657201,0.35228411215956895,14.36543612114837,19.87032556503517,0.1,9.0,10.0,1.0
band_zero_del,anchor,natural256_deep,deep,256,101,0,25701000,0,800,add_chord,local_chord_anywhere,add_chord,1,0,"7,8,9",3,256.0,0.3062211801027357,0.6282684031354094,14.325087741298121,14.325087741298121,0.3,10.0,11.0,1.0
band_zero_del,anchor,natural256_deep,deep,256,101,0,25701000,1,800,local_swap,local_swap_anywhere,local_swap,1,0,"0,1,2",3,256.0,0.3822376539196773,0.43230348909894184,12.924738374568241,12.924738374568241,0.1,12.0,12.0,0.9922480620155039
band_zero_del,anchor,natural256_deep,deep,256,101,0,25701000,1,800,add_chord,local_chord_anywhere,add_chord,1,0,"0,1,2",3,256.0,0.24504046869615934,0.6966006890273113,12.919883861394144,12.919883861394144,0.1,9.0,10.0,0.9922779922779923
band_zero_del,anchor,natural256_deep,deep,256,101,0,25701000,2,800,local_swap,local_swap_anywhere,local_swap,1,0,"11,12,89",3,256.0,0.36118766055796,0.5074241929985566,7.882950902207729,7.882950902207729,0.1,11.0,11.0,1.0
band_zero_del,anchor,natural256_deep,deep,256,101,0,25701000,2,800,add_chord,local_chord_anywhere,add_chord,1,0,"11,12,89",3,256.0,0.2765356418108104,0.5075315765018318,7.88128302788578,7.88128302788578,0.0,8.0,8.0,1.0
band_zero_del,anchor,natural256_deep,deep,256,101,0,25701000,3,800,local_swap,local_swap_anywhere,local_swap,1,0,"6,47,97",3,256.0,0.22680129643890873,0.7152392336342754,8.0615588640719,8.0615588640719,0.2,10.0,10.0,1.0
band_zero_del,anchor,natural256_deep,deep,256,101,0,25701000,3,800,add_chord,local_chord_anywhere,add_chord,1,0,"6,47,97",3,256.0,0.14014975808653612,0.46668616928835943,8.078847940766268,8.078847940766268,0.3,7.0,7.0,0.9923371647509579
band_zero_del,anchor,natural256_deep,deep,256,101,17,25701017,0,800,local_swap,local_swap_anywhere,local_swap,1,0,"7,8,9",3,256.0,0.29036397596306396,0.46562823577469314,12.70212297148626,12.70212297148626,0.2,8.0,9.0,1.0
band_zero_del,anchor,natural256_deep,deep,256,101,17,25701017,0,800,add_chord,local_chord_anywhere,add_chord,1,0,"7,8,9",3,256.0,0.19089449550344947,0.2228226137656951,18.121388684907416,18.121388684907416,0.1,6.0,8.0,1.0
band_zero_del,anchor,natural256_deep,deep,256,101,17,25701017,1,800,local_swap,local_swap_anywhere,local_swap,1,0,"0,1,2",3,256.0,0.041369842112784536,0.2771621857466841,7.215991584897967,nan,0.1,2.0,2.0,1.0
band_zero_del,anchor,natural256_deep,deep,256,101,17,25701017,1,800,add_chord,local_chord_anywhere,add_chord,1,0,"0,1,2",3,256.0,0.390498251970348,0.4490860028473446,12.351776963270753,12.351776963270753,0.1,11.0,11.0,1.0
band_zero_del,anchor,natural256_deep,deep,256,101,17,25701017,2,800,local_swap,local_swap_anywhere,local_swap,1,0,"11,12,89",3,256.0,0.31743604304687173,0.34720792758924357,17.05211903992698,17.05211903992698,0.1,10.0,10.0,1.0
band_zero_del,anchor,natural256_deep,deep,256,101,17,25701017,2,800,add_chord,local_chord_anywhere,add_chord,1,0,"11,12,89",3,256.0,0.38716777410378156,0.4055243910684565,15.899891537242134,15.899891537242134,0.0,11.0,11.0,1.0
band_zero_del,anchor,natural256_deep,deep,256,101,17,25701017,3,800,local_swap,local_swap_anywhere,local_swap,1,0,"6,47,97",3,256.0,0.12048685060104543,0.3110158255626672,7.21536696775689,14.626530451580475,0.3,5.0,6.0,1.0
band_zero_del,anchor,natural256_deep,deep,256,101,17,25701017,3,800,add_chord,local_chord_anywhere,add_chord,1,0,"6,47,97",3,256.0,0.3457730925067195,0.497626477473024,13.549773491531834,13.549773491531834,0.4,9.0,12.0,1.0
band_zero_del,anchor,natural256_deep,deep,256,202,0,25802000,0,800,local_swap,local_swap_anywhere,local_swap,1,0,"0,1,51",3,256.0,0.3830905968729387,0.433204615865609,5.979711807497579,20.233877351478412,0.1,11.0,11.0,1.0
band_zero_del,anchor,natural256_deep,deep,256,202,0,25802000,0,800,add_chord,local_chord_anywhere,add_chord,1,0,"0,1,51",3,256.0,0.0,0.0,nan,nan,0.0,0.0,0.0,1.0
band_zero_del,anchor,natural256_deep,deep,256,202,0,25802000,1,800,local_swap,local_swap_anywhere,local_swap,1,0,"13,14,67",3,256.0,0.3714098860902397,0.48045250285949226,6.189519306207627,12.110600690678739,0.0,11.0,11.0,1.0
band_zero_del,anchor,natural256_deep,deep,256,202,0,25802000,1,800,add_chord,local_chord_anywhere,add_chord,1,0,"13,14,67",3,256.0,0.20434760085779635,0.8787072907686836,6.8282123786082,6.8282123786082,0.2,8.0,9.0,1.0
band_zero_del,anchor,natural256_deep,deep,256,202,0,25802000,2,800,local_swap,local_swap_anywhere,local_swap,1,0,"9,41,52",3,256.0,0.34673452930463433,0.36108588396866514,17.532336355851655,21.76299248741834,0.0,10.0,10.0,1.0
band_zero_del,anchor,natural256_deep,deep,256,202,0,25802000,2,800,add_chord,local_chord_anywhere,add_chord,1,0,"9,41,52",3,256.0,0.25576674982064956,0.3397595818802883,17.805365595977214,17.805365595977214,0.3,7.0,9.0,1.0
band_zero_del,anchor,natural256_deep,deep,256,202,0,25802000,3,800,local_swap,local_swap_anywhere,local_swap,1,0,"12,14,162",3,256.0,0.26065045010475046,0.39413403943095493,12.686039518989347,12.686039518989347,0.1,8.0,8.0,0.9922779922779923
band_zero_del,anchor,natural256_deep,deep,256,202,0,25802000,3,800,add_chord,local_chord_anywhere,add_chord,1,0,"12,14,162",3,256.0,0.03348221862295427,0.03479733494847663,nan,nan,0.0,1.0,1.0,1.0
band_zero_del,anchor,natural256_deep,deep,256,202,17,25802017,0,800,local_swap,local_swap_anywhere,local_swap,1,0,"0,1,51",3,256.0,0.07462316983877688,0.3420879249198055,8.769675225172826,8.769675225172826,0.1,4.0,4.0,1.0
band_zero_del,anchor,natural256_deep,deep,256,202,17,25802017,0,800,add_chord,local_chord_anywhere,add_chord,1,0,"0,1,51",3,256.0,0.07520080799538843,0.3421008649431473,8.769343510717405,8.769343510717405,0.1,4.0,4.0,1.0
band_zero_del,anchor,natural256_deep,deep,256,202,17,25802017,1,800,local_swap,local_swap_anywhere,local_swap,1,0,"13,14,67",3,256.0,0.26279981048846857,0.4211188246783079,9.05722630248319,15.235729449036148,0.0,8.0,8.0,0.9922779922779923
band_zero_del,anchor,natural256_deep,deep,256,202,17,25802017,1,800,add_chord,local_chord_anywhere,add_chord,1,0,"13,14,67",3,256.0,0.2707862813252504,0.5828777849690111,15.440629634698617,15.440629634698617,0.2,9.0,11.0,1.0
band_zero_del,anchor,natural256_deep,deep,256,202,17,25802017,2,800,local_swap,local_swap_anywhere,local_swap,1,0,"9,41,52",3,256.0,0.33632505016187736,0.5472109584688741,7.891561944833293,7.891561944833293,0.1,11.0,11.0,0.9847328244274809
band_zero_del,anchor,natural256_deep,deep,256,202,17,25802017,2,800,add_chord,local_chord_anywhere,add_chord,1,0,"9,41,52",3,256.0,0.25756952989211895,0.8518576514630994,7.85526124383923,7.85526124383923,0.3,11.0,12.0,1.0
band_zero_del,anchor,natural256_deep,deep,256,202,17,25802017,3,800,local_swap,local_swap_anywhere,local_swap,1,0,"12,14,162",3,256.0,0.23779745220038492,0.35970593645620696,7.905595918025271,13.90024320771457,0.0,9.0,9.0,1.0
band_zero_del,anchor,natural256_deep,deep,256,202,17,25802017,3,800,add_chord,local_chord_anywhere,add_chord,1,0,"12,14,162",3,256.0,0.2567152064986992,0.3273545321803455,8.396534530296364,24.438335851701776,0.2,7.0,8.0,1.0
band_pdel_0005,near_delete_control,natural48_deep,deep,48,101,0,4901000,0,240,local_swap,local_swap_anywhere,local_swap,1,0,"7,8,9",3,48.0,0.34510277485314445,0.36094297991309915,6.090816436334916,8.31156212186834,0.0,6.0,6.0,0.9607843137254902
band_pdel_0005,near_delete_control,natural48_deep,deep,48,101,0,4901000,0,240,add_chord,local_chord_anywhere,add_chord,1,0,"7,8,9",3,48.0,0.1419582603974389,0.3610286724328308,6.09016103399189,8.309589318167378,0.1,4.0,4.0,0.9607843137254902
band_pdel_0005,near_delete_control,natural48_deep,deep,48,101,0,4901000,1,240,local_swap,local_swap_anywhere,local_swap,1,0,"2,3,5",3,48.0,0.23320630031534242,0.48848771556250903,6.079989380390457,10.163275189686981,0.1,4.0,6.0,1.0
band_pdel_0005,near_delete_control,natural48_deep,deep,48,101,0,4901000,1,240,add_chord,local_chord_anywhere,add_chord,1,0,"2,3,5",3,48.0,0.16423966513850807,0.1793589457666875,11.739399750736503,16.726235689980246,0.2,2.0,3.0,1.0
band_pdel_0005,near_delete_control,natural48_deep,deep,48,101,0,4901000,2,240,local_swap,local_swap_anywhere,local_swap,1,0,"8,13,27",3,48.0,0.2944027488525098,1.2772386180009816,5.480573403704131,5.480573403704131,0.2,6.0,7.0,1.0
band_pdel_0005,near_delete_control,natural48_deep,deep,48,101,0,4901000,2,240,add_chord,local_chord_anywhere,add_chord,1,0,"8,13,27",3,48.0,0.019095321245808015,0.045884514182258196,nan,nan,0.0,1.0,1.0,1.0
band_pdel_0005,near_delete_control,natural48_deep,deep,48,101,0,4901000,3,240,local_swap,local_swap_anywhere,local_swap,1,0,"1,2,3",3,48.0,0.21556070527742754,0.2505431357236343,10.7544823499512,11.973986001792518,0.1,4.0,4.0,0.9607843137254902
band_pdel_0005,near_delete_control,natural48_deep,deep,48,101,0,4901000,3,240,add_chord,local_chord_anywhere,add_chord,1,0,"1,2,3",3,48.0,0.401844806604143,1.0622631485829688,6.5897042642755865,6.5897042642755865,0.2,8.0,8.0,0.9591836734693877
band_pdel_0005,near_delete_control,natural48_deep,deep,48,101,17,4901017,0,240,local_swap,local_swap_anywhere,local_swap,1,0,"7,8,9",3,48.0,0.23554032133015088,0.3669899521173082,5.860065967141307,11.179779822333817,0.4,5.0,6.0,1.0
band_pdel_0005,near_delete_control,natural48_deep,deep,48,101,17,4901017,0,240,add_chord,local_chord_anywhere,add_chord,1,0,"7,8,9",3,48.0,0.27649142549823147,0.7361442001616955,6.03868104887422,8.150577018309848,0.2,5.0,7.0,1.0
band_pdel_0005,near_delete_control,natural48_deep,deep,48,101,17,4901017,1,240,local_swap,local_swap_anywhere,local_swap,1,0,"2,3,5",3,48.0,0.22370995397151008,0.741589514598317,4.045364640336041,4.045364640336041,0.2,6.0,6.0,1.0
band_pdel_0005,near_delete_control,natural48_deep,deep,48,101,17,4901017,1,240,add_chord,local_chord_anywhere,add_chord,1,0,"2,3,5",3,48.0,0.020027488150142988,0.0560819207575999,nan,nan,0.0,1.0,1.0,1.0
band_pdel_0005,near_delete_control,natural48_deep,deep,48,101,17,4901017,2,240,local_swap,local_swap_anywhere,local_swap,1,0,"8,13,27",3,48.0,0.32364043438534557,0.697354455698805,2.867981961907506,10.429712780621186,0.3,6.0,7.0,1.0
band_pdel_0005,near_delete_control,natural48_deep,deep,48,101,17,4901017,2,240,add_chord,local_chord_anywhere,add_chord,1,0,"8,13,27",3,48.0,0.3687129222268301,0.890977016155786,2.8665482899352024,5.55421858161698,0.2,7.0,8.0,1.0
band_pdel_0005,near_delete_control,natural48_deep,deep,48,101,17,4901017,3,240,local_swap,local_swap_anywhere,local_swap,1,0,"1,2,3",3,48.0,0.15672334619839237,0.29468998056275003,6.786793348659944,12.985286679239522,0.0,4.0,4.0,1.0
band_pdel_0005,near_delete_control,natural48_deep,deep,48,101,17,4901017,3,240,add_chord,local_chord_anywhere,add_chord,1,0,"1,2,3",3,48.0,0.21076798182761053,0.5509089412229023,3.6303640227011367,6.770768914466374,0.1,7.0,7.0,1.0
band_pdel_0005,near_delete_control,natural48_deep,deep,48,202,0,5002000,0,240,local_swap,local_swap_anywhere,local_swap,1,0,"5,6,8",3,48.0,0.328030882667457,0.33208461987649474,9.595061915839269,10.877728919988018,0.1,4.0,5.0,1.0
band_pdel_0005,near_delete_control,natural48_deep,deep,48,202,0,5002000,0,240,add_chord,local_chord_anywhere,add_chord,1,0,"5,6,8",3,48.0,0.2660805189742845,0.32066034362499696,9.268680091990452,14.132585783603103,0.1,4.0,5.0,0.98
band_pdel_0005,near_delete_control,natural48_deep,deep,48,202,0,5002000,1,240,local_swap,local_swap_anywhere,local_swap,1,0,"6,8,10",3,48.0,0.5501519613538106,0.6444943428608972,7.393071750128694,10.886340917178256,0.0,9.0,9.0,0.9795918367346939
band_pdel_0005,near_delete_control,natural48_deep,deep,48,202,0,5002000,1,240,add_chord,local_chord_anywhere,add_chord,1,0,"6,8,10",3,48.0,0.22936855489376223,0.2780699532542934,10.642865609572087,14.384869537997234,0.1,4.0,4.0,1.0
band_pdel_0005,near_delete_control,natural48_deep,deep,48,202,0,5002000,2,240,local_swap,local_swap_anywhere,local_swap,1,0,"5,6,14",3,48.0,0.3190381053285445,0.5488918556940047,7.143794211836221,7.143794211836221,0.1,6.0,6.0,1.0
band_pdel_0005,near_delete_control,natural48_deep,deep,48,202,0,5002000,2,240,add_chord,local_chord_anywhere,add_chord,1,0,"5,6,14",3,48.0,0.17500618655520533,0.20086076856989274,10.15237689868958,19.914292016701786,0.0,4.0,4.0,1.0
band_pdel_0005,near_delete_control,natural48_deep,deep,48,202,0,5002000,3,240,local_swap,local_swap_anywhere,local_swap,1,0,"5,6,19",3,48.0,0.3887998994523622,0.39747037023442555,7.8821265618699385,13.020340619839503,0.1,8.0,8.0,1.0
band_pdel_0005,near_delete_control,natural48_deep,deep,48,202,0,5002000,3,240,add_chord,local_chord_anywhere,add_chord,1,0,"5,6,19",3,48.0,0.09268848058972087,0.15033754467984528,20.52651717243929,21.88739164793678,0.0,3.0,3.0,1.0
band_pdel_0005,near_delete_control,natural48_deep,deep,48,202,17,5002017,0,240,local_swap,local_swap_anywhere,local_swap,1,0,"5,6,8",3,48.0,0.2674481342527934,0.3745820986788304,8.141761851439455,8.141761851439455,0.1,5.0,5.0,1.0
band_pdel_0005,near_delete_control,natural48_deep,deep,48,202,17,5002017,0,240,add_chord,local_chord_anywhere,add_chord,1,0,"5,6,8",3,48.0,0.06731612758379554,0.28939353849094196,6.911004338345309,23.6413263506175,0.2,5.0,5.0,1.0
band_pdel_0005,near_delete_control,natural48_deep,deep,48,202,17,5002017,1,240,local_swap,local_swap_anywhere,local_swap,1,0,"6,8,10",3,48.0,0.42806921091717665,1.380929249791554,2.172450181971914,2.172450181971914,0.1,7.0,8.0,1.0
band_pdel_0005,near_delete_control,natural48_deep,deep,48,202,17,5002017,1,240,add_chord,local_chord_anywhere,add_chord,1,0,"6,8,10",3,48.0,0.15570442535318046,0.3507791831938735,5.823486325601794,8.552388920815515,0.1,4.0,4.0,1.0
band_pdel_0005,near_delete_control,natural48_deep,deep,48,202,17,5002017,2,240,local_swap,local_swap_anywhere,local_swap,1,0,"5,6,14",3,48.0,0.32889502607204274,1.753869776933925,2.280671035333483,2.280671035333483,0.1,6.0,7.0,0.9795918367346939
band_pdel_0005,near_delete_control,natural48_deep,deep,48,202,17,5002017,2,240,add_chord,local_chord_anywhere,add_chord,1,0,"5,6,14",3,48.0,0.4419058409879763,0.7169141159428791,6.458101391273867,8.369203320970815,0.1,7.0,7.0,1.0
band_pdel_0005,near_delete_control,natural48_deep,deep,48,202,17,5002017,3,240,local_swap,local_swap_anywhere,local_swap,1,0,"5,6,19",3,48.0,0.20854183689022254,2.420529308313962,2.065663895424091,2.065663895424091,0.2,7.0,7.0,1.0
band_pdel_0005,near_delete_control,natural48_deep,deep,48,202,17,5002017,3,240,add_chord,local_chord_anywhere,add_chord,1,0,"5,6,19",3,48.0,0.053883620200816315,0.30965498081578,6.4588013237540665,nan,0.3,1.0,2.0,1.0
band_pdel_0005,near_delete_control,natural96_deep,deep,96,101,0,9701000,0,480,local_swap,local_swap_anywhere,local_swap,1,0,"9,15,58",3,96.0,0.2972973807128681,0.3886413409373605,11.696281528647855,15.438398770261173,0.1,8.0,8.0,1.0
band_pdel_0005,near_delete_control,natural96_deep,deep,96,101,0,9701000,0,480,add_chord,local_chord_anywhere,add_chord,1,0,"9,15,58",3,96.0,0.3419609144387547,0.2949812826555497,15.771062911508954,15.771062911508954,0.0,8.0,8.0,1.0
band_pdel_0005,near_delete_control,natural96_deep,deep,96,101,0,9701000,1,480,local_swap,local_swap_anywhere,local_swap,1,0,"0,1,12",3,96.0,0.22084236830810644,0.5227473120658805,11.477820854378368,11.477820854378368,0.1,6.0,7.0,0.968421052631579
band_pdel_0005,near_delete_control,natural96_deep,deep,96,101,0,9701000,1,480,add_chord,local_chord_anywhere,add_chord,1,0,"0,1,12",3,96.0,0.23576120245068105,0.3872390849749374,11.673963277247465,11.673963277247465,0.0,6.0,6.0,0.9791666666666666
band_pdel_0005,near_delete_control,natural96_deep,deep,96,101,0,9701000,2,480,local_swap,local_swap_anywhere,local_swap,1,0,"0,1,70",3,96.0,0.2950894860414194,0.3961669078439896,5.981475296883506,15.145131713936081,0.0,9.0,9.0,0.979381443298969
band_pdel_0005,near_delete_control,natural96_deep,deep,96,101,0,9701000,2,480,add_chord,local_chord_anywhere,add_chord,1,0,"0,1,70",3,96.0,0.2449732942386274,0.3019411439954139,14.71688839541443,19.496282697790072,0.1,7.0,7.0,0.98989898989899
band_pdel_0005,near_delete_control,natural96_deep,deep,96,101,0,9701000,3,480,local_swap,local_swap_anywhere,local_swap,1,0,"4,5,16",3,96.0,0.237330347514067,0.44313526633307904,11.283236473988488,11.283236473988488,0.1,7.0,7.0,0.9897959183673469
band_pdel_0005,near_delete_control,natural96_deep,deep,96,101,0,9701000,3,480,add_chord,local_chord_anywhere,add_chord,1,0,"4,5,16",3,96.0,0.2543241125546645,0.40287586105390977,12.627901577707629,12.627901577707629,0.1,8.0,8.0,1.0
band_pdel_0005,near_delete_control,natural96_deep,deep,96,101,17,9701017,0,480,local_swap,local_swap_anywhere,local_swap,1,0,"9,15,58",3,96.0,0.18517573383824087,0.44796338616964027,6.696975897186212,6.696975897186212,0.1,7.0,7.0,1.0
band_pdel_0005,near_delete_control,natural96_deep,deep,96,101,17,9701017,0,480,add_chord,local_chord_anywhere,add_chord,1,0,"9,15,58",3,96.0,0.2569203276030994,0.2984375158179498,6.701570325427927,11.109430264406017,0.1,8.0,8.0,1.0
band_pdel_0005,near_delete_control,natural96_deep,deep,96,101,17,9701017,1,480,local_swap,local_swap_anywhere,local_swap,1,0,"0,1,12",3,96.0,0.13799827013112856,0.8220571125793232,6.0823024623091895,6.0823024623091895,0.2,6.0,6.0,1.0
band_pdel_0005,near_delete_control,natural96_deep,deep,96,101,17,9701017,1,480,add_chord,local_chord_anywhere,add_chord,1,0,"0,1,12",3,96.0,0.18432180799406228,0.8398630773592151,5.95335136736993,5.95335136736993,0.1,7.0,7.0,1.0
band_pdel_0005,near_delete_control,natural96_deep,deep,96,101,17,9701017,2,480,local_swap,local_swap_anywhere,local_swap,1,0,"0,1,70",3,96.0,0.21328332973308778,0.6714691630138916,5.957086669544118,5.957086669544118,0.0,7.0,7.0,0.98
band_pdel_0005,near_delete_control,natural96_deep,deep,96,101,17,9701017,2,480,add_chord,local_chord_anywhere,add_chord,1,0,"0,1,70",3,96.0,0.15252687826948266,0.48965766757164747,6.126729343130393,6.126729343130393,0.2,5.0,6.0,1.0
band_pdel_0005,near_delete_control,natural96_deep,deep,96,101,17,9701017,3,480,local_swap,local_swap_anywhere,local_swap,1,0,"4,5,16",3,96.0,0.13765482930531978,0.4572888594622524,6.560404737451601,6.560404737451601,0.3,5.0,5.0,1.0
band_pdel_0005,near_delete_control,natural96_deep,deep,96,101,17,9701017,3,480,add_chord,local_chord_anywhere,add_chord,1,0,"4,5,16",3,96.0,0.09292308087128413,0.6860069435653533,5.830844771353156,5.830844771353156,0.3,4.0,5.0,1.0
band_pdel_0005,near_delete_control,natural96_deep,deep,96,202,0,9802000,0,480,local_swap,local_swap_anywhere,local_swap,1,0,"8,10,64",3,96.0,0.1593269865858724,0.17948574039611176,18.582051655259995,29.38616900823522,0.0,8.0,8.0,1.0
band_pdel_0005,near_delete_control,natural96_deep,deep,96,202,0,9802000,0,480,add_chord,local_chord_anywhere,add_chord,1,0,"8,10,64",3,96.0,0.22847476214734605,0.6312533247563399,5.766355724511319,5.766355724511319,0.1,8.0,9.0,1.0
band_pdel_0005,near_delete_control,natural96_deep,deep,96,202,0,9802000,1,480,local_swap,local_swap_anywhere,local_swap,1,0,"6,7,18",3,96.0,0.2040530206372872,0.34983638681182544,5.7169581993075695,19.890612467561432,0.0,7.0,7.0,1.0
band_pdel_0005,near_delete_control,natural96_deep,deep,96,202,0,9802000,1,480,add_chord,local_chord_anywhere,add_chord,1,0,"6,7,18",3,96.0,0.27555354540114735,0.26547780927479614,11.46152290436743,19.228273828972696,0.1,9.0,9.0,1.0
band_pdel_0005,near_delete_control,natural96_deep,deep,96,202,0,9802000,2,480,local_swap,local_swap_anywhere,local_swap,1,0,"6,7,8",3,96.0,0.13632698742211619,0.5232694391879382,5.733184045022196,5.733184045022196,0.1,5.0,7.0,1.0
band_pdel_0005,near_delete_control,natural96_deep,deep,96,202,0,9802000,2,480,add_chord,local_chord_anywhere,add_chord,1,0,"6,7,8",3,96.0,0.23994288479778805,0.23811136958150006,15.387208924529048,15.387208924529048,0.1,7.0,7.0,1.0
band_pdel_0005,near_delete_control,natural96_deep,deep,96,202,0,9802000,3,480,local_swap,local_swap_anywhere,local_swap,1,0,"0,13,39",3,96.0,0.24985726763893487,0.6696724146838846,5.731571784939703,8.95960452967481,0.2,8.0,9.0,0.9787234042553191
band_pdel_0005,near_delete_control,natural96_deep,deep,96,202,0,9802000,3,480,add_chord,local_chord_anywhere,add_chord,1,0,"0,13,39",3,96.0,0.19657857890026106,0.4717828520287121,15.030933307046856,15.030933307046856,0.1,7.0,9.0,1.0
band_pdel_0005,near_delete_control,natural96_deep,deep,96,202,17,9802017,0,480,local_swap,local_swap_anywhere,local_swap,1,0,"8,10,64",3,96.0,0.24870556405498614,0.3104210026036972,21.77257617436203,21.77257617436203,0.0,8.0,8.0,1.0
band_pdel_0005,near_delete_control,natural96_deep,deep,96,202,17,9802017,0,480,add_chord,local_chord_anywhere,add_chord,1,0,"8,10,64",3,96.0,0.16266212077586958,0.15885003806186487,26.0354869751315,28.600740742968245,0.1,6.0,6.0,1.0
band_pdel_0005,near_delete_control,natural96_deep,deep,96,202,17,9802017,1,480,local_swap,local_swap_anywhere,local_swap,1,0,"6,7,18",3,96.0,0.2304252827804814,0.28513364170067024,16.948996208282715,26.466368943918333,0.2,5.0,8.0,1.0
band_pdel_0005,near_delete_control,natural96_deep,deep,96,202,17,9802017,1,480,add_chord,local_chord_anywhere,add_chord,1,0,"6,7,18",3,96.0,0.009536390370373429,0.07097545915171605,28.178753951064,nan,0.1,0.0,2.0,1.0
band_pdel_0005,near_delete_control,natural96_deep,deep,96,202,17,9802017,2,480,local_swap,local_swap_anywhere,local_swap,1,0,"6,7,8",3,96.0,0.10328290923451151,0.1395597344003336,28.661562141740784,28.661562141740784,0.2,2.0,4.0,1.0
band_pdel_0005,near_delete_control,natural96_deep,deep,96,202,17,9802017,2,480,add_chord,local_chord_anywhere,add_chord,1,0,"6,7,8",3,96.0,0.10508083544977591,0.10847732584454899,25.24046795575549,33.54912413664638,0.1,4.0,4.0,1.0
band_pdel_0005,near_delete_control,natural96_deep,deep,96,202,17,9802017,3,480,local_swap,local_swap_anywhere,local_swap,1,0,"0,13,39",3,96.0,0.2897926146720236,0.38534180098739224,10.940196182111524,14.883257587070956,0.1,7.0,7.0,1.0
band_pdel_0005,near_delete_control,natural96_deep,deep,96,202,17,9802017,3,480,add_chord,local_chord_anywhere,add_chord,1,0,"0,13,39",3,96.0,0.15928070815495218,0.1475678373314238,23.937182841304402,29.421951944278838,0.0,5.0,5.0,1.0
band_pdel_0005,near_delete_control,natural192_deep,deep,192,101,0,19301000,0,800,local_swap,local_swap_anywhere,local_swap,1,0,"7,8,23",3,192.0,0.3367249391720363,0.3461922920777775,9.826164869995365,35.9107425411991,0.2,14.0,14.0,1.0
band_pdel_0005,near_delete_control,natural192_deep,deep,192,101,0,19301000,0,800,add_chord,local_chord_anywhere,add_chord,1,0,"7,8,23",3,192.0,0.15934050462565735,0.2713383092421997,18.12885984464963,18.12885984464963,0.2,11.0,11.0,1.0
band_pdel_0005,near_delete_control,natural192_deep,deep,192,101,0,19301000,1,800,local_swap,local_swap_anywhere,local_swap,1,0,"0,1,2",3,192.0,0.20849714258149132,0.21625213854259473,16.480905151680872,23.95065180422315,0.0,8.0,8.0,1.0
band_pdel_0005,near_delete_control,natural192_deep,deep,192,101,0,19301000,1,800,add_chord,local_chord_anywhere,add_chord,1,0,"0,1,2",3,192.0,0.14026684671516765,0.15859017215109855,23.596178711059714,38.688016794107384,0.0,7.0,7.0,1.0
band_pdel_0005,near_delete_control,natural192_deep,deep,192,101,0,19301000,2,800,local_swap,local_swap_anywhere,local_swap,1,0,"0,1,15",3,192.0,0.24133615567679484,0.24022945292854894,15.498385170174627,31.388189422795303,0.2,8.0,8.0,1.0
band_pdel_0005,near_delete_control,natural192_deep,deep,192,101,0,19301000,2,800,add_chord,local_chord_anywhere,add_chord,1,0,"0,1,15",3,192.0,0.3136106178983985,0.2822291853864024,21.879024584229533,28.353454987939728,0.1,9.0,10.0,0.9948186528497409
band_pdel_0005,near_delete_control,natural192_deep,deep,192,101,0,19301000,3,800,local_swap,local_swap_anywhere,local_swap,1,0,"18,38,160",3,192.0,0.1314139195519604,0.22347168241600623,22.651141638185365,22.651141638185365,0.2,4.0,8.0,1.0
band_pdel_0005,near_delete_control,natural192_deep,deep,192,101,0,19301000,3,800,add_chord,local_chord_anywhere,add_chord,1,0,"18,38,160",3,192.0,0.314887805048965,0.29239889285474474,22.647788922549285,22.647788922549285,0.0,11.0,11.0,1.0
band_pdel_0005,near_delete_control,natural192_deep,deep,192,101,17,19301017,0,800,local_swap,local_swap_anywhere,local_swap,1,0,"7,8,23",3,192.0,0.20320875914269473,0.4043421652686631,12.222873468227341,19.78522322717553,0.0,11.0,11.0,0.9948186528497409
band_pdel_0005,near_delete_control,natural192_deep,deep,192,101,17,19301017,0,800,add_chord,local_chord_anywhere,add_chord,1,0,"7,8,23",3,192.0,0.31469752817685676,0.41679561634014295,21.593317317078462,21.593317317078462,0.2,12.0,12.0,1.0
band_pdel_0005,near_delete_control,natural192_deep,deep,192,101,17,19301017,1,800,local_swap,local_swap_anywhere,local_swap,1,0,"0,1,2",3,192.0,0.20928236929735577,0.18470216808505224,29.47576702189505,33.37729706869373,0.0,9.0,9.0,1.0
band_pdel_0005,near_delete_control,natural192_deep,deep,192,101,17,19301017,1,800,add_chord,local_chord_anywhere,add_chord,1,0,"0,1,2",3,192.0,0.25097427720408155,0.4405862475181404,9.807022408689148,15.887922147891796,0.1,10.0,11.0,1.0
band_pdel_0005,near_delete_control,natural192_deep,deep,192,101,17,19301017,2,800,local_swap,local_swap_anywhere,local_swap,1,0,"0,1,15",3,192.0,0.2825938782793137,0.3335788219713971,16.74197740301411,16.74197740301411,0.0,10.0,10.0,1.0
band_pdel_0005,near_delete_control,natural192_deep,deep,192,101,17,19301017,2,800,add_chord,local_chord_anywhere,add_chord,1,0,"0,1,15",3,192.0,0.15365099248534633,0.2980094570651084,16.777991038410608,16.777991038410608,0.0,9.0,9.0,1.0
band_pdel_0005,near_delete_control,natural192_deep,deep,192,101,17,19301017,3,800,local_swap,local_swap_anywhere,local_swap,1,0,"18,38,160",3,192.0,0.10294292121522908,0.12194102727386727,32.80274153354804,32.80274153354804,0.2,4.0,4.0,1.0
band_pdel_0005,near_delete_control,natural192_deep,deep,192,101,17,19301017,3,800,add_chord,local_chord_anywhere,add_chord,1,0,"18,38,160",3,192.0,0.04881140674331999,0.07133255065699404,39.53579092436149,42.05653621480105,0.0,3.0,3.0,1.0
band_pdel_0005,near_delete_control,natural192_deep,deep,192,202,0,19402000,0,800,local_swap,local_swap_anywhere,local_swap,1,0,"1,27,164",3,192.0,0.44774422746274184,0.42913498101118686,6.383774365911572,10.866260060355811,0.1,12.0,12.0,1.0
band_pdel_0005,near_delete_control,natural192_deep,deep,192,202,0,19402000,0,800,add_chord,local_chord_anywhere,add_chord,1,0,"1,27,164",3,192.0,0.44957907124418084,0.9721668461013004,6.4042456696295735,6.4042456696295735,0.0,13.0,13.0,0.9947916666666666
band_pdel_0005,near_delete_control,natural192_deep,deep,192,202,0,19402000,1,800,local_swap,local_swap_anywhere,local_swap,1,0,"13,45,60",3,192.0,0.3298529998031438,0.8810140448428936,6.398001132617225,6.398001132617225,0.1,11.0,11.0,0.9845360824742269
band_pdel_0005,near_delete_control,natural192_deep,deep,192,202,0,19402000,1,800,add_chord,local_chord_anywhere,add_chord,1,0,"13,45,60",3,192.0,0.3317915190117307,0.3612750533887194,16.62468185442732,16.62468185442732,0.1,10.0,10.0,1.0
band_pdel_0005,near_delete_control,natural192_deep,deep,192,202,0,19402000,2,800,local_swap,local_swap_anywhere,local_swap,1,0,"4,5,6",3,192.0,0.1392141629407203,0.35370681625337097,8.481600755612831,8.481600755612831,0.1,7.0,7.0,1.0
band_pdel_0005,near_delete_control,natural192_deep,deep,192,202,0,19402000,2,800,add_chord,local_chord_anywhere,add_chord,1,0,"4,5,6",3,192.0,0.2316371537567546,0.5702395252013984,6.342718277825421,10.857632028839557,0.1,7.0,11.0,1.0
band_pdel_0005,near_delete_control,natural192_deep,deep,192,202,0,19402000,3,800,local_swap,local_swap_anywhere,local_swap,1,0,"4,5,33",3,192.0,0.42687262040029605,0.5628199212295064,10.267946071290226,10.267946071290226,0.2,11.0,11.0,1.0
band_pdel_0005,near_delete_control,natural192_deep,deep,192,202,0,19402000,3,800,add_chord,local_chord_anywhere,add_chord,1,0,"4,5,33",3,192.0,0.45184436345228707,0.9392456782544961,7.821261379949499,13.840894135557093,0.1,15.0,15.0,0.979381443298969
band_pdel_0005,near_delete_control,natural192_deep,deep,192,202,17,19402017,0,800,local_swap,local_swap_anywhere,local_swap,1,0,"1,27,164",3,192.0,0.10985207763624175,0.1163249377450229,25.78982682609137,25.78982682609137,0.1,3.0,3.0,1.0
band_pdel_0005,near_delete_control,natural192_deep,deep,192,202,17,19402017,0,800,add_chord,local_chord_anywhere,add_chord,1,0,"1,27,164",3,192.0,0.3501180014056179,0.32045983066567246,21.01948957835416,27.549478947949808,0.1,10.0,10.0,1.0
band_pdel_0005,near_delete_control,natural192_deep,deep,192,202,17,19402017,1,800,local_swap,local_swap_anywhere,local_swap,1,0,"13,45,60",3,192.0,0.2854749437276413,0.7224447328858478,11.0735114200965,11.0735114200965,0.1,9.0,9.0,0.9948186528497409
band_pdel_0005,near_delete_control,natural192_deep,deep,192,202,17,19402017,1,800,add_chord,local_chord_anywhere,add_chord,1,0,"13,45,60",3,192.0,0.35783485360972017,0.3922545610672789,17.84555412422437,17.84555412422437,0.1,10.0,10.0,0.9896907216494846
band_pdel_0005,near_delete_control,natural192_deep,deep,192,202,17,19402017,2,800,local_swap,local_swap_anywhere,local_swap,1,0,"4,5,6",3,192.0,0.5228224645408934,0.7134528369852609,11.114940872276943,14.01634345201516,0.1,12.0,12.0,1.0
band_pdel_0005,near_delete_control,natural192_deep,deep,192,202,17,19402017,2,800,add_chord,local_chord_anywhere,add_chord,1,0,"4,5,6",3,192.0,0.4450886277739254,0.43466419679576135,21.097028958064712,23.486493634968348,0.0,11.0,11.0,1.0
band_pdel_0005,near_delete_control,natural192_deep,deep,192,202,17,19402017,3,800,local_swap,local_swap_anywhere,local_swap,1,0,"4,5,33",3,192.0,0.33753041742248985,0.4752574637251768,7.407940305533155,13.379952852355748,0.1,11.0,11.0,1.0
band_pdel_0005,near_delete_control,natural192_deep,deep,192,202,17,19402017,3,800,add_chord,local_chord_anywhere,add_chord,1,0,"4,5,33",3,192.0,0.3605214715182274,0.48277817674640977,13.823077456728727,13.823077456728727,0.3,10.0,11.0,1.0
band_pdel_0005,near_delete_control,natural256_deep,deep,256,101,0,25701000,0,800,local_swap,local_swap_anywhere,local_swap,1,0,"7,8,9",3,256.0,0.350793377684702,0.6926830864240446,7.895150660741166,12.960039536104787,0.0,12.0,12.0,0.9883268482490273
band_pdel_0005,near_delete_control,natural256_deep,deep,256,101,0,25701000,0,800,add_chord,local_chord_anywhere,add_chord,1,0,"7,8,9",3,256.0,0.19773362865860317,0.39895990438709533,7.9132092044320865,7.9132092044320865,0.2,8.0,9.0,1.0
band_pdel_0005,near_delete_control,natural256_deep,deep,256,101,0,25701000,1,800,local_swap,local_swap_anywhere,local_swap,1,0,"0,1,2",3,256.0,0.12925498366284063,0.38415305703853303,13.015645478771935,13.015645478771935,0.2,6.0,6.0,0.9922178988326849
band_pdel_0005,near_delete_control,natural256_deep,deep,256,101,0,25701000,1,800,add_chord,local_chord_anywhere,add_chord,1,0,"0,1,2",3,256.0,0.3773709801684582,0.6377293664169749,12.747659339525796,12.747659339525796,0.2,11.0,12.0,1.0
band_pdel_0005,near_delete_control,natural256_deep,deep,256,101,0,25701000,2,800,local_swap,local_swap_anywhere,local_swap,1,0,"11,12,89",3,256.0,0.37655977936841095,0.7345250440213031,7.858795819591759,7.858795819591759,0.1,13.0,13.0,0.9923371647509579
band_pdel_0005,near_delete_control,natural256_deep,deep,256,101,0,25701000,2,800,add_chord,local_chord_anywhere,add_chord,1,0,"11,12,89",3,256.0,0.37708566494014256,0.7346252124903205,7.8571251094526,7.8571251094526,0.1,13.0,13.0,0.9884615384615385
band_pdel_0005,near_delete_control,natural256_deep,deep,256,101,0,25701000,3,800,local_swap,local_swap_anywhere,local_swap,1,0,"6,47,97",3,256.0,0.3185020193474253,0.6594727737939661,7.8992466984818765,7.8992466984818765,0.2,11.0,11.0,0.9922480620155039
band_pdel_0005,near_delete_control,natural256_deep,deep,256,101,0,25701000,3,800,add_chord,local_chord_anywhere,add_chord,1,0,"6,47,97",3,256.0,0.20285979731896164,0.3736279473096443,8.0293779456325,8.0293779456325,0.1,7.0,7.0,0.9923076923076923
band_pdel_0005,near_delete_control,natural256_deep,deep,256,101,17,25701017,0,800,local_swap,local_swap_anywhere,local_swap,1,0,"7,8,9",3,256.0,0.2792771250272975,0.3564882748411584,11.680890320045497,15.991239537557679,0.0,8.0,8.0,1.0
band_pdel_0005,near_delete_control,natural256_deep,deep,256,101,17,25701017,0,800,add_chord,local_chord_anywhere,add_chord,1,0,"7,8,9",3,256.0,0.2824617415029516,0.8790263683117274,6.825733807648682,6.825733807648682,0.2,11.0,11.0,0.9921875
band_pdel_0005,near_delete_control,natural256_deep,deep,256,101,17,25701017,1,800,local_swap,local_swap_anywhere,local_swap,1,0,"0,1,2",3,256.0,0.33392019302808434,0.824274737257595,6.327082228529512,6.327082228529512,0.1,12.0,12.0,0.9921568627450981
band_pdel_0005,near_delete_control,natural256_deep,deep,256,101,17,25701017,1,800,add_chord,local_chord_anywhere,add_chord,1,0,"0,1,2",3,256.0,0.25685935870767806,1.0622679089013627,7.531056838828822,7.531056838828822,0.1,12.0,12.0,0.99609375
band_pdel_0005,near_delete_control,natural256_deep,deep,256,101,17,25701017,2,800,local_swap,local_swap_anywhere,local_swap,1,0,"11,12,89",3,256.0,0.38139784105923197,0.3516900324764429,17.25488440177768,17.25488440177768,0.1,10.0,11.0,1.0
band_pdel_0005,near_delete_control,natural256_deep,deep,256,101,17,25701017,2,800,add_chord,local_chord_anywhere,add_chord,1,0,"11,12,89",3,256.0,0.26352712777758663,0.3228230519480181,14.713921808499775,18.40708847725837,0.2,6.0,8.0,0.996078431372549
band_pdel_0005,near_delete_control,natural256_deep,deep,256,101,17,25701017,3,800,local_swap,local_swap_anywhere,local_swap,1,0,"6,47,97",3,256.0,0.4142436737550747,0.6957505420290514,7.2400806079944315,12.935670842243054,0.0,12.0,12.0,1.0
band_pdel_0005,near_delete_control,natural256_deep,deep,256,101,17,25701017,3,800,add_chord,local_chord_anywhere,add_chord,1,0,"6,47,97",3,256.0,0.36058467271845057,0.46200436247696164,14.715937184860366,14.715937184860366,0.2,10.0,11.0,1.0
band_pdel_0005,near_delete_control,natural256_deep,deep,256,202,0,25802000,0,800,local_swap,local_swap_anywhere,local_swap,1,0,"0,1,51",3,256.0,0.05496242742959352,0.3230485572563027,6.191019755625235,16.867696398047617,0.2,3.0,4.0,1.0
band_pdel_0005,near_delete_control,natural256_deep,deep,256,202,0,25802000,0,800,add_chord,local_chord_anywhere,add_chord,1,0,"0,1,51",3,256.0,0.0,0.0,nan,nan,0.0,0.0,0.0,1.0
band_pdel_0005,near_delete_control,natural256_deep,deep,256,202,0,25802000,1,800,local_swap,local_swap_anywhere,local_swap,1,0,"13,14,67",3,256.0,0.2096272762714048,0.3343440678080928,5.981861778232483,18.77421498366362,0.1,7.0,7.0,0.9922779922779923
band_pdel_0005,near_delete_control,natural256_deep,deep,256,202,0,25802000,1,800,add_chord,local_chord_anywhere,add_chord,1,0,"13,14,67",3,256.0,0.3214791927617844,1.3346651933894642,5.994012610521077,5.994012610521077,0.1,11.0,12.0,0.99609375
band_pdel_0005,near_delete_control,natural256_deep,deep,256,202,0,25802000,2,800,local_swap,local_swap_anywhere,local_swap,1,0,"9,41,52",3,256.0,0.3407697208452703,0.3239560564478527,17.57882865513089,19.686749973560573,0.1,9.0,9.0,1.0
band_pdel_0005,near_delete_control,natural256_deep,deep,256,202,0,25802000,2,800,add_chord,local_chord_anywhere,add_chord,1,0,"9,41,52",3,256.0,0.09862905602332393,0.10316005329204028,25.877000416361305,29.081024139326193,0.0,3.0,3.0,1.0
band_pdel_0005,near_delete_control,natural256_deep,deep,256,202,0,25802000,3,800,local_swap,local_swap_anywhere,local_swap,1,0,"12,14,162",3,256.0,0.4338139865867865,0.4108274408051646,16.323950518853138,19.38465584307018,0.2,12.0,12.0,0.9921875
band_pdel_0005,near_delete_control,natural256_deep,deep,256,202,0,25802000,3,800,add_chord,local_chord_anywhere,add_chord,1,0,"12,14,162",3,256.0,0.14258467501011468,0.19361978568944035,23.343387639493155,30.98856854238956,0.3,5.0,6.0,1.0
band_pdel_0005,near_delete_control,natural256_deep,deep,256,202,17,25802017,0,800,local_swap,local_swap_anywhere,local_swap,1,0,"0,1,51",3,256.0,0.18061998939398838,0.34245484165213297,8.760279123305292,8.760279123305292,0.1,6.0,6.0,1.0
band_pdel_0005,near_delete_control,natural256_deep,deep,256,202,17,25802017,0,800,add_chord,local_chord_anywhere,add_chord,1,0,"0,1,51",3,256.0,0.10369578660936464,0.3437177204671822,8.728092330888238,8.728092330888238,0.0,4.0,4.0,1.0
band_pdel_0005,near_delete_control,natural256_deep,deep,256,202,17,25802017,1,800,local_swap,local_swap_anywhere,local_swap,1,0,"13,14,67",3,256.0,0.27892649189001734,0.5826888182284411,15.445637050944029,15.445637050944029,0.0,10.0,10.0,0.99609375
band_pdel_0005,near_delete_control,natural256_deep,deep,256,202,17,25802017,1,800,add_chord,local_chord_anywhere,add_chord,1,0,"13,14,67",3,256.0,0.3024669131592546,0.46162592174912354,15.163793171485372,15.163793171485372,0.3,9.0,10.0,0.9882352941176471
band_pdel_0005,near_delete_control,natural256_deep,deep,256,202,17,25802017,2,800,local_swap,local_swap_anywhere,local_swap,1,0,"9,41,52",3,256.0,0.2545862494169675,0.6488368208716127,7.867931388372366,7.867931388372366,0.1,11.0,11.0,0.9961089494163424
band_pdel_0005,near_delete_control,natural256_deep,deep,256,202,17,25802017,2,800,add_chord,local_chord_anywhere,add_chord,1,0,"9,41,52",3,256.0,0.20901589056376385,0.5629669111477703,7.827935888347966,7.827935888347966,0.1,10.0,10.0,0.9922779922779923
band_pdel_0005,near_delete_control,natural256_deep,deep,256,202,17,25802017,3,800,local_swap,local_swap_anywhere,local_swap,1,0,"12,14,162",3,256.0,0.31599309016859356,0.3567813259153002,14.421125498916226,14.421125498916226,0.1,8.0,9.0,1.0
band_pdel_0005,near_delete_control,natural256_deep,deep,256,202,17,25802017,3,800,add_chord,local_chord_anywhere,add_chord,1,0,"12,14,162",3,256.0,0.30274856758209073,0.4400188910952909,8.409299337717657,13.872655069184148,0.0,9.0,9.0,0.9922178988326849
