candidate_name,ensemble,target_nodes,growth_seed,run_offset,run_seed,steps,requested_perturbation,actual_perturbation,requested_match,support_size,support_signature,final_alive,alive_fraction,last_alive_fraction,first_zero_step,mean_damage_fraction,max_damage_fraction,mean_radius_control,max_radius_control,mean_component_count,max_component_count,mean_largest_component_fraction,mean_boundary_to_volume,mean_shape_stability,outcome_class,first_meeting_time,fit_speed_control,mean_shared_node_fraction_final
band_zero_del,natural48_deep,48,101,0,4901000,360,local_swap,local_swap_anywhere,1,3,"7,8,9",1,1.0,1.0,-1,0.24833333333333332,0.4791666666666667,3.44,6.0,2.84,6,0.8299422917460338,1.8894949613435277,0.6060061882296257,persistent_diffuse,-1.0,0.19812938818718326,0.9615384615384616
band_zero_del,natural48_deep,48,101,0,4901000,360,add_chord,local_chord_anywhere,1,3,"7,8,9",1,1.0,1.0,-1,0.17166666666666666,0.4583333333333333,3.0,6.0,2.6,5,0.6907275005696059,2.240491341991342,0.6164052562193294,persistent_split,-1.0,0.1585480332328479,0.9607843137254902
band_zero_del,natural48_deep,48,101,0,4901000,360,token_shift,token_shift,1,2,"8,9",1,1.0,1.0,-1,0.20083333333333334,0.4166666666666667,4.72,6.0,2.92,5,0.5876144729023987,2.226310222972762,0.5570575509434205,persistent_split,-1.0,0.09528684371346478,1.0
band_zero_del,natural48_deep,48,101,17,4901017,360,local_swap,local_swap_anywhere,1,3,"7,8,9",1,1.0,1.0,-1,0.31583333333333335,0.5625,3.8,6.0,2.64,7,0.8580843485196695,1.1525949273800935,0.6853886986418969,persistent_diffuse,-1.0,0.18551123523327923,1.0
band_zero_del,natural48_deep,48,101,17,4901017,360,add_chord,local_chord_anywhere,1,3,"7,8,9",1,1.0,1.0,-1,0.38333333333333336,0.6458333333333334,4.6,6.0,2.88,6,0.7877059974493087,1.3206977010850907,0.6210058561605248,persistent_diffuse,-1.0,0.12836832646186175,1.0
band_zero_del,natural48_deep,48,101,17,4901017,360,token_shift,token_shift,1,2,"8,9",1,1.0,1.0,-1,0.23416666666666666,0.5208333333333334,4.6,7.0,3.8,9,0.6298386525665298,2.135071072150356,0.3692440141222643,persistent_split,-1.0,0.22983417818266594,1.0
band_zero_del,natural48_deep,48,202,0,5002000,360,local_swap,local_swap_anywhere,1,3,"5,6,8",1,1.0,1.0,-1,0.345,0.625,2.88,4.0,2.08,6,0.910820889598295,1.6181190530569665,0.71312532220051,persistent_diffuse,-1.0,0.24346730424551666,1.0
band_zero_del,natural48_deep,48,202,0,5002000,360,add_chord,local_chord_anywhere,1,3,"5,6,8",1,1.0,1.0,-1,0.27,0.4583333333333333,3.72,5.0,3.44,12,0.628492726571674,1.8254367007261745,0.584665758946786,persistent_split,-1.0,0.198013266997467,1.0
band_zero_del,natural48_deep,48,202,0,5002000,360,token_shift,token_shift,1,2,"6,8",0,0.08,0.041666666666666664,30,0.003333333333333333,0.041666666666666664,0.0,0.0,0.08,1,0.08,0.52,0.9583333333333334,dies_out,2.295750252555912,nan,1.0
band_zero_del,natural48_deep,48,202,17,5002017,360,local_swap,local_swap_anywhere,1,3,"5,6,8",1,1.0,1.0,-1,0.2733333333333333,0.4583333333333333,4.32,6.0,3.08,7,0.6876498150971835,1.8906748835959362,0.6271101421798017,persistent_split,-1.0,0.15373033813205195,1.0
band_zero_del,natural48_deep,48,202,17,5002017,360,add_chord,local_chord_anywhere,1,3,"5,6,8",1,1.0,1.0,-1,0.06,0.125,1.28,6.0,2.4,5,0.5166666666666666,2.83,0.8291997354497355,persistent_split,-1.0,0.2252436144571063,1.0
band_zero_del,natural48_deep,48,202,17,5002017,360,token_shift,token_shift,1,2,"6,8",1,1.0,1.0,-1,0.46416666666666667,0.6875,5.08,6.0,3.64,7,0.7124909247731127,1.356090091805239,0.6254944704295866,persistent_split,-1.0,0.0349735230552011,1.0
band_zero_del,natural96_deep,96,101,0,9701000,672,local_swap,local_swap_anywhere,1,3,"9,15,58",1,1.0,1.0,-1,0.16958333333333334,0.3333333333333333,5.52,8.0,5.2,9,0.5809512493591601,2.056407769951482,0.5420222353604782,persistent_split,-1.0,0.174036902059512,1.0
band_zero_del,natural96_deep,96,101,0,9701000,672,add_chord,local_chord_anywhere,1,3,"9,15,58",1,1.0,1.0,-1,0.2125,0.4791666666666667,5.68,8.0,5.88,12,0.5083886802936189,2.1298277130841012,0.5544536636198425,persistent_split,-1.0,0.26259982556308775,1.0
band_zero_del,natural96_deep,96,101,0,9701000,672,token_shift,token_shift,1,2,"15,58",1,1.0,1.0,-1,0.11291666666666667,0.1875,4.2,6.0,2.72,5,0.8513627548921666,1.5013101800160624,0.6825607705203294,persistent_diffuse,-1.0,0.1356627368786244,1.0
band_zero_del,natural96_deep,96,101,17,9701017,672,local_swap,local_swap_anywhere,1,3,"9,15,58",1,1.0,1.0,-1,0.20375000000000001,0.3854166666666667,4.72,7.0,4.04,8,0.7595071316264864,1.6951791433466956,0.5979532942869894,persistent_split,-1.0,0.14242179260924445,1.0
band_zero_del,natural96_deep,96,101,17,9701017,672,add_chord,local_chord_anywhere,1,3,"9,15,58",1,1.0,1.0,-1,0.1675,0.3541666666666667,5.76,7.0,3.8,8,0.6272343737985858,2.081064977747948,0.554386610844425,persistent_split,-1.0,0.14052749523290098,1.0
band_zero_del,natural96_deep,96,101,17,9701017,672,token_shift,token_shift,1,2,"15,58",0,0.04,0.0,28,0.0008333333333333333,0.020833333333333332,0.0,0.0,0.04,1,0.04,0.14,0.9583333333333334,dies_out,0.8784951406525161,nan,1.0
band_zero_del,natural96_deep,96,202,0,9802000,672,local_swap,local_swap_anywhere,1,3,"8,10,64",1,1.0,1.0,-1,0.3045833333333333,0.5416666666666666,6.48,8.0,4.48,9,0.7678663320098367,1.5335563361507667,0.6127109676815766,persistent_split,-1.0,0.046094235572813856,1.0
band_zero_del,natural96_deep,96,202,0,9802000,672,add_chord,local_chord_anywhere,1,3,"8,10,64",1,1.0,1.0,-1,0.14541666666666667,0.3333333333333333,4.96,8.0,4.32,9,0.651431003636886,2.1912183051153638,0.5898814760750807,persistent_split,-1.0,0.09024512646335608,1.0
band_zero_del,natural96_deep,96,202,0,9802000,672,token_shift,token_shift,1,2,"10,64",1,1.0,1.0,-1,0.255,0.4583333333333333,6.8,8.0,7.12,13,0.549308913380815,2.029465038356974,0.4632591337639792,persistent_split,-1.0,0.03600398255308186,1.0
band_zero_del,natural96_deep,96,202,17,9802017,672,local_swap,local_swap_anywhere,1,3,"8,10,64",1,1.0,1.0,-1,0.1275,0.22916666666666666,4.6,7.0,3.24,6,0.78395628880923,2.195087216704864,0.6317923719624403,persistent_diffuse,-1.0,0.3188736261542883,1.0
band_zero_del,natural96_deep,96,202,17,9802017,672,add_chord,local_chord_anywhere,1,3,"8,10,64",1,1.0,1.0,-1,0.19,0.4791666666666667,3.52,7.0,4.36,13,0.7060314871436891,2.227887716043396,0.6652432155789461,persistent_split,-1.0,0.23156237112890804,1.0
band_zero_del,natural96_deep,96,202,17,9802017,672,token_shift,token_shift,1,2,"10,64",1,1.0,1.0,-1,0.27875,0.5416666666666666,7.2,9.0,7.28,16,0.521012039995891,2.020985236985237,0.48611124203046435,persistent_split,-1.0,0.18594576047427594,0.98
band_zero_del,natural192_deep,192,101,0,19301000,1344,local_swap,local_swap_anywhere,1,3,"7,8,23",1,1.0,1.0,-1,0.15875,0.4010416666666667,7.4,12.0,8.84,18,0.5625554779460994,3.2211810316903673,0.5511910159759907,persistent_split,-1.0,0.3343869999045977,1.0
band_zero_del,natural192_deep,192,101,0,19301000,1344,add_chord,local_chord_anywhere,1,3,"7,8,23",1,1.0,1.0,-1,0.015,0.026041666666666668,0.96,5.0,2.28,4,0.5353333333333333,6.002,0.6873015873015873,persistent_split,-1.0,0.013127689450297995,1.0
band_zero_del,natural192_deep,192,101,0,19301000,1344,token_shift,token_shift,1,2,"8,23",1,1.0,1.0,-1,0.09416666666666666,0.2760416666666667,6.24,13.0,4.56,11,0.6405230016024973,3.0931348827385277,0.31743720460825725,persistent_split,-1.0,0.31872693150116266,1.0
band_zero_del,natural192_deep,192,101,17,19301017,1344,local_swap,local_swap_anywhere,1,3,"7,8,23",1,1.0,1.0,-1,0.02,0.057291666666666664,0.96,8.0,1.2,3,0.9724098124098124,6.401385281385282,0.9265151515151515,persistent_localized,-1.0,0.08347422365079776,1.0
band_zero_del,natural192_deep,192,101,17,19301017,1344,add_chord,local_chord_anywhere,1,3,"7,8,23",1,1.0,1.0,-1,0.17979166666666666,0.3541666666666667,7.96,11.0,9.0,15,0.496100539616799,2.539753132827073,0.5247104844035771,persistent_split,-1.0,0.19775246615109823,1.0
band_zero_del,natural192_deep,192,101,17,19301017,1344,token_shift,token_shift,1,2,"8,23",1,1.0,1.0,-1,0.25083333333333335,0.4895833333333333,8.12,11.0,8.04,16,0.6471426824100555,2.0888742795645383,0.5497944342190034,persistent_split,-1.0,0.20619024088983923,1.0
band_zero_del,natural192_deep,192,202,0,19402000,1344,local_swap,local_swap_anywhere,1,3,"1,27,164",1,1.0,1.0,-1,0.14395833333333333,0.3072916666666667,8.12,11.0,9.12,19,0.45162639000367244,2.1959065840959804,0.48432972076267616,persistent_split,-1.0,0.33000897220638503,1.0
band_zero_del,natural192_deep,192,202,0,19402000,1344,add_chord,local_chord_anywhere,1,3,"1,27,164",1,1.0,1.0,-1,0.32416666666666666,0.5677083333333334,10.76,13.0,9.36,18,0.6286197532029016,1.516590036417185,0.5768051178742346,persistent_split,-1.0,0.2649675230274532,1.0
band_zero_del,natural192_deep,192,202,0,19402000,1344,token_shift,token_shift,1,2,"1,164",0,0.04,0.0,56,0.00041666666666666664,0.010416666666666666,0.0,0.0,0.04,1,0.04,0.1,0.9583333333333334,dies_out,4.864748431136021,nan,1.0
band_zero_del,natural192_deep,192,202,17,19402017,1344,local_swap,local_swap_anywhere,1,3,"1,27,164",1,1.0,1.0,-1,0.14645833333333333,0.3177083333333333,7.2,11.0,8.8,18,0.5249238253953105,2.047771010866618,0.5466642477751911,persistent_split,-1.0,0.28521265685464536,1.0
band_zero_del,natural192_deep,192,202,17,19402017,1344,add_chord,local_chord_anywhere,1,3,"1,27,164",1,1.0,1.0,-1,0.13020833333333334,0.3125,8.08,13.0,5.92,11,0.6142425682616176,2.1308554798949015,0.679971131929841,persistent_split,-1.0,0.4654448924309512,1.0
band_zero_del,natural192_deep,192,202,17,19402017,1344,token_shift,token_shift,1,2,"1,164",1,1.0,1.0,-1,0.15895833333333334,0.3229166666666667,8.76,11.0,9.04,17,0.5424632969160897,1.8210968024916083,0.45536651430784675,persistent_split,-1.0,0.15751499436280517,1.0
band_zero_del,natural256_deep,256,101,0,25701000,1600,local_swap,local_swap_anywhere,1,3,"7,8,9",1,1.0,1.0,-1,0.21739783653846154,0.375,7.769230769230769,10.0,12.0,20,0.6505420530104543,1.7060747084879777,0.5584596164235088,persistent_split,-1.0,0.1557039290006912,1.0
band_zero_del,natural256_deep,256,101,0,25701000,1600,add_chord,local_chord_anywhere,1,3,"7,8,9",1,1.0,1.0,-1,0.2672776442307692,0.43359375,9.26923076923077,11.0,10.538461538461538,17,0.5822244879626329,1.8459027597873536,0.5669703365407853,persistent_split,-1.0,0.03866035317549822,1.0
band_zero_del,natural256_deep,256,101,0,25701000,1600,token_shift,token_shift,1,2,"8,9",1,1.0,1.0,-1,0.21875,0.4140625,8.153846153846153,11.0,8.846153846153847,16,0.5914658897874887,1.7844833960240494,0.5934363218,persistent_split,-1.0,0.12815013215096407,1.0
band_zero_del,natural256_deep,256,101,17,25701017,1600,local_swap,local_swap_anywhere,1,3,"7,8,9",1,1.0,1.0,-1,0.2569110576923077,0.43359375,8.153846153846153,11.0,13.884615384615385,28,0.675317140680841,1.7506891789121004,0.5602549300807768,persistent_split,-1.0,0.1935068272530424,1.0
band_zero_del,natural256_deep,256,101,17,25701017,1600,add_chord,local_chord_anywhere,1,3,"7,8,9",1,1.0,1.0,-1,0.11192908653846154,0.29296875,5.846153846153846,9.0,10.346153846153847,22,0.4683116713858678,3.1869976820405403,0.4689434557356344,persistent_split,-1.0,0.18427849810507094,1.0
band_zero_del,natural256_deep,256,101,17,25701017,1600,token_shift,token_shift,1,2,"8,9",1,1.0,1.0,-1,0.2325721153846154,0.41015625,7.730769230769231,9.0,9.423076923076923,20,0.7497595709203922,1.8706335133091097,0.5838330351484724,persistent_split,-1.0,0.1421669208031276,1.0
band_zero_del,natural256_deep,256,202,0,25802000,1600,local_swap,local_swap_anywhere,1,3,"0,1,51",1,1.0,1.0,-1,0.1993689903846154,0.4375,8.384615384615385,11.0,9.115384615384615,15,0.7476199953048296,2.5110990789198753,0.5750993028183792,persistent_split,-1.0,0.24036291875603855,1.0
band_zero_del,natural256_deep,256,202,0,25802000,1600,add_chord,local_chord_anywhere,1,3,"0,1,51",1,1.0,1.0,-1,0.011568509615384616,0.0234375,0.5769230769230769,2.0,2.0,3,0.5897435897435898,3.9775641025641026,0.8453333333333334,persistent_split,-1.0,0.047879473033548725,1.0
band_zero_del,natural256_deep,256,202,0,25802000,1600,token_shift,token_shift,1,2,"0,51",1,1.0,1.0,-1,0.22205528846153846,0.3828125,8.538461538461538,11.0,9.0,17,0.7116390984674977,1.9026440213552895,0.5214407815526965,persistent_split,-1.0,0.18293141422616965,0.9922779922779923
band_zero_del,natural256_deep,256,202,17,25802017,1600,local_swap,local_swap_anywhere,1,3,"0,1,51",1,1.0,1.0,-1,0.027644230769230768,0.046875,3.230769230769231,4.0,3.0384615384615383,5,0.7245670995670995,3.01027306027306,0.6531134682311153,persistent_split,-1.0,0.04105741705444443,1.0
band_zero_del,natural256_deep,256,202,17,25802017,1600,add_chord,local_chord_anywhere,1,3,"0,1,51",1,1.0,1.0,-1,0.022986778846153848,0.03125,3.3461538461538463,5.0,3.0,4,0.6143315018315019,3.145283882783883,0.6684357864357864,persistent_split,-1.0,0.05766455667376846,1.0
band_zero_del,natural256_deep,256,202,17,25802017,1600,token_shift,token_shift,1,2,"0,51",1,1.0,1.0,-1,0.018780048076923076,0.02734375,4.384615384615385,6.0,2.5,4,0.6571428571428571,3.582783882783883,0.4911904761904762,persistent_split,-1.0,0.01506918134636793,1.0
