target_nodes,growth_seed,placement,seed_delta,run_seed,requested_match,support_signature,full_label,full_exact_return_rate,full_coarse_return_rate,tail_union_nodes,mean_tail_damage_nodes,core_nodes,shell_nodes,rare_nodes,core_share_of_union,shell_share_of_union,rare_share_of_union,mean_core_cover,q10_core_cover,mean_shell_cover,support_core_count,support_shell_count,support_rare_count,support_core_frac,support_shell_frac,core_shell_label
48,202,0,151,5002151,1,"5,6,8",cyclic_return,0.875968992248062,0.9224806201550387,52,48.49612403100775,46,4,2,0.8846153846153846,0.07692307692307693,0.038461538461538464,0.9900572969329289,0.9782608695652174,0.6957364341085271,3,0,0,1.0,0.0,dominant_static_core
48,202,0,179,5002179,1,"5,6,8",cyclic_return,0.8449612403100775,0.9612403100775194,51,47.6124031007752,44,6,1,0.8627450980392157,0.11764705882352941,0.0196078431372549,0.9896053558844257,0.9545454545454546,0.6589147286821705,3,0,0,1.0,0.0,stable_core_variable_shell
48,202,0,211,5002211,1,"5,6,8",cyclic_return,0.8682170542635659,1.0,50,47.64341085271318,44,6,0,0.88,0.12,0.0,0.9867864693446089,0.9545454545454546,0.7041343669250646,3,0,0,1.0,0.0,stable_core_variable_shell
48,202,0,239,5002239,1,"5,6,8",cyclic_return,0.8992248062015504,0.9224806201550387,52,49.03875968992248,47,5,0,0.9038461538461539,0.09615384615384616,0.0,0.9851558634339436,0.9574468085106385,0.5472868217054263,3,0,0,1.0,0.0,dominant_static_core
48,202,0,271,5002271,1,"5,6,8",cyclic_return,0.9612403100775194,0.8837209302325582,50,48.41085271317829,46,4,0,0.92,0.08,0.0,0.9883720930232558,0.9782608695652174,0.7364341085271318,3,0,0,1.0,0.0,dominant_static_core
48,202,0,307,5002307,1,"5,6,8",cyclic_return,0.7054263565891473,0.9147286821705426,51,45.7906976744186,42,8,1,0.8235294117647058,0.1568627450980392,0.0196078431372549,0.977297895902547,0.9523809523809523,0.5726744186046512,3,0,0,1.0,0.0,stable_core_variable_shell
48,202,1,151,5002152,1,"6,8,10",cyclic_return,0.9767441860465116,1.0,49,47.13953488372093,46,3,0,0.9387755102040817,0.061224489795918366,0.0,0.9927536231884058,0.9782608695652174,0.4909560723514212,3,0,0,1.0,0.0,dominant_static_core
48,202,1,179,5002180,1,"6,8,10",cyclic_return,0.937984496124031,0.9224806201550387,49,47.44186046511628,45,4,0,0.9183673469387755,0.08163265306122448,0.0,0.9844961240310077,0.9555555555555556,0.7848837209302325,3,0,0,1.0,0.0,dominant_static_core
48,202,1,211,5002212,1,"6,8,10",cyclic_return,0.8604651162790697,0.9069767441860465,52,48.95348837209303,47,5,0,0.9038461538461539,0.09615384615384616,0.0,0.9820221012699983,0.9574468085106385,0.5596899224806202,3,0,0,1.0,0.0,dominant_static_core
48,202,1,239,5002240,1,"6,8,10",cyclic_return,0.751937984496124,1.0,50,46.98449612403101,42,8,0,0.84,0.16,0.0,0.9841269841269841,0.9523809523809523,0.7063953488372093,3,0,0,1.0,0.0,stable_core_variable_shell
48,202,1,271,5002272,1,"6,8,10",cyclic_return,0.7209302325581395,0.9224806201550387,56,52.565891472868216,49,7,0,0.875,0.125,0.0,0.9878183831672204,0.9591836734693877,0.5946843853820598,3,0,0,1.0,0.0,stable_core_variable_shell
48,202,1,307,5002308,1,"6,8,10",cyclic_return,0.8294573643410853,0.9224806201550387,49,46.031007751937985,43,6,0,0.8775510204081632,0.12244897959183673,0.0,0.9821525148729042,0.9534883720930233,0.6330749354005168,3,0,0,1.0,0.0,stable_core_variable_shell
48,202,2,151,5002153,1,"5,6,14",cyclic_return,0.9844961240310077,0.9612403100775194,52,50.25581395348837,50,2,0,0.9615384615384616,0.038461538461538464,0.0,0.9810852713178294,0.92,0.6007751937984496,3,0,0,1.0,0.0,dominant_static_core
48,202,2,179,5002181,1,"5,6,14",cyclic_return,0.5813953488372093,0.9612403100775194,52,46.57364341085271,38,14,0,0.7307692307692307,0.2692307692307692,0.0,0.97796817625459,0.9473684210526314,0.6722037652270211,3,0,0,1.0,0.0,stable_core_variable_shell
48,202,2,211,5002213,1,"5,6,14",cyclic_return,1.0,1.0,48,46.41860465116279,45,3,0,0.9375,0.0625,0.0,0.9906976744186047,0.9777777777777777,0.6124031007751938,3,0,0,1.0,0.0,dominant_static_core
48,202,2,239,5002241,1,"5,6,14",cyclic_return,0.5038759689922481,0.8682170542635659,49,43.92248062015504,38,11,0,0.7755102040816326,0.22448979591836735,0.0,0.9836801305589555,0.9473684210526314,0.594785059901339,3,0,0,1.0,0.0,stable_core_variable_shell
48,202,2,271,5002273,1,"5,6,14",cyclic_return,0.6356589147286822,0.9224806201550387,50,46.325581395348834,42,8,0,0.84,0.16,0.0,0.981358434846807,0.9523809523809523,0.6385658914728682,3,0,0,1.0,0.0,stable_core_variable_shell
48,202,2,307,5002309,1,"5,6,14",cyclic_return,0.8062015503875969,0.9534883720930233,51,47.775193798449614,45,6,0,0.8823529411764706,0.11764705882352941,0.0,0.9789836347975883,0.9333333333333333,0.6201550387596899,3,0,0,1.0,0.0,stable_core_variable_shell
