metric,metric_family,window_step,direction,auc_established_vs_no,auc_p1_established_vs_p0_false_positive,median_established_raw,median_no_horizon_raw,median_p1_established_raw,median_p0_false_positive_raw,median_p1_minus_p0_false_raw
static_mean_support_degree,static_support_geometry,0,higher_is_established,0.9565217391304348,1.0,10.0,8.666666666666666,10.0,9.333333333333334,0.6666666666666661
static_support_ball_1,static_support_geometry,0,higher_is_established,0.9565217391304348,1.0,27.0,24.0,27.0,26.0,1.0
w32_mean_boundary_per_mass,strict_pre_entry_component_topology,32,higher_is_established,0.8636363636363636,0.96,13.5,8.5,13.5,11.2,2.3000000000000007
w32_mean_boundary_to_volume,strict_pre_entry_component_topology,32,higher_is_established,0.8636363636363636,0.96,13.5,8.5,13.5,11.2,2.3000000000000007
w32_mean_total_boundary_edges,strict_pre_entry_component_topology,32,higher_is_established,0.9644268774703557,0.93,27.0,18.0,27.0,24.0,3.0
w64_mean_boundary_per_mass,strict_pre_entry_component_topology,64,higher_is_established,0.8003952569169961,0.88,13.5,8.5,13.5,8.71111111111111,4.78888888888889
w64_mean_boundary_to_volume,strict_pre_entry_component_topology,64,higher_is_established,0.8003952569169961,0.88,13.5,8.5,13.5,8.71111111111111,4.78888888888889
w96_mean_boundary_per_mass,strict_pre_entry_component_topology,96,higher_is_established,0.7015810276679841,0.8,13.115384615384615,8.5,13.121794871794872,8.487179487179487,4.634615384615385
w96_mean_boundary_to_volume,strict_pre_entry_component_topology,96,higher_is_established,0.7015810276679841,0.8,13.115384615384615,8.5,13.121794871794872,8.487179487179487,4.634615384615385
w96_mean_gate_tension_index,strict_pre_entry_component_topology,96,higher_is_established,0.6324110671936759,0.8,0.2028846153846154,0.1541666666666667,0.20539529914529916,0.15644586894586895,0.04894943019943021
w64_mean_gate_tension_index,strict_pre_entry_component_topology,64,higher_is_established,0.6442687747035574,0.78,0.21250000000000002,0.1541666666666667,0.21250000000000002,0.16358024691358025,0.04891975308641977
w64_mean_total_boundary_edges,strict_pre_entry_component_topology,64,higher_is_established,0.9407114624505929,0.77,27.0,20.444444444444443,27.0,24.0,3.0
w64_gate_tension_index_slope_per_100,strict_pre_entry_component_topology,64,higher_is_established,0.43873517786561267,0.76,0.0,0.0,0.0,-0.14843750000000006,0.14843750000000006
w32_mean_gate_tension_index,strict_pre_entry_component_topology,32,higher_is_established,0.7154150197628458,0.72,0.21250000000000002,0.1541666666666667,0.21250000000000002,0.19833333333333336,0.01416666666666666
w96_mean_total_boundary_edges,strict_pre_entry_component_topology,96,higher_is_established,0.9189723320158103,0.7,27.0,22.53846153846154,27.0,24.0,3.0
w32_gate_tension_index_slope_per_100,strict_pre_entry_component_topology,32,higher_is_established,0.4426877470355731,0.7,0.0,0.0,0.0,-0.16145833333333348,0.16145833333333348
w96_gate_tension_index_slope_per_100,strict_pre_entry_component_topology,96,higher_is_established,0.35968379446640314,0.7,-0.04721840659340659,0.0,-0.03591460622710623,-0.09200434981684985,0.05608974358974362
w32_boundary_to_volume_slope_per_100,strict_pre_entry_component_topology,32,higher_is_established,0.4723320158102767,0.68,0.0,0.0,0.0,-8.750000000000002,8.750000000000002
w32_component_count_slope_per_100,strict_pre_entry_component_topology,32,higher_is_established,0.6264822134387352,0.64,0.0,0.0,0.0,0.0,0.0
w32_mean_component_count,strict_pre_entry_component_topology,32,higher_is_established,0.541501976284585,0.64,2.0,2.0,2.0,2.0,0.0
w64_boundary_to_volume_slope_per_100,strict_pre_entry_component_topology,64,higher_is_established,0.44861660079051385,0.63,0.0,0.0,0.0,-7.5,7.5
w32_mean_near_support_fraction,strict_pre_entry_component_topology,32,lower_is_established,0.6363636363636364,0.6,1.0,1.0,1.0,1.0,0.0
w32_mean_support_touch_fraction,strict_pre_entry_component_topology,32,lower_is_established,0.6363636363636364,0.6,1.0,1.0,1.0,1.0,0.0
w96_mean_spanning_fraction,strict_pre_entry_component_topology,96,higher_is_established,0.5652173913043478,0.6,0.0,0.0,0.0,0.0,0.0
w64_mean_component_count,strict_pre_entry_component_topology,64,higher_is_established,0.5533596837944664,0.57,2.0,2.0,2.0,2.0,0.0
w96_boundary_to_volume_slope_per_100,strict_pre_entry_component_topology,96,higher_is_established,0.30632411067193677,0.57,-3.2623626373626378,0.0,-2.6270604395604398,-5.769230769230769,3.1421703296703294
w96_mean_component_count,strict_pre_entry_component_topology,96,higher_is_established,0.5830039525691699,0.55,2.0,2.0,2.0,2.0,0.0
w32_max_component_count,strict_pre_entry_component_topology,32,higher_is_established,0.5454545454545454,0.55,2.0,2.0,2.0,2.0,0.0
w64_component_count_slope_per_100,strict_pre_entry_component_topology,64,higher_is_established,0.5454545454545454,0.55,0.0,0.0,0.0,0.0,0.0
w64_mean_mean_support_distance,strict_pre_entry_component_topology,64,higher_is_established,0.6126482213438735,0.5,0.0,0.0,0.0,0.0,0.0
w64_max_max_support_distance,strict_pre_entry_component_topology,64,higher_is_established,0.6106719367588933,0.5,0.0,0.0,0.0,0.0,0.0
w64_mean_support_distance_slope_per_100,strict_pre_entry_component_topology,64,higher_is_established,0.6047430830039525,0.5,0.0,0.0,0.0,0.0,0.0
static_support_internal_edge_count,static_support_geometry,0,higher_is_established,0.5,0.5,2.0,2.0,2.0,2.0,0.0
static_support_pairwise_mean_distance,static_support_geometry,0,higher_is_established,0.5,0.5,1.3333333333333333,1.3333333333333333,1.3333333333333333,1.3333333333333333,0.0
w32_coherent_gate_index_slope_per_100,strict_pre_entry_component_topology,32,higher_is_established,0.5,0.5,0.0,0.0,0.0,0.0,0.0
w32_gate_bridge_fraction_slope_per_100,strict_pre_entry_component_topology,32,higher_is_established,0.5,0.5,0.0,0.0,0.0,0.0,0.0
w32_max_gate_bridge_fraction,strict_pre_entry_component_topology,32,higher_is_established,0.5,0.5,0.0,0.0,0.0,0.0,0.0
w32_max_total_beta1,strict_pre_entry_component_topology,32,higher_is_established,0.5,0.5,0.0,0.0,0.0,0.0,0.0
w32_mean_beta1_per_mass,strict_pre_entry_component_topology,32,higher_is_established,0.5,0.5,0.0,0.0,0.0,0.0,0.0
w32_mean_beta_component_fraction,strict_pre_entry_component_topology,32,higher_is_established,0.5,0.5,0.0,0.0,0.0,0.0,0.0
w32_mean_coherent_gate_index,strict_pre_entry_component_topology,32,higher_is_established,0.5,0.5,0.0,0.0,0.0,0.0,0.0
w32_mean_gate_bridge_fraction,strict_pre_entry_component_topology,32,higher_is_established,0.5,0.5,0.0,0.0,0.0,0.0,0.0
w32_mean_spanning_fraction,strict_pre_entry_component_topology,32,higher_is_established,0.5,0.5,0.0,0.0,0.0,0.0,0.0
w32_mean_total_beta1,strict_pre_entry_component_topology,32,higher_is_established,0.5,0.5,0.0,0.0,0.0,0.0,0.0
w64_coherent_gate_index_slope_per_100,strict_pre_entry_component_topology,64,higher_is_established,0.4782608695652174,0.5,0.0,0.0,0.0,0.0,0.0
w64_gate_bridge_fraction_slope_per_100,strict_pre_entry_component_topology,64,higher_is_established,0.4782608695652174,0.5,0.0,0.0,0.0,0.0,0.0
w64_max_gate_bridge_fraction,strict_pre_entry_component_topology,64,higher_is_established,0.4782608695652174,0.5,0.0,0.0,0.0,0.0,0.0
w64_mean_coherent_gate_index,strict_pre_entry_component_topology,64,higher_is_established,0.4782608695652174,0.5,0.0,0.0,0.0,0.0,0.0
w64_mean_gate_bridge_fraction,strict_pre_entry_component_topology,64,higher_is_established,0.4782608695652174,0.5,0.0,0.0,0.0,0.0,0.0
w64_mean_spanning_fraction,strict_pre_entry_component_topology,64,higher_is_established,0.4782608695652174,0.5,0.0,0.0,0.0,0.0,0.0
w96_coherent_gate_index_slope_per_100,strict_pre_entry_component_topology,96,higher_is_established,0.4782608695652174,0.5,0.0,0.0,0.0,0.0,0.0
w96_gate_bridge_fraction_slope_per_100,strict_pre_entry_component_topology,96,higher_is_established,0.4782608695652174,0.5,0.0,0.0,0.0,0.0,0.0
w96_max_gate_bridge_fraction,strict_pre_entry_component_topology,96,higher_is_established,0.4782608695652174,0.5,0.0,0.0,0.0,0.0,0.0
w96_mean_coherent_gate_index,strict_pre_entry_component_topology,96,higher_is_established,0.4782608695652174,0.5,0.0,0.0,0.0,0.0,0.0
w96_mean_gate_bridge_fraction,strict_pre_entry_component_topology,96,higher_is_established,0.4782608695652174,0.5,0.0,0.0,0.0,0.0,0.0
w96_fragmentation_pressure_slope_per_100,strict_pre_entry_component_topology,96,lower_is_established,0.45454545454545453,0.5,0.0,0.0,0.0,0.0,0.0
w96_largest_fraction_slope_per_100,strict_pre_entry_component_topology,96,higher_is_established,0.4308300395256917,0.5,0.0,0.0,0.0,0.0,0.0
w96_max_max_support_distance,strict_pre_entry_component_topology,96,higher_is_established,0.6521739130434783,0.49,1.0,0.0,0.5,1.0,-0.5
w96_mean_support_distance_slope_per_100,strict_pre_entry_component_topology,96,higher_is_established,0.6482213438735178,0.48,0.13736263736263732,0.0,0.06868131868131866,0.3434065934065934,-0.27472527472527475
w96_mean_mean_support_distance,strict_pre_entry_component_topology,96,higher_is_established,0.6462450592885376,0.48,0.02564102564102564,0.0,0.01282051282051282,0.07692307692307691,-0.0641025641025641
w64_max_total_beta1,strict_pre_entry_component_topology,64,higher_is_established,0.525691699604743,0.46,0.0,0.0,0.0,0.0,0.0
w64_mean_beta1_per_mass,strict_pre_entry_component_topology,64,higher_is_established,0.525691699604743,0.46,0.0,0.0,0.0,0.0,0.0
w64_mean_beta_component_fraction,strict_pre_entry_component_topology,64,higher_is_established,0.525691699604743,0.46,0.0,0.0,0.0,0.0,0.0
w64_mean_total_beta1,strict_pre_entry_component_topology,64,higher_is_established,0.525691699604743,0.46,0.0,0.0,0.0,0.0,0.0
w96_mean_near_support_fraction,strict_pre_entry_component_topology,96,lower_is_established,0.6245059288537549,0.45,1.0,1.0,1.0,1.0,0.0
w96_max_component_count,strict_pre_entry_component_topology,96,higher_is_established,0.5909090909090909,0.45,2.0,2.0,2.0,2.0,0.0
w96_mean_support_touch_fraction,strict_pre_entry_component_topology,96,lower_is_established,0.5889328063241107,0.45,1.0,1.0,1.0,1.0,0.0
w96_max_total_mass,strict_pre_entry_component_topology,96,higher_is_established,0.6620553359683794,0.44,3.0,2.0,3.0,3.0,0.0
w32_max_max_support_distance,strict_pre_entry_component_topology,32,higher_is_established,0.5889328063241107,0.44,0.0,0.0,0.0,0.0,0.0
w32_mean_mean_support_distance,strict_pre_entry_component_topology,32,higher_is_established,0.5889328063241107,0.44,0.0,0.0,0.0,0.0,0.0
w32_mean_support_distance_slope_per_100,strict_pre_entry_component_topology,32,higher_is_established,0.5889328063241107,0.44,0.0,0.0,0.0,0.0,0.0
w64_mean_near_support_fraction,strict_pre_entry_component_topology,64,lower_is_established,0.5849802371541502,0.44,1.0,1.0,1.0,1.0,0.0
w96_max_total_beta1,strict_pre_entry_component_topology,96,higher_is_established,0.5553359683794467,0.44,0.0,0.0,0.0,0.0,0.0
w96_mean_beta_component_fraction,strict_pre_entry_component_topology,96,higher_is_established,0.5553359683794467,0.44,0.0,0.0,0.0,0.0,0.0
w96_mean_total_beta1,strict_pre_entry_component_topology,96,higher_is_established,0.5553359683794467,0.44,0.0,0.0,0.0,0.0,0.0
w64_mean_support_touch_fraction,strict_pre_entry_component_topology,64,lower_is_established,0.5533596837944664,0.44,1.0,1.0,1.0,1.0,0.0
w96_mean_fragmentation_pressure,strict_pre_entry_component_topology,96,lower_is_established,0.48616600790513836,0.44,1.0,1.0,1.0,1.0,0.0
w96_component_count_slope_per_100,strict_pre_entry_component_topology,96,higher_is_established,0.5592885375494071,0.41,0.0,0.0,0.0,0.27472527472527475,-0.27472527472527475
w96_total_mass_slope_per_100,strict_pre_entry_component_topology,96,higher_is_established,0.6482213438735178,0.4,0.7554945054945055,0.0,0.5837912087912088,1.4423076923076923,-0.8585164835164835
w96_mean_beta1_per_mass,strict_pre_entry_component_topology,96,higher_is_established,0.5474308300395256,0.4,0.0,0.0,0.0,0.0,0.0
w64_max_component_count,strict_pre_entry_component_topology,64,higher_is_established,0.5217391304347826,0.4,2.0,2.0,2.0,2.0,0.0
w96_trapped_core_index_slope_per_100,strict_pre_entry_component_topology,96,lower_is_established,0.6442687747035574,0.38,-0.18887362637362637,0.0,-0.1640720390720391,-0.4807692307692308,0.3166971916971917
w96_mean_trapped_core_index,strict_pre_entry_component_topology,96,lower_is_established,0.45454545454545453,0.38,0.9615384615384616,0.7083333333333334,0.9677706552706553,0.6939102564102565,0.2738603988603988
w96_mean_total_mass,strict_pre_entry_component_topology,96,higher_is_established,0.6403162055335968,0.37,2.1538461538461537,2.0,2.1153846153846154,2.8461538461538463,-0.7307692307692308
w64_total_mass_slope_per_100,strict_pre_entry_component_topology,64,higher_is_established,0.5731225296442688,0.37,0.0,0.0,0.0,1.875,-1.875
w32_mean_total_mass,strict_pre_entry_component_topology,32,higher_is_established,0.5731225296442688,0.36,2.0,2.0,2.0,2.2,-0.20000000000000018
w32_total_mass_slope_per_100,strict_pre_entry_component_topology,32,higher_is_established,0.5731225296442688,0.36,0.0,0.0,0.0,2.5,-2.5
w32_trapped_core_index_slope_per_100,strict_pre_entry_component_topology,32,lower_is_established,0.5731225296442688,0.36,0.0,0.0,0.0,-0.9722222222222224,0.9722222222222224
w32_max_total_mass,strict_pre_entry_component_topology,32,higher_is_established,0.5691699604743083,0.36,2.0,2.0,2.0,3.0,-1.0
w32_mean_trapped_core_index,strict_pre_entry_component_topology,32,lower_is_established,0.391304347826087,0.36,1.0,0.7083333333333334,1.0,0.9222222222222222,0.07777777777777783
w64_max_total_mass,strict_pre_entry_component_topology,64,higher_is_established,0.5711462450592886,0.34,2.0,2.0,2.0,3.0,-1.0
w96_mean_largest_fraction,strict_pre_entry_component_topology,96,higher_is_established,0.5474308300395256,0.34,0.5128205128205128,0.5,0.5064102564102564,0.6153846153846154,-0.10897435897435903
w64_fragmentation_pressure_slope_per_100,strict_pre_entry_component_topology,64,lower_is_established,0.4031620553359684,0.34,0.0,0.0,0.0,-0.3611111111111112,0.3611111111111112
w64_mean_trapped_core_index,strict_pre_entry_component_topology,64,lower_is_established,0.4031620553359684,0.34,1.0,0.7083333333333334,1.0,0.7191358024691359,0.2808641975308641
w64_mean_total_mass,strict_pre_entry_component_topology,64,higher_is_established,0.5830039525691699,0.33,2.0,2.0,2.0,2.7777777777777777,-0.7777777777777777
w64_trapped_core_index_slope_per_100,strict_pre_entry_component_topology,64,lower_is_established,0.5612648221343873,0.32,0.0,0.0,0.0,-0.6250000000000001,0.6250000000000001
w64_largest_fraction_slope_per_100,strict_pre_entry_component_topology,64,higher_is_established,0.4150197628458498,0.32,0.0,0.0,0.0,0.3541666666666667,-0.3541666666666667
w32_mean_boundary_heavy_fraction,strict_pre_entry_component_topology,32,higher_is_established,0.24308300395256918,0.31,0.5,1.0,0.5,0.5333333333333333,-0.033333333333333326
w64_mean_fragmentation_pressure,strict_pre_entry_component_topology,64,lower_is_established,0.4407114624505929,0.3,1.0,1.0,1.0,0.7851851851851852,0.2148148148148148
genealogy_intensity_index,baseline_downstream_genealogy,-1,higher_is_established,0.7114624505928854,0.28,0.750760486386797,0.4689840169479883,0.7676459205632665,0.8159207490599736,-0.048274828496707056
w96_mean_boundary_heavy_fraction,strict_pre_entry_component_topology,96,higher_is_established,0.2608695652173913,0.26,0.5128205128205128,0.7692307692307693,0.5064102564102564,0.6153846153846154,-0.10897435897435903
w64_mean_boundary_heavy_fraction,strict_pre_entry_component_topology,64,higher_is_established,0.233201581027668,0.26,0.5,0.8888888888888888,0.5,0.6444444444444444,-0.14444444444444438
w32_fragmentation_pressure_slope_per_100,strict_pre_entry_component_topology,32,lower_is_established,0.45849802371541504,0.24,0.0,0.0,0.0,-0.8333333333333331,0.8333333333333331
w32_largest_fraction_slope_per_100,strict_pre_entry_component_topology,32,higher_is_established,0.45849802371541504,0.24,0.0,0.0,0.0,0.4166666666666666,-0.4166666666666666
w32_mean_fragmentation_pressure,strict_pre_entry_component_topology,32,lower_is_established,0.47035573122529645,0.23,1.0,1.0,1.0,0.9333333333333333,0.06666666666666665
w32_mean_largest_fraction,strict_pre_entry_component_topology,32,higher_is_established,0.47035573122529645,0.23,0.5,0.5,0.5,0.5333333333333333,-0.033333333333333326
w64_mean_largest_fraction,strict_pre_entry_component_topology,64,higher_is_established,0.4723320158102767,0.18,0.5,0.5,0.5,0.6444444444444444,-0.14444444444444438
static_shell2_over_shell1,static_support_geometry,0,higher_is_established,0.09090909090909091,0.0,1.4583333333333333,2.3333333333333335,1.4583333333333333,2.6956521739130435,-1.2373188405797102
static_support_ball_2,static_support_geometry,0,higher_is_established,0.09090909090909091,0.0,62.0,73.0,62.0,88.0,-26.0
static_support_ball_3,static_support_geometry,0,higher_is_established,0.09090909090909091,0.0,100.0,162.0,100.0,168.0,-68.0
static_ball3_over_ball1,static_support_geometry,0,higher_is_established,0.043478260869565216,0.0,3.7037037037037037,6.75,3.7037037037037037,6.461538461538462,-2.757834757834758
static_support_boundary_to_volume,static_support_geometry,0,lower_is_established,0.043478260869565216,0.0,8.666666666666666,7.333333333333333,8.666666666666666,8.0,0.6666666666666661
