growth_seed,run_offset,arm,run_seed,direct_rows,reconstructed_rows,reconstruction_total_errors,discrete_parity_errors,max_abs_numeric_error,tolerance,residual_mean,residual_sd,direct_log_parity_pass
5764,106802,current_global,1857746802,3072,3072,0,0,0.0,1e-12,1.0170452780766375,1.0115509981739017,1
5764,106802,exposure_matched_local,1957746802,3072,3072,0,0,0.0,1e-12,0.9705077442997072,0.9948533653081972,1
5764,108688,current_global,1857748688,3072,3072,0,0,0.0,1e-12,1.0274913425255499,0.9935562548880305,1
5764,108688,exposure_matched_local,1957748688,3072,3072,0,0,0.0,1e-12,1.014004390109668,1.0534290695979427,1
5764,100399,current_global,1857740399,3072,3072,0,0,0.0,1e-12,1.0095167250151351,1.0175750211606818,1
5764,100399,exposure_matched_local,1957740399,3072,3072,0,0,0.0,1e-12,0.9953897951432545,0.9610534626323749,1
6681,106802,current_global,1866916802,3072,3072,0,0,0.0,1e-12,1.0035483095541724,1.0018247797635742,1
6681,106802,exposure_matched_local,1966916802,3072,3072,0,0,0.0,1e-12,1.0267557549000517,1.0132273945749155,1
6681,108688,current_global,1866918688,3072,3072,0,0,0.0,1e-12,0.985394637461091,0.9723422993893068,1
6681,108688,exposure_matched_local,1966918688,3072,3072,0,0,0.0,1e-12,0.9627814224753548,0.9749516051585813,1
6681,100399,current_global,1866910399,3072,3072,0,0,0.0,1e-12,0.9853066375621027,0.9887206343631022,1
6681,100399,exposure_matched_local,1966910399,3072,3072,0,0,0.0,1e-12,1.0124600989510186,1.0117338036225596,1
