stage,target_nodes,growth_seed,run_offset,arm,run_seed,null_family,null_replicate,null_seed,null_edge_sha256,comparable_pairs,leave_one_out_js,mean_open_volume,tail_mass_ge_8,prob_open_0,prob_open_1,prob_open_2_3,prob_open_4_7,prob_open_8_15,prob_open_16_31,prob_open_32_63,prob_open_64_127,prob_open_128_plus
v16s,1536,9365,123078,exposure_matched_local,1993773078,degree_depth_age_event_footprint_double_edge_swap_primary_0075,0,1786240695408078312,73753aa815ed6261b45f113b9798b119d7dbf8e579cb4edc5b703e5392ec1877,246423,0.0005197388067831406,20.709215454726223,0.8115760298348774,0.01352958124850359,0.016313412303234683,0.04253661387127013,0.11604436274211417,0.2753192680878003,0.364990280939685,0.14040491350239223,0.028183245882080814,0.002678321422919127
v16s,1536,9365,123078,exposure_matched_local,1993773078,degree_depth_age_event_footprint_double_edge_swap_primary_0075,1,8456400353158329114,26cf5529d4b767a4ae492d978698f677f63088ec5497673c183d8d84e1d1fc5d,250057,0.0006280719586587518,20.276336995165103,0.8181374646580579,0.01332496190868482,0.016088331860335845,0.04126259212899459,0.11118664944392678,0.27219793886993765,0.3781057918794515,0.14670655090639334,0.020243384508332102,0.0008837984939433809
v16s,1536,9365,123078,exposure_matched_local,1993773078,degree_depth_age_event_footprint_double_edge_swap_primary_0075,2,8241565860983470041,7fa8e6bc8c80be066a68ba1edcbcf0e02cd036cdb3747b56fa4fa3913cf30049,255524,9.502367209604699e-05,20.339580626477357,0.8167178034157261,0.013028130430018315,0.015810647923482725,0.040837651257807486,0.11360576697296536,0.2770463831186112,0.38097399852851394,0.1325511497941485,0.023128942878164086,0.0030173290962884113
v16s,1536,9365,123078,exposure_matched_local,1993773078,degree_depth_age_event_footprint_double_edge_swap_primary_0075,3,5286540939120085494,a9b895ef3233dd6ddd712730a0183627d2d79b06e74ababd5aa79416ea060272,255178,0.0007585570908847641,21.117952958327127,0.8270187868860168,0.01301444481891072,0.015514660354732774,0.03964683475848232,0.10480527318185737,0.2638824663568176,0.3803580245945967,0.15569524018528244,0.02508053202078549,0.0020025237285345916
v16s,1536,9365,123078,exposure_matched_local,1993773078,degree_depth_age_event_footprint_double_edge_swap_primary_0075,4,1384786081831815539,125e83717c564835f1f6c9ebe06aef45ba8394b1c77b323aadabdbc4222b0663,257577,0.001040172876203596,21.34969737204797,0.8291578828855061,0.012900996595192895,0.015292514471400785,0.03869910745136406,0.10394949859653618,0.25741040543216204,0.40674827333185803,0.1311996024489764,0.030802439658820468,0.0029971620136891104
v16s,1536,9365,123078,exposure_matched_local,1993773078,degree_depth_age_event_footprint_double_edge_swap_primary_0075,5,9436511718972816164,8fa6b2a810b931c21c5ac181baba0d7915ee716ded0ed1785b7cc13857295a88,244426,0.00043675207779920165,20.824953155556283,0.8177157912824331,0.01361966402919493,0.01638532725651117,0.041722239041673145,0.11055697839018762,0.25746442686129956,0.3866937232536637,0.1462692184955774,0.02563557068396979,0.001652851987922725
v16s,1536,9365,123078,exposure_matched_local,1993773078,degree_depth_age_event_footprint_double_edge_swap_primary_0075,6,15298743863218382756,3b0cc9612df7cfd1e2ee477256977eacb123d8790d4d9c0940a8d25dd3c4c657,253653,0.00028961559215015986,20.29077125048787,0.8191781686004108,0.013116343981738832,0.0158050565142143,0.040657906667770534,0.11124252423586553,0.2709804338998553,0.3839142450513103,0.14344793871943168,0.018131068822367567,0.002704482107445999
v16s,1536,9365,123078,exposure_matched_local,1993773078,degree_depth_age_event_footprint_double_edge_swap_primary_0075,7,9230995271816623437,d4250e0fa5ff73034c0ef047246dbee539a77702cae4941e3adde1a68a68a0fa,252391,9.624510761113601e-05,20.336450190379214,0.8211029711836001,0.01319777646588032,0.01585238776343055,0.04039367489332028,0.1094531896937688,0.27325855517827496,0.38509693293342473,0.1396484026767991,0.02060691546053544,0.0024921649345658126
v16s,1536,9365,123078,exposure_matched_local,1993773078,degree_depth_age_event_footprint_double_edge_swap_primary_0075,8,16880971743504984844,6b55dd2d70d47b753c91bf69391ab9350ebff93f94b1f549ba12698c0a06b025,230032,0.0007131412633077168,21.047932461570564,0.8141389024135772,0.014397996800445156,0.016915037907769354,0.04168550462544342,0.11286255825276484,0.27626591082979757,0.360706336509703,0.14590143979968004,0.028330840926479795,0.0029343743479168117
v16s,1536,9365,123078,exposure_matched_local,1993773078,degree_depth_age_event_footprint_double_edge_swap_primary_0075,9,6577890211347605823,b9369eacff5ac928c8626b8e5d290923daca89abe0acec8a33c390ecd380a086,228179,0.00014320138810964078,20.67159116307811,0.8147068748657852,0.014558745546259735,0.017153199900078447,0.042808496838008754,0.11077268284986787,0.2669746120370411,0.3810780133141087,0.1407097059764483,0.021995889192256955,0.003948654345930169
v16s,1536,9365,123078,exposure_matched_local,1993773078,degree_depth_age_event_footprint_double_edge_swap_primary_0075,10,4842998558660740993,3d5a1e29d01903f4d247de2eb990066479049c0b723909e6cfc65ef71b650406,240968,0.0003564803564639655,20.83314796985492,0.8178222834567245,0.01376531323661233,0.0164710666976528,0.041918429003021146,0.11002290760598918,0.2697993094518774,0.38344095481557716,0.13252382059028583,0.029369044852428538,0.0026891537465555592
v16s,1536,9365,123078,exposure_matched_local,1993773078,degree_depth_age_event_footprint_double_edge_swap_primary_0075,11,16930982138382686168,451e8644028c330ccbd9e771147c8edacf3a800669629366777276badf3faa1e,251042,0.00017949721820036845,20.611001346388253,0.8215079548442094,0.013296579855163677,0.01605707411508831,0.040778037141195496,0.10836035404434317,0.2683495192039579,0.3964515897738227,0.12954804375363485,0.02419515459564535,0.0029636475171485248
v16s,1536,9365,123078,exposure_matched_local,1993773078,degree_depth_age_event_footprint_double_edge_swap_primary_0075,12,8377993332405049491,242ef520d66fade891e6d6d9e088dd89a8f8f6396b13c823581e9d1a7b89a202,245503,0.00040220664386802075,21.232689620900764,0.820637629682733,0.013559915764776805,0.016179028362178875,0.04089970387327242,0.10872372231703889,0.2641026789896661,0.37929068076561184,0.14792894587846178,0.025185028288860014,0.0041302957601332775
v16s,1536,9365,123078,exposure_matched_local,1993773078,degree_depth_age_event_footprint_double_edge_swap_primary_0075,13,14237913046985285375,d1ed8425e04881a50ba1e6351235f229b8f770f8f587e30ecd175a991cbb823e,233669,0.0003826620757815539,19.648909354685475,0.8116652187495988,0.014195293342291875,0.01695988770440238,0.042765621455991165,0.11441397874771579,0.276373845054329,0.3860974284136963,0.12888316379151707,0.01861179702913095,0.0016989844609254972
v16s,1536,9365,123078,exposure_matched_local,1993773078,degree_depth_age_event_footprint_double_edge_swap_primary_0075,14,9035993543992356017,00d51ba6fb951554165b480c3f14f5df9b0c78cda650101e9129aefa47449cf7,239470,0.00031488933156325206,19.829302209044975,0.817476093038794,0.01382219067106527,0.01642376915688813,0.04122019459640038,0.11105775253685221,0.27793878147575896,0.38763937027602624,0.13158224412243705,0.01844072326387439,0.0018749739006973733
v16s,1536,9365,123078,exposure_matched_local,1993773078,degree_depth_age_event_footprint_double_edge_swap_primary_0075,15,6487146463107865969,15061428cd5ec4deb023f15966d2e040f95f292973aadc2235b8a503187ca609,246424,0.00024113443007244472,20.260490049670487,0.817570528844593,0.013517352205953966,0.016232185176768495,0.04132714346005259,0.11135279031263189,0.2751964094406389,0.3870077589845145,0.13342044606044864,0.018411356036749666,0.00353455832224134
v16s,1536,9365,123078,exposure_matched_local,1993773078,degree_depth_age_event_footprint_double_edge_swap_primary_0075,16,15678203595627535592,3b8cbcfdf65239f5bd28c22aef13115a7474e581d9f7abc00105ce0ce4e33079,221307,0.0002798574596976491,19.86229988206428,0.8089531736456597,0.015015340680593023,0.017871102134139453,0.04416941172217779,0.11399097181743009,0.27245410221999306,0.380222948212212,0.13539110827944892,0.018987198778167885,0.001897816155837818
v16s,1536,9365,123078,exposure_matched_local,1993773078,degree_depth_age_event_footprint_double_edge_swap_primary_0075,17,12546091632489657043,ad94402f6fa05214b8fc6ed215ce3179d5660c58f943700a58955a112fffae0b,243809,0.0013146812032085607,21.525267730067387,0.819653909412696,0.013682841896730637,0.016492418245429824,0.042295403369030676,0.10787542707611286,0.25610621429069474,0.39588776460261926,0.12945789531969698,0.033116086772842675,0.0050859484268423235
v16s,1536,9365,123078,exposure_matched_local,1993773078,degree_depth_age_event_footprint_double_edge_swap_primary_0075,18,15885830467966071803,d34745482269f6bd1ae7850d95b5f37ee26cb2aa960520eeb4ee1a5f2147f3bb,225635,0.0018012998515027385,19.108693243512754,0.8060850488621003,0.014683005739357812,0.017461829946595165,0.04418640725064817,0.11758370820129856,0.27103064684113726,0.39317038580007535,0.12893389766658542,0.011381213021029539,0.0015689055332727636
v16s,1536,9365,123078,exposure_matched_local,1993773078,degree_depth_age_event_footprint_double_edge_swap_primary_0075,19,6242067895208444601,164901e07545c840e61301a01cca2819bbf07610299e2b08292a7d2385421147,241489,0.0002632482126462566,20.160189491032718,0.8138962851309998,0.013826716744862085,0.016683989746944995,0.042606495533958066,0.11298651284323509,0.27421124771728733,0.380568059000617,0.13452786669372105,0.02334267813440778,0.001246433584966603
v16s,1536,9365,123078,exposure_matched_local,1993773078,degree_depth_age_event_footprint_double_edge_swap_primary_0075,20,12927454776914593634,bd21dd154277c69a162a66caf8e440a523a4d9854610ef407955ef45f02c265c,229983,0.000503553744643785,19.758412578321007,0.8137949326689364,0.01437497554167047,0.016844723305635634,0.04200310457729484,0.11298226390646265,0.27142440963027703,0.3962640716922555,0.12615280259845293,0.01725779731545375,0.0026958514324971847
v16s,1536,9365,123078,exposure_matched_local,1993773078,degree_depth_age_event_footprint_double_edge_swap_primary_0075,21,7822655510471811735,0b14f2e937f3c8d4ddb474d3cbd3976d6b09a7cabfbca5e732242e31963a47e0,234052,6.342209481755565e-05,20.196302531061473,0.8113709773896399,0.014201972211303471,0.017107309486780714,0.043263890075709674,0.11405585083656623,0.2689359629484046,0.3830601746620409,0.1358373352930118,0.021208962110983883,0.0023285423751986736
v16s,1536,9365,123078,exposure_matched_local,1993773078,degree_depth_age_event_footprint_double_edge_swap_primary_0075,22,18009629760317884992,cffd91d1173316cd5d8e62e73d9e34bf558ff20e2e729bc41a652ff6a1bc5e9a,238083,0.0017941557028393748,21.366271426351314,0.8139304360244116,0.013990919133243448,0.016737860326020756,0.042207969489631764,0.11313281502669237,0.27841971077313377,0.3763309434104913,0.12427598778577219,0.025738922980641205,0.009164871074373223
v16s,1536,9365,123078,exposure_matched_local,1993773078,degree_depth_age_event_footprint_double_edge_swap_primary_0075,23,17476784697028807743,bb68a158e64880c1b8a68494da9a01130993e859caf46740da0050f05487c36e,253617,0.00017912095271327254,20.523900211736596,0.8238603879077506,0.01311031989180536,0.015614095269638865,0.039606966409980404,0.10780823052082471,0.2661217505135697,0.39515489892239086,0.13741192427952384,0.023176679796701325,0.001995134395564966
v16s,1536,9365,123078,exposure_matched_local,1993773078,degree_depth_age_event_footprint_double_edge_swap_primary_0075,24,7078779048826064957,e837aba75525fcc12def4359c9af471fc15de3be89231f0b099706c65a005f9b,223253,0.0009004545490899643,19.26354853014293,0.807173923754664,0.014897896108898873,0.01790793404791873,0.04456827007923746,0.11545197600928095,0.27680255136549115,0.3798605169919329,0.1340945026494605,0.014575392044003889,0.0018409607037755372
v16s,1536,9365,123078,exposure_matched_local,1993773078,degree_depth_age_event_footprint_double_edge_swap_primary_0075,25,15099080794393287261,b4491db0eb88bfff645b62e7c8766b15b541fa9947aaa55bcc6067e4016fdab9,246074,0.00017290616740801948,20.075615465266544,0.8169127985890424,0.01350406788201923,0.016251208985914808,0.041544413469119044,0.1117875110739046,0.2690288287263181,0.3918292871250112,0.13460991409088324,0.019425051000918424,0.0020197176459113924
v16s,1536,9365,123078,exposure_matched_local,1993773078,degree_depth_age_event_footprint_double_edge_swap_primary_0075,26,7786453629557052146,ca1cc35f7dc56b619acc3ab86330f453f5d61409e206060ca8bae707172d75f3,242227,0.0003609383852120361,20.996854190490737,0.8176999261023751,0.013730921821266829,0.016558847692453773,0.04185330289356678,0.11015700149033758,0.2612714519851214,0.38663319943689184,0.13771379738840014,0.028332927378037956,0.003748549913923716
v16s,1536,9365,123078,exposure_matched_local,1993773078,degree_depth_age_event_footprint_double_edge_swap_primary_0075,27,12789995049030682693,de7fbf3e3e99d4cd5b16944144be6e29e66abbb160f7b1f24f343809a8a4be7d,245911,0.0005372944251587337,20.235646229733522,0.8175152799183444,0.013541484520822574,0.016156251652020448,0.04090910939323576,0.11187787451557678,0.27816567782653073,0.37228509501404977,0.1469596724018039,0.0177828563992664,0.0023219782766936005
v16s,1536,9365,123078,exposure_matched_local,1993773078,degree_depth_age_event_footprint_double_edge_swap_primary_0075,28,8294338559386068961,4d3c735082622068ba5fadb4bfdeb2409faeb71f3868d3131a10f4ec28813ec4,243264,0.0016200692446759967,19.803509767166535,0.8230276571954749,0.01365183504340963,0.01616762036306235,0.040441660089450146,0.106711227308603,0.2628913443830571,0.4076312154696133,0.13812154696132597,0.013470961589055511,0.0009125887924230465
v16s,1536,9365,123078,exposure_matched_local,1993773078,degree_depth_age_event_footprint_double_edge_swap_primary_0075,29,7169830951740471938,fccccee7ae1ebccca87d42b8d71e056556f241acb37add7262b2f45a1e81a0cf,229806,0.00011573407760330276,20.12852580002263,0.8113756820970732,0.014438265319443356,0.017305901499525687,0.04341488037736178,0.113465270706596,0.2747491362279488,0.3820396334299366,0.12959191666013942,0.022405855373663002,0.002589140405385412
v16s,1536,9365,123078,exposure_matched_local,1993773078,degree_depth_age_event_footprint_double_edge_swap_primary_0075,30,15748427361033640414,e16d3cef2a6f9451482db680750e7cfd5deb31656c6b79b7e7dcacd85b1ec894,231623,0.0003144331254359064,20.499652452476653,0.8092331072475532,0.014359541150921973,0.017079478290152533,0.04297500679984285,0.11635286651152951,0.27421283723982504,0.3690134399433562,0.1371323227831433,0.02641792913484412,0.0024565781463844263
v16s,1536,9365,123078,exposure_matched_local,1993773078,degree_depth_age_event_footprint_double_edge_swap_primary_0075,31,11042831874380373566,a20fd30ca4fb330320619b28daa32b13fed8d20fa50e7008274f3820a37a4866,228693,0.0015041423814158615,21.06538897124092,0.8144892935070159,0.014499787925297233,0.017363889581228985,0.04320202192458886,0.11044500706186897,0.2598986414101,0.397668490071843,0.11945708876091529,0.032746957711867,0.004718115552290626
v16s,1536,9365,127341,exposure_matched_local,1993777341,degree_depth_age_event_footprint_double_edge_swap_primary_0075,0,1925703627167515048,178c4451b8558da11990540fb5fceccc26baa6102ccc7042f6212a6b4225c348,218928,0.0002909000008681123,20.11894778191917,0.814212891909669,0.015173938463787182,0.017814075860556895,0.04316944383541621,0.10962964993057078,0.24893572316012572,0.39179090842651465,0.15962782284586713,0.013378827742454141,0.00047960973470730106
v16s,1536,9365,127341,exposure_matched_local,1993777341,degree_depth_age_event_footprint_double_edge_swap_primary_0075,1,8165238217784285113,ff5d0678ddcbfddf982c7f7d3ea429c70ac41f710400c1fb97f524f62b839b4a,232399,0.0014814058230089072,21.65664654322953,0.8282264553634052,0.014315896367884544,0.016734151179652237,0.04000447506228512,0.10071902202677292,0.24038829771212442,0.3937581487011562,0.16594305483242183,0.025783243473508924,0.0023537106441938217
v16s,1536,9365,127341,exposure_matched_local,1993777341,degree_depth_age_event_footprint_double_edge_swap_primary_0075,2,10171336740838192013,b380b78564181bfbf8646d65fa46789bf7ae41ae5b93699f538b3b534245092b,230335,0.0007682862334886576,20.33010180823583,0.8245034406408057,0.014457203638179175,0.016905811101222135,0.040480170186901684,0.10365337443289123,0.24711398615060673,0.39879740378144873,0.16661818655436647,0.011066490112227842,0.0009073740421559901
v16s,1536,9365,127341,exposure_matched_local,1993777341,degree_depth_age_event_footprint_double_edge_swap_primary_0075,3,13287797983118349986,5f51da17fcba5cb71efbb77d7d0897363dd505347ea586ddf0839dfb68916ab2,209948,0.00041522895881951816,19.804041953245566,0.8103387505477547,0.015827728770933754,0.018347400308647857,0.04408234419951607,0.11140377617314763,0.2537628365118982,0.3943309771943529,0.1477699239811763,0.01266504086726237,0.0018099719930649493
v16s,1536,9365,127341,exposure_matched_local,1993777341,degree_depth_age_event_footprint_double_edge_swap_primary_0075,4,13310983939835325735,403f27cbbb255d5b4dc78cbfb4234106c7d42e1ca0560c9d53db7fc7350b5ac4,238790,0.0005834749173980025,20.320415427781732,0.827438334938649,0.013953683152560828,0.01641609782654215,0.039716906068093305,0.1024749780141547,0.24678587880564512,0.40590058210142804,0.1606809330373969,0.013731730809497885,0.00033921018468110054
v16s,1536,9365,127341,exposure_matched_local,1993777341,degree_depth_age_event_footprint_double_edge_swap_primary_0075,5,1859268560108027110,0d4da946b7331570b09959930c613484f727e4890e754ca9b4c8bef926639f48,233092,0.0005082240010968581,21.100604053335164,0.8253736721981021,0.014260463679577163,0.016615756868532595,0.03992415012098227,0.10382595713280593,0.24823674772192955,0.3867657405659568,0.16935802172532735,0.01973040687797093,0.0012827553069174403
v16s,1536,9365,127341,exposure_matched_local,1993777341,degree_depth_age_event_footprint_double_edge_swap_primary_0075,6,3910177497756138180,1041e9fd4d5e01331c52eb7547e53ae81cc00c77af144455e106416945e390a0,215541,0.0009901335394735889,19.225339958522973,0.8085561447706004,0.01551908917560928,0.01836773514087807,0.044794261880570285,0.11276276903234188,0.26492871425854014,0.3924636148111032,0.13994553240450772,0.010828566258855624,0.0003897170375937757
v16s,1536,9365,127341,exposure_matched_local,1993777341,degree_depth_age_event_footprint_double_edge_swap_primary_0075,7,5243667881814050918,c8be37c48572080f64cf72e8bcad7d4fc461fbf47f43544f4e16b5061f7ce8b5,239044,0.00019068073731266766,20.154787403155904,0.822267030337511,0.013976506417228628,0.01644885460417329,0.040168337209886044,0.10713927143120094,0.259914492729372,0.3903172637673399,0.1575567677917036,0.013512156757751711,0.000966349291343853
v16s,1536,9365,127341,exposure_matched_local,1993777341,degree_depth_age_event_footprint_double_edge_swap_primary_0075,8,10218836430302691413,676c8a0c07ab1adbd5c96578e2d5179e3bf4000a537c731330703630df62f5ca,226827,0.00046288177143968075,20.118129675920414,0.8159081590815909,0.014724878431580015,0.017409743989913018,0.042525801602102044,0.10943141689481412,0.2624687537197953,0.3926693030371164,0.14065785819148513,0.01796523341577502,0.0021470107174190022
v16s,1536,9365,127341,exposure_matched_local,1993777341,degree_depth_age_event_footprint_double_edge_swap_primary_0075,9,14493229197676516531,f1e2746a85b27948fbdacfa69471dccf0abaeacca893c9964aa5e62e117aede5,234511,9.006869858906136e-05,20.190400450298707,0.8196801002938029,0.014246666467671027,0.01676253992350039,0.0406761303307734,0.10863456298425234,0.26192801190562487,0.3853252086256082,0.1540865886888035,0.017636699344593644,0.0007035917291726188
v16s,1536,9365,127341,exposure_matched_local,1993777341,degree_depth_age_event_footprint_double_edge_swap_primary_0075,10,2772889344395696286,0dd615cd578d33d62f86145f561a7957d605afd7e0e9e80acd3a241fa353a7b7,228459,7.0256714737796e-05,20.234654795827698,0.8194293067902775,0.01460655960150399,0.017254737173847387,0.04199440599845049,0.10671499043592067,0.25087214773766847,0.3951737510888168,0.15709602160562727,0.015460104438870869,0.0008272819192940528
v16s,1536,9365,127341,exposure_matched_local,1993777341,degree_depth_age_event_footprint_double_edge_swap_primary_0075,11,17436507060121317623,af87dc15c0ace6ae619af7875dc0944ac4dc881651075deec91bf684278c12e3,206841,0.00035461857780970954,19.95745040876809,0.8056284779129863,0.016171842139614485,0.018971093738668832,0.04501525326216756,0.11421333294656281,0.2554957672801814,0.37787962734660924,0.15550108537475646,0.01641840834264,0.0003335895687992226
v16s,1536,9365,127341,exposure_matched_local,1993777341,degree_depth_age_event_footprint_double_edge_swap_primary_0075,12,13592034617741544981,eb171528b2f8f76d2d0dc50a021cf35a5e6c8af81ef06dbb60e1cfe42a48e642,213345,0.00044675436774999506,19.675769293866743,0.8087651456560969,0.015631957627317256,0.018383369659471748,0.04445381893177717,0.1127657081253369,0.25519698141507885,0.3939722046450585,0.1463123110454897,0.012880545595162765,0.00040310295530713165
v16s,1536,9365,127341,exposure_matched_local,1993777341,degree_depth_age_event_footprint_double_edge_swap_primary_0075,13,3835832864736591513,313dbf44c1a5955aa871d4772935552ec9c60ff44d27eb8f66914522d138e445,202252,0.0008246855678627408,19.22988647825485,0.8005854083025137,0.016528884757629096,0.019470759250835593,0.046644779779680796,0.11677016790934082,0.2594535529932955,0.38531139370686074,0.14352392065344224,0.011515337301979709,0.0007812036469355062
v16s,1536,9365,127341,exposure_matched_local,1993777341,degree_depth_age_event_footprint_double_edge_swap_primary_0075,14,12498012558848865185,e5a930f070680d1211a4a334faf6cc258377287c249daa452fec30d435ef86b4,256048,0.000998948339079214,21.256483159407612,0.8366673436230707,0.013017090545522714,0.015294007373617446,0.037176623133162535,0.09784493532462664,0.24185309004561645,0.40872023995500845,0.1655900456164469,0.019660376179466352,0.0008435918265325251
v16s,1536,9365,127341,exposure_matched_local,1993777341,degree_depth_age_event_footprint_double_edge_swap_primary_0075,15,8782908518092913504,f98daca9b234aab475a4d37798eca84d55fe111362c21df8f37271367240a152,218211,0.00031788502948564863,19.787393852738862,0.808222316931777,0.01530628611756511,0.018129241880565142,0.04388871321794043,0.11445344185215227,0.2621270238438942,0.3794217523406244,0.15109229140602445,0.015196300828097576,0.000384948513136368
v16s,1536,9365,127341,exposure_matched_local,1993777341,degree_depth_age_event_footprint_double_edge_swap_primary_0075,16,10363995857860968843,c4d3d48909d327cec55579382723bbbfe0c7a40daa6117a7b4d82784c46e871d,251671,0.0006752929313741074,20.26403916223959,0.8327459262290848,0.013243480575831145,0.015583837629285854,0.038037755641293594,0.1003889999245046,0.2546976012333563,0.4139928716459187,0.14819744825585784,0.015349404579788692,0.0005086005141633322
v16s,1536,9365,127341,exposure_matched_local,1993777341,degree_depth_age_event_footprint_double_edge_swap_primary_0075,17,4908450105875146388,b935155a42dfa1d1b86c47fb274203530f6e57cb500922f52e3204e555b4b7cb,228772,0.00015436726684399656,20.397024111342297,0.8204325704194569,0.014577832951584983,0.017021313797143008,0.04107583095833406,0.10689245187348102,0.2547470844334097,0.394633084468379,0.15087947825782874,0.019517248614340916,0.000655674645498575
v16s,1536,9365,127341,exposure_matched_local,1993777341,degree_depth_age_event_footprint_double_edge_swap_primary_0075,18,5135560319023226998,eedcbc5dca8675bfc947e1944b4429569ef459431ec9b896f7986cbfcddb2888,230179,7.499223231940094e-05,20.101264667932348,0.8200791557874524,0.014493068438041698,0.017112768758227294,0.04136346061108963,0.106951546405189,0.25475390891436667,0.39810321532372633,0.1507956850972504,0.015596557461801467,0.0008297889903075432
v16s,1536,9365,127341,exposure_matched_local,1993777341,degree_depth_age_event_footprint_double_edge_swap_primary_0075,19,11129753658316015365,646db903e8838a372d7dc71d115226499bd218b986f138147439623d9b4f264b,227465,0.00016690583535724195,20.418499549381224,0.8187853076297452,0.014652803728046074,0.017264194491460223,0.04181742246059834,0.10748027169015013,0.2598377772404546,0.39003363154771065,0.1481019057877036,0.01949310882992988,0.0013188842239465412
v16s,1536,9365,127341,exposure_matched_local,1993777341,degree_depth_age_event_footprint_double_edge_swap_primary_0075,20,16223412000695260182,efdc94ae9e8431758ad03000572cc67f6377182e02aa62be4a7d5e2655bca172,226543,0.00026557720642336166,20.439179316950867,0.8227312254185739,0.014677125313958057,0.01706077874840538,0.04098118238038695,0.10454968813867566,0.24616077300998043,0.40053764627465865,0.15905148250001103,0.0165178354661146,0.0004634881678092018
v16s,1536,9365,127341,exposure_matched_local,1993777341,degree_depth_age_event_footprint_double_edge_swap_primary_0075,21,9055276533279674031,583ca1bb5dfbb74d2c5d95bda5eb8ad1b3aeecb4226d457049b89cab95f17e30,230822,0.0008907769403850457,20.7816369323548,0.8186697975063036,0.014418036409007807,0.016935127500844808,0.04127856096905841,0.10869847761478542,0.2569555761582518,0.38341665872403846,0.15083484243269707,0.02618467910337836,0.0012780410879378915
v16s,1536,9365,127341,exposure_matched_local,1993777341,degree_depth_age_event_footprint_double_edge_swap_primary_0075,22,7259604769280390811,11203d308289ae1c4b838256aad690b45e087cd8c5f5af2a345f997976ae625c,234176,0.0003187904722857694,20.744674945340257,0.823551516807871,0.014249965837660562,0.01669684339983602,0.040221884394643345,0.10527978955998907,0.25546597430992074,0.3871020087455589,0.1582869294889314,0.021552165892320306,0.0011444383711396557
v16s,1536,9365,127341,exposure_matched_local,1993777341,degree_depth_age_event_footprint_double_edge_swap_primary_0075,23,13078518516600172231,fed54a5339b2b436706e7ce267f6e5d11e41cf2480bf56de3ba59add130c618b,218111,0.00016221185859405913,19.945642356414854,0.8105139126408113,0.015308718955027487,0.01807795113497256,0.043853817551613626,0.112245599717575,0.25509488288073506,0.3852121167662337,0.15547129672506202,0.013795727863335642,0.000939888405444934
v16s,1536,9365,127341,exposure_matched_local,1993777341,degree_depth_age_event_footprint_double_edge_swap_primary_0075,24,7125722582411715472,debbccff1885254583492424ee189c98d549960b0ef5738ef9be5de895b13c7d,227229,0.00029895077080356895,20.545304516588992,0.8161370247635644,0.014712030594686417,0.017330534394817562,0.04219091753253326,0.10962949271439824,0.252392960405582,0.3779975267241417,0.16585471044628985,0.01871240026581114,0.0011794269217397428
v16s,1536,9365,127341,exposure_matched_local,1993777341,degree_depth_age_event_footprint_double_edge_swap_primary_0075,25,10677320514730855139,d4944868be9a11c81404a2df2c103bb7895b3b7096bf95f62d2d97bff08b9a0c,214861,0.0007929183342333495,20.67139685657239,0.8084761776218112,0.015526317014255728,0.018230390810803264,0.04423790264403498,0.11352921190909472,0.2588184919552641,0.3691502878605238,0.15745993921651671,0.020282880559989946,0.0027645780295167573
v16s,1536,9365,127341,exposure_matched_local,1993777341,degree_depth_age_event_footprint_double_edge_swap_primary_0075,26,2854665677102651967,4795284dafdc156f00e3f0834e502162af1980e48ad09d1efb712b64c64b670b,214456,0.000620053291591262,19.93919498638415,0.8066969448278435,0.015583616219644122,0.018339426269258028,0.044489312493005556,0.11489070019024882,0.2660778901033312,0.37343324504793524,0.15105662700041034,0.013904950199574738,0.002224232476591935
v16s,1536,9365,127341,exposure_matched_local,1993777341,degree_depth_age_event_footprint_double_edge_swap_primary_0075,27,6497894170837925954,1e06fc7c86f048bf792cf008657878235cc33c1348c425794cff45b2266e05ba,218392,0.000282491277531953,19.835012271511776,0.8090085717425547,0.015275284808967362,0.01805926957031393,0.0439897065826587,0.11366716729550533,0.2642083959119382,0.3775229861899703,0.15015659914282575,0.016598593355067952,0.0005219971427524818
v16s,1536,9365,127341,exposure_matched_local,1993777341,degree_depth_age_event_footprint_double_edge_swap_primary_0075,28,10598993733902432876,113ff370dd2fa41a6725936defbb3917bd14e63b491182b1a28a179c506bc2ef,229374,0.00013645720634430613,20.212125175477603,0.8161997436501085,0.014583169844882157,0.017255661060102713,0.042036150566323996,0.10992527487858257,0.2559836773130346,0.3829597077262462,0.16082903903668244,0.01585619991803779,0.0005711196561074926
v16s,1536,9365,127341,exposure_matched_local,1993777341,degree_depth_age_event_footprint_double_edge_swap_primary_0075,29,2137343222075026253,704f74bb5234f1f3fa999677490c7175c7b345437c9596f35418dee1d42428c2,230711,0.0005243879910456499,20.755087533754352,0.822509546575586,0.014476986359558061,0.016999622904846322,0.0409646700850848,0.10504917407492491,0.25868294099544453,0.3834840991543533,0.1556015968029266,0.023362561819765853,0.0013783478030956477
v16s,1536,9365,127341,exposure_matched_local,1993777341,degree_depth_age_event_footprint_double_edge_swap_primary_0075,30,12091365617224515569,11353204e51bd6b0b22f25d6215aaf3503d754bdedae44401c6b155b27f2ffce,224734,0.0004989728923444731,19.520299554139562,0.8122002011266654,0.01484866553347513,0.017611932328886595,0.04303754661065971,0.11230165440031326,0.26497548212553507,0.3911557663726895,0.14274208619968495,0.01242802602187475,0.0008988404068810238
v16s,1536,9365,127341,exposure_matched_local,1993777341,degree_depth_age_event_footprint_double_edge_swap_primary_0075,31,18172604072080432498,da649962b1f5933df32e1c1d00848a2f5e824a62fa1a2f6ceda020f26d500b8c,222009,0.00018008508372597631,19.874185280776906,0.8178857613880518,0.014990383272750204,0.017508299213094963,0.04185415906562347,0.10776139706047953,0.2601966586940169,0.395776747789504,0.146075159115171,0.015233616655180646,0.000603579134179245
v16s,1536,9365,123403,exposure_matched_local,1993773403,degree_depth_age_event_footprint_double_edge_swap_primary_0075,0,7140804681450013829,4e5aabda3b5820cbf18717600dbc50c85f07439e63c980fbe9c74c9fe764aa00,281493,0.00059144016962569,28.243412802449793,0.8612967285154516,0.011744519401903422,0.013570497312544184,0.03209671288451223,0.08129154188558863,0.19725179666989942,0.35123431133278626,0.2515089185166239,0.04262628200346012,0.01867541999268188
v16s,1536,9365,123403,exposure_matched_local,1993773403,degree_depth_age_event_footprint_double_edge_swap_primary_0075,1,10106917990508176849,ff3269bf053355bb52464add4a72177e9fc0d2db35da919bbf760495f6db4ab8,266869,0.0013967019825214715,26.05650712521874,0.8552885498128295,0.012414330626637039,0.014171747186821999,0.03342463905511693,0.08470073331859451,0.20288606020182187,0.3550281224121198,0.24787442527981893,0.044253922336427234,0.00524601958264167
v16s,1536,9365,123403,exposure_matched_local,1993773403,degree_depth_age_event_footprint_double_edge_swap_primary_0075,2,18268881770271935576,860bf91d6b655e9b8c5fe38edf0825be136e61e83ea2d92cc2e75247fa38e2d3,291651,0.0008192535318548488,28.05622473435716,0.8645710112428896,0.011308035974503774,0.01299498373055467,0.03079022530353059,0.08033574374852134,0.20685682545233858,0.3611096824629437,0.22439833911078652,0.05437663508782758,0.017829529128993216
v16s,1536,9365,123403,exposure_matched_local,1993773403,degree_depth_age_event_footprint_double_edge_swap_primary_0075,3,9639787321057563044,701018fba4c6b8e2f6742dc90c1294bc1e8ddbeef5d7582800b3c318733b201a,275808,0.00030043428071466774,28.23279237730595,0.8598409038171482,0.011986599373477201,0.013806706114398421,0.03235221603434273,0.08201357466063348,0.19942133658197006,0.35058446455505277,0.23972473604826547,0.054835247708550874,0.015275118923308968
v16s,1536,9365,123403,exposure_matched_local,1993773403,degree_depth_age_event_footprint_double_edge_swap_primary_0075,4,4170044207247505942,17f596ee3398ce8b76d191abffd9f7241e03e14c13057d032155389df988d0c9,279832,0.0005396791994807027,28.204040281311645,0.862160153234798,0.011814231395980446,0.013576002744503846,0.031908430772749366,0.08054118185196832,0.2003845164241402,0.3611345378655765,0.22919108608021957,0.055772749363904056,0.015677263500957717
v16s,1536,9365,123403,exposure_matched_local,1993773403,degree_depth_age_event_footprint_double_edge_swap_primary_0075,5,8720347975999519157,eaf66213363da8ca8364d6789f4d67f20d334ad40ad072f38d891ba161d8e0c5,276147,0.002756024567863763,25.73524608270233,0.8584087460664066,0.011982748318830188,0.013851318319590652,0.03275791516837047,0.08299927212680203,0.20105595932601114,0.3548870710165238,0.26030701039663656,0.038537445635838885,0.003621259691396249
v16s,1536,9365,123403,exposure_matched_local,1993773403,degree_depth_age_event_footprint_double_edge_swap_primary_0075,6,7763269758907299309,3330bf71775da2a8e4ec8350dbaa391e1805c4d6fa2271dc2e2efec8ca8de635,255075,0.0009459350725887196,27.101860237185143,0.849997059688327,0.012933450945800255,0.014905419974517298,0.03498970890914437,0.08717436048221111,0.2067862393413702,0.33630892874644713,0.23983534254630992,0.05778300499852984,0.0092835440556699
v16s,1536,9365,123403,exposure_matched_local,1993773403,degree_depth_age_event_footprint_double_edge_swap_primary_0075,7,4849798690123126978,7584d7b627901f458887ea75a76f54293a3e48b0348964d42e646efcbf730baf,266016,0.0012968239103359127,25.821679898953448,0.8504488451822447,0.0124654156140984,0.01452168290629135,0.03456559003969686,0.08799846625766872,0.21497579092986888,0.36068507157464214,0.22664426199927823,0.03405434259593408,0.014089378082521352
v16s,1536,9365,123403,exposure_matched_local,1993773403,degree_depth_age_event_footprint_double_edge_swap_primary_0075,8,5297844823733608679,58b97afea8fd1fce3342f47d3173f01bc174761e2d68fd5d8ae2d5430b4299ac,275415,0.00040443496364619025,27.751767332933937,0.8602254779151463,0.012000072617686038,0.01379736034711254,0.03264528075812864,0.08133180836192655,0.19083564802207578,0.3538805075976254,0.25850080787175717,0.043879236788119745,0.013129277635568143
v16s,1536,9365,123403,exposure_matched_local,1993773403,degree_depth_age_event_footprint_double_edge_swap_primary_0075,9,14153408638439295929,0918d1e12249c85efdd3675eb6563c0a4e87bcf245f1108ec15b32e536611e53,268827,0.002114845411326789,25.9899005680233,0.8546053781800191,0.012242073898827126,0.0139532115449713,0.03307703467285652,0.08612230170332594,0.21316311233618648,0.34823883017702834,0.23643458432374725,0.05261748261893336,0.004151368724123693
v16s,1536,9365,123403,exposure_matched_local,1993773403,degree_depth_age_event_footprint_double_edge_swap_primary_0075,10,14989050440830359611,18ae3d0fe04e5f58dcdb5ad78403073752578af39e707ad68f3770b636076389,283560,0.0011554177422676113,27.38406333756524,0.8642650585414021,0.011651854986598957,0.01349626181407815,0.03147482014388489,0.07911200451403583,0.189071096064325,0.35063831287910846,0.2696713217661165,0.04619833544928763,0.008685992382564537
v16s,1536,9365,123403,exposure_matched_local,1993773403,degree_depth_age_event_footprint_double_edge_swap_primary_0075,11,16582029782537294789,86656ab57c1e6df6381213ad8abae2c3a0745fc5e2a18580154d5522b9184cee,305591,0.0014991808408083064,29.39913151892562,0.8751828424266421,0.01076602386850398,0.012317116669011849,0.028652676289550413,0.0730813407462916,0.18932494739701103,0.35857404177479046,0.2576875627881711,0.04855836722940139,0.021037923237268115
v16s,1536,9365,123403,exposure_matched_local,1993773403,degree_depth_age_event_footprint_double_edge_swap_primary_0075,12,11530707870383225951,57b646991a0a4d0ae67be848d4424a26bab60d2d7fa29640c62704a166d8374d,281914,0.001572403945172467,25.554516625637607,0.8572295097086345,0.01176599956014955,0.013745326588959753,0.03280787757968742,0.08445128656256873,0.2074462424711082,0.36811226118603546,0.24032151649084474,0.030970437793085833,0.01037905176756032
v16s,1536,9365,123403,exposure_matched_local,1993773403,degree_depth_age_event_footprint_double_edge_swap_primary_0075,13,18344413068178050069,47e66542f3538ce0481af87223afefdb16e53fa2db326e054e1501454d5ccae8,283899,0.0004057622813063616,26.645898717501648,0.8608202212758762,0.01164146404178951,0.013451967072797015,0.03210296619572454,0.08198338141381266,0.20073688177837892,0.3604486102451928,0.2463235164618403,0.044536965611009546,0.008774247179454665
v16s,1536,9365,123403,exposure_matched_local,1993773403,degree_depth_age_event_footprint_double_edge_swap_primary_0075,14,8350073599375456272,a4f2827f0fafe9dc1a8f39e71cddd684ea888d5229725f451ffcbbdf067fd18e,267822,0.00036729969183943933,27.358551575300012,0.85372747571148,0.01239255923710524,0.014311744367527687,0.03392178387137726,0.0856464368125098,0.2037771355601855,0.35489989619971474,0.23301670512504574,0.04465652560282576,0.017377213223708284
v16s,1536,9365,123403,exposure_matched_local,1993773403,degree_depth_age_event_footprint_double_edge_swap_primary_0075,15,1843988811022216649,13156d85112469d7433042b1c8f7f299617a2294066367c952f848eb15c3409b,278189,0.0007665884472404206,26.93086354960117,0.8563135134746521,0.011923548378979758,0.013875458770835654,0.033099799057475315,0.08478768031805715,0.21347716839990077,0.3530513427921305,0.22991203821862116,0.04129207121776921,0.01858089284623044
v16s,1536,9365,123403,exposure_matched_local,1993773403,degree_depth_age_event_footprint_double_edge_swap_primary_0075,16,12526758750168489311,ea5bedeb270f7801958a53a9b2dc8341cc0b0ed3dfa78571d08df23efb8998bb,297175,0.0014029025341533424,29.331367039623117,0.8682224278623707,0.011148313283418861,0.012978884495667536,0.030685622949440567,0.07696475140910237,0.18853873979978128,0.3402607890973332,0.26487759737528394,0.0591234121308993,0.015421889459072937
v16s,1536,9365,123403,exposure_matched_local,1993773403,degree_depth_age_event_footprint_double_edge_swap_primary_0075,17,16848901449127195490,0d57213eaec6b2e610b2a12036b843cd8a3991648360b7620dfd14643e8aa4c5,282001,0.0007884930379726206,27.19066953663285,0.8630536771146201,0.011709178336247034,0.01340420778649721,0.031638185680192624,0.08019475108244296,0.1940631416200652,0.34904486154304415,0.2649529611597122,0.04585090123793887,0.009141811553859737
v16s,1536,9365,123403,exposure_matched_local,1993773403,degree_depth_age_event_footprint_double_edge_swap_primary_0075,18,12899665290992102574,8a8d15baeb6f9108317dca38fb9bdbd36cf967ac42a223765e2cbdaac4e6b2ab,275753,0.0008849726159197421,27.284323289320515,0.855435842946405,0.012028880918793268,0.014045178112296148,0.03343209321385443,0.08505800480865122,0.21141383774609887,0.35963706650516947,0.21671931039734835,0.05058149866003271,0.01708412963775553
v16s,1536,9365,123403,exposure_matched_local,1993773403,degree_depth_age_event_footprint_double_edge_swap_primary_0075,19,15812410667540715716,ac0a9435b4dcd4fb8e42764586eae5daca541729cd8597a7038d056331cb0f7f,285363,0.00015030898494034173,27.45607524451313,0.8635317122401993,0.011581739749021422,0.013386458650911296,0.031563307086062316,0.07993678227380564,0.20160987934665672,0.35995906967616687,0.23823691228365276,0.048145695132164996,0.015580155801558016
v16s,1536,9365,123403,exposure_matched_local,1993773403,degree_depth_age_event_footprint_double_edge_swap_primary_0075,20,8230802196234380062,6954eb7e8799e252221d094df9e6daa090139958117291b3707677b66caf50fc,293601,0.0020822256763356347,27.249423537385773,0.8634166777361113,0.01128061552923866,0.01312665828794861,0.0313520730515223,0.08082397539517917,0.1995940068324018,0.34987619251978025,0.2462253193960511,0.062278398234338436,0.005442760753539668
v16s,1536,9365,123403,exposure_matched_local,1993773403,degree_depth_age_event_footprint_double_edge_swap_primary_0075,21,13373338304669115340,ff356ad19b0fafa9826c933fca9502ce87b6409caeea576d6fdea30fac860177,292999,0.0012819150198473577,28.867439820613722,0.8623647179683207,0.01129014092198267,0.013201410243720969,0.031611029389178806,0.08153270147679685,0.20090170956214867,0.35508653613152263,0.2326321932839361,0.050344881723145815,0.023399397267567467
v16s,1536,9365,123403,exposure_matched_local,1993773403,degree_depth_age_event_footprint_double_edge_swap_primary_0075,22,15431460662983809619,3c83810062a72f78b6652290feaeef42103d53a7f96b79cbd63c021dd4ebcaf5,265288,0.00018288332502167218,27.114818612225204,0.853887096287808,0.012461928168631826,0.014501221314194386,0.03403847893609963,0.08511127529326619,0.20171285546274237,0.3533065950966497,0.23466572178161094,0.05212448358010916,0.012077440366695818
v16s,1536,9365,123403,exposure_matched_local,1993773403,degree_depth_age_event_footprint_double_edge_swap_primary_0075,23,15205732368726176669,3aac8c155c488e7f0ba9588f170af4b84898d4bfe7680c444a17091c1df5192b,271310,0.000426604898419745,26.850591574214,0.8489403265637094,0.0122184954480115,0.014315727396704876,0.034554568574693155,0.08997088201688105,0.21355644834322363,0.33733736316390844,0.2371936161586377,0.04833585197744278,0.01251704692049685
v16s,1536,9365,123403,exposure_matched_local,1993773403,degree_depth_age_event_footprint_double_edge_swap_primary_0075,24,13788746433170216279,91f9bf833d2c3218b200682850bbac1b0ae060f0694f66a6289af8ed769165d8,263616,0.000555037071991281,26.156136198106335,0.8552212308812819,0.012533381888807963,0.01433145180869143,0.033541211459092016,0.08437272396212674,0.2121950109249818,0.3545839402767662,0.2382252974022821,0.03750910415149308,0.01270787812575868
v16s,1536,9365,123403,exposure_matched_local,1993773403,degree_depth_age_event_footprint_double_edge_swap_primary_0075,25,13833615520317050440,8cfb911244555a261eff393ed82a25b3d46b0575a0039952b3c5e929cd380df3,279327,0.00019215844713122956,27.182309622771875,0.864305992617971,0.011814110343790611,0.013478825892233834,0.031239371775732386,0.07916169937027212,0.20282679440225973,0.3524757721237116,0.2486404823021047,0.04964432367798315,0.010718620111911846
v16s,1536,9365,123403,exposure_matched_local,1993773403,degree_depth_age_event_footprint_double_edge_swap_primary_0075,26,13560669328689427253,1c00d69cc537aaaa796fbeb905a108e4918cce7bef7f0ef130cdcdc45f0654e8,282402,0.0022046621615530626,27.532294388849937,0.8612863931558559,0.011692551752466342,0.013548062690774144,0.0322094036161217,0.08126358878478197,0.19741361605087782,0.35526660576058244,0.2360571100771241,0.06624598975927933,0.006303071507992153
v16s,1536,9365,123403,exposure_matched_local,1993773403,degree_depth_age_event_footprint_double_edge_swap_primary_0075,27,16244505775729274002,d36aaa0ce371899fff43beb676ffbaa7837bb37bf4b2f6d27aea03208c6f4b27,289213,0.0008125186973178396,27.354824990577878,0.8669561879998479,0.011434479086348124,0.013080324881661613,0.03054150401261354,0.07798750401952886,0.19476648698364182,0.37147361978887533,0.2463962546635179,0.038321237288780244,0.015998589275032588
v16s,1536,9365,123403,exposure_matched_local,1993773403,degree_depth_age_event_footprint_double_edge_swap_primary_0075,28,60984008565411358,c5f9d0105f086056a1173ca8142bef5eb089e33118c005f655780b7f0c2835ba,263581,0.001684684206200032,25.32367279887397,0.8496856753711383,0.012542633953130157,0.014557194941972298,0.03472936213156487,0.08848513360219439,0.21294023469066434,0.3534283578861906,0.2379306550927419,0.039923211460613624,0.005463216240927837
v16s,1536,9365,123403,exposure_matched_local,1993773403,degree_depth_age_event_footprint_double_edge_swap_primary_0075,29,12067495705923102389,e02974e131011528e7f7790974d810afe450009a33672c2671bc3f5db4d4afef,282480,0.0004639235718184796,27.21223803455112,0.8580890682526197,0.011685783064287737,0.013484140470121779,0.03275630133106769,0.08398470688190314,0.20157533276692155,0.3557101387708864,0.24365618804871142,0.039974511469838575,0.017172897196261683
v16s,1536,9365,123403,exposure_matched_local,1993773403,degree_depth_age_event_footprint_double_edge_swap_primary_0075,30,11471773146902285124,b0b8bd82168bab1977d9ecb4f9d65c83db9e56a35e6f22119ebb9f13fc568ee2,275439,0.0009343181526722509,28.02847454427296,0.8531398966740367,0.012006288143654311,0.014013992208801222,0.03368077868420957,0.08715904428929817,0.2079189947683516,0.342809115629958,0.2364334752885394,0.04485203620402339,0.02112627478316433
v16s,1536,9365,123403,exposure_matched_local,1993773403,degree_depth_age_event_footprint_double_edge_swap_primary_0075,31,11252286023175767436,bf00d3a2112aac1f3cb9c9a74f8f0a9b0d3dabaa4302db05c49215d624690b32,265235,0.00041318787733238147,26.842878956397158,0.8510415292099459,0.012483269553414895,0.014538051162176938,0.03467114068656097,0.0872660093879013,0.2070126491601787,0.35396535148076236,0.22722868399721002,0.046562482326993046,0.016272362244801778
v16s,1536,9299,123078,exposure_matched_local,1993113078,degree_depth_age_event_footprint_double_edge_swap_primary_0075,0,14287176524615633747,affc6bced76a64b893412bc1202cd77c22210fca98338e25da96d50fca92c6fe,226156,0.00036863881769913346,23.27609260864182,0.8131997382337856,0.014781832009763173,0.017775340915120535,0.04455331717929217,0.1096897716620386,0.24159871946797787,0.36344381754187377,0.157462105803074,0.04267408337607669,0.008021012044783248
v16s,1536,9299,123078,exposure_matched_local,1993113078,degree_depth_age_event_footprint_double_edge_swap_primary_0075,1,3104182319593952825,5d1f89378c9db086d9c8750c1f27ba791a45342a20d81426cabfcfc895e9b2ee,225916,0.0001892546168301658,22.679163937038545,0.8178836381663981,0.014766550399263443,0.01773668089024239,0.04365781972060412,0.10595531082349191,0.24709626586872996,0.36814568246604934,0.15391118822925334,0.04336124931390428,0.005369252288461198
v16s,1536,9299,123078,exposure_matched_local,1993113078,degree_depth_age_event_footprint_double_edge_swap_primary_0075,2,2421983403503541239,a975dc270ff2c2a0fb92e0622167ddd685ddd533ae986e8212fb1b35891e05d6,226284,0.00043751120069854195,22.565329409061178,0.8199165650244825,0.014742535928302486,0.017526647929150978,0.04294161319403935,0.10487263792402468,0.23991090841597285,0.37224019373884143,0.16339202064662106,0.04086015803150024,0.0035132841915469057
v16s,1536,9299,123078,exposure_matched_local,1993113078,degree_depth_age_event_footprint_double_edge_swap_primary_0075,3,11780274840911664977,d2aecf5d3ffc64d1c1a5500e09c8a16fc8c7aa955b1fe087e938d7bb08838407,227443,0.0005233905495670626,22.890711079259418,0.8152372242715757,0.014654221057583659,0.01753406347964105,0.04336471115840013,0.10920978003279942,0.2514080450926166,0.3649485805234718,0.14568045620221332,0.04617860299063941,0.007021539462634594
v16s,1536,9299,123078,exposure_matched_local,1993113078,degree_depth_age_event_footprint_double_edge_swap_primary_0075,4,7862573071476144939,583a234bef06052e208b0227c1d13f4a4f4b74b3f3db8dcdc813e301605ab2c5,234800,0.0006540615769478662,22.664906303236798,0.8240672913117547,0.014212095400340715,0.0170144804088586,0.04174190800681431,0.10296422487223168,0.23326235093696762,0.38780664395229986,0.16413543441226575,0.03339011925042589,0.00547274275979557
v16s,1536,9299,123078,exposure_matched_local,1993113078,degree_depth_age_event_footprint_double_edge_swap_primary_0075,5,12585065951736930363,d6030aaf00b3ee399eabb8e2828c9a4f93c763c2f2cea32724c4f706dd28b8f8,234562,0.00015855898239824386,23.046341692175204,0.8174768291539124,0.014269148455419036,0.017381332014563315,0.04308029433582592,0.10779239604027933,0.2417015543864735,0.3704137925154117,0.1575020676835975,0.04134088215482474,0.006518532413604932
v16s,1536,9299,123078,exposure_matched_local,1993113078,degree_depth_age_event_footprint_double_edge_swap_primary_0075,6,76518575066733010,a056c763cca5a6dd0318fb0f207ce4919762fe7e87c805fe26c28c4248d6a82d,208242,0.0009745032595973394,21.174023491898847,0.798849415583792,0.016024625195685788,0.019237233603211647,0.04780975979869575,0.11807896581861488,0.2607543146915608,0.35966327638036516,0.14350611307997427,0.029004715667348566,0.005920995764543175
v16s,1536,9299,123078,exposure_matched_local,1993113078,degree_depth_age_event_footprint_double_edge_swap_primary_0075,7,4337188304523446282,ed8e3a40f11b9a995b1c5d5941708db326f6bfc35f1a258b679590e051bb7dee,225119,0.00037225498046318886,23.00094616624985,0.8168835149409868,0.014805502867372368,0.017617349046504294,0.043186048267805026,0.10750758487733154,0.24520808994354099,0.3712347691665297,0.1496319724234738,0.04243533420102257,0.008373349206419715
v16s,1536,9299,123078,exposure_matched_local,1993113078,degree_depth_age_event_footprint_double_edge_swap_primary_0075,8,8869278759472989196,08f76688f596a59cfe04894309f361265725c526fa6bef541e7af3316f7169a2,221763,0.0006480083337917194,23.164914796426817,0.8117810455305889,0.015025049264304686,0.017874938560535347,0.04429503569125598,0.11102393095331503,0.24980722663383884,0.35642104408760705,0.1509629649671045,0.04800169550375852,0.006588114338280056
v16s,1536,9299,123078,exposure_matched_local,1993113078,degree_depth_age_event_footprint_double_edge_swap_primary_0075,9,6672804695509845499,4a56b794922e9983d267c80de7c1aff370cf25df26fbd3af9062806164d6d5db,230553,0.00022977936202157905,21.939827284832553,0.815239879767342,0.014473895373298113,0.017293203731896786,0.04337831214514667,0.10961470898231643,0.24518006705616496,0.3837555789775019,0.14683391671329368,0.034612431848642176,0.004857885171739253
v16s,1536,9299,123078,exposure_matched_local,1993113078,degree_depth_age_event_footprint_double_edge_swap_primary_0075,10,5221008111212460464,4e7984f84c943030f61ba46e4ff369f88ac5b6aa78894284b2dbc84521c2850d,218617,0.00022652409014627226,22.354592735240168,0.8167617339914096,0.01524584089983853,0.018022386182227366,0.04366083149983761,0.10630920742668686,0.2421403641985756,0.3787582850373027,0.15200098802929324,0.039955721650191886,0.003906375076046236
v16s,1536,9299,123078,exposure_matched_local,1993113078,degree_depth_age_event_footprint_double_edge_swap_primary_0075,11,14086691546494479625,780a2e90125357c4aa3367b01d5bc39a1204d2fc923c01c2a62038e5af3391bb,227774,0.00030400969670275755,22.899676872689597,0.812919824036106,0.014668048152993758,0.017508583069182612,0.04362218690456329,0.11128135783715437,0.2493787701844811,0.36666608129110434,0.1495824808801707,0.03865234838041216,0.008640143299937657
v16s,1536,9299,123078,exposure_matched_local,1993113078,degree_depth_age_event_footprint_double_edge_swap_primary_0075,12,6179329224186723620,dae8968f93268ba4effcbb4d0519e7a2eceff86a735832b0e99654de5667faa7,212491,0.0003142616893695762,21.743833856492746,0.808208347647665,0.015666545877237155,0.018589022593898094,0.04531956647575662,0.11221651740544306,0.2565755726124871,0.3689897454480425,0.1418554197589545,0.03511678141662471,0.0056708284115562545
v16s,1536,9299,123078,exposure_matched_local,1993113078,degree_depth_age_event_footprint_double_edge_swap_primary_0075,13,4751127812936738666,4866716b1b76494d3cef69df3a9d1f85c80b2265963fb60fbea246ccd9547d1f,216772,0.00022209826951679755,21.86539774509623,0.8102522466001144,0.015370988873101692,0.018203458011182255,0.044830513165907034,0.11134279334969462,0.25150849740741427,0.3701169892790582,0.15001476205413983,0.032208956876349344,0.006403040983152805
v16s,1536,9299,123078,exposure_matched_local,1993113078,degree_depth_age_event_footprint_double_edge_swap_primary_0075,14,15348088613218627304,8dd4c3d6c3c13506f732f691d3096a5dc37a31f58b2dab2c39359ae3e1053884,234862,0.00017630483408097596,22.762937384506646,0.8216740043089134,0.014216859262034727,0.017090887414737164,0.04163295892907324,0.10538529008524154,0.24964021425347652,0.3652868492987371,0.161669405863869,0.039069751598811216,0.006007783294019467
v16s,1536,9299,123078,exposure_matched_local,1993113078,degree_depth_age_event_footprint_double_edge_swap_primary_0075,15,2192720984549992019,d27b2291aa5e0c2cfa6cfa355b936ce44f300abeff725dcf966bdc367b9b8ab8,223317,0.00011305166930484665,22.49357639588567,0.8141386459606748,0.014911538306532865,0.01779533130034883,0.04383902703332035,0.10931545739912323,0.2464971318797942,0.36485354899089634,0.15643233609622195,0.04142093974036907,0.004934689253393159
v16s,1536,9299,123078,exposure_matched_local,1993113078,degree_depth_age_event_footprint_double_edge_swap_primary_0075,16,17874391314392340751,0db10487b08cb460b0aed52ec115311b66212f6475501ec9276222dd70acd0ca,223091,0.0003109675429148844,21.472054004867967,0.8105705743396192,0.014922161808410021,0.01789404323796119,0.04437202755826098,0.11224119305574855,0.2519420326234586,0.3763307349915505,0.14363645328587885,0.03453299326283893,0.004128360175892349
v16s,1536,9299,123078,exposure_matched_local,1993113078,degree_depth_age_event_footprint_double_edge_swap_primary_0075,17,13196310943361954291,d82a666252f57d28d84eef340fccfa446d1399809ddd4c67fbd748dc781e3c6d,214030,0.0003265183637079029,21.526972854272767,0.8064196607952157,0.015516516376208944,0.01846937345231977,0.045769284679717796,0.11382516469653786,0.2513339251506798,0.3701724057375134,0.1478811381582021,0.033102836051020885,0.003929355697799374
v16s,1536,9299,123078,exposure_matched_local,1993113078,degree_depth_age_event_footprint_double_edge_swap_primary_0075,18,5987427377437451103,f75c991e0bb6ca655495f100dac216b52cee13ae8b211ffb64cf0acaf21de02a,224134,0.00039443137730429517,23.034559683046748,0.8131876466756494,0.014888414966047097,0.017770619361631882,0.044054003408675164,0.11009931558799646,0.24424228363389758,0.3561083994396209,0.16417857174725833,0.043130448749408835,0.0055279431054636955
v16s,1536,9299,123078,exposure_matched_local,1993113078,degree_depth_age_event_footprint_double_edge_swap_primary_0075,19,9031653026538277535,998caadb52df2637a8adb9516dfb42e8564aec51152f7c4bffbb4c3ef6931cf9,226484,0.00011087015212425311,22.423871001925082,0.816243090019604,0.01470744070221296,0.017497924798219742,0.043102382508256654,0.1084491619717066,0.24396425354550433,0.37379240917680717,0.15729587962063546,0.03466470037618551,0.006525847300471557
v16s,1536,9299,123078,exposure_matched_local,1993113078,degree_depth_age_event_footprint_double_edge_swap_primary_0075,20,3018583285997682474,37360fa62b7e497cdbc6615dc06a10f49cb209c2576cc447e5011899b48d3e78,227420,0.0003967797611843649,21.93931932107994,0.8198223551138861,0.01462932020051007,0.017377539354498286,0.0426303755166652,0.10554040981444024,0.24301292762290036,0.3814308328203324,0.15931316506903526,0.03130771260223375,0.0047577169993843985
v16s,1536,9299,123078,exposure_matched_local,1993113078,degree_depth_age_event_footprint_double_edge_swap_primary_0075,21,9016722448293076045,64e3e08f8d1000b5f6e759f252d2dfc6b059a798570f227bc62366bcc4812e60,244883,0.00015237346462732235,22.585700109848375,0.8228010927667498,0.013602414214134913,0.016440504240800707,0.0412237680851672,0.10593222069314734,0.24645647104943993,0.374423704381276,0.15746703527807157,0.03938615583768575,0.005067726220276622
v16s,1536,9299,123078,exposure_matched_local,1993113078,degree_depth_age_event_footprint_double_edge_swap_primary_0075,22,12147743264587235371,67dea2314723693e2b74db654b90b72ca9108319ef0f4fa5fc6a4ad264dab528,226194,0.00036444478876188606,22.072915285109243,0.812125874249538,0.014779348700672873,0.01789172126581607,0.04449278053352432,0.11071027525044873,0.24722141170853337,0.36825026304853353,0.1606939176105467,0.030252791851242737,0.005707490030681627
v16s,1536,9299,123078,exposure_matched_local,1993113078,degree_depth_age_event_footprint_double_edge_swap_primary_0075,23,8006803889557642639,46f328401986751fa4ef6b24528c27e5f3ac08f3d568646a6c5f35a5b5954f2d,227900,0.00011670252993034052,22.520070206230802,0.8208424747696358,0.014589732338745064,0.017345326897762175,0.0420798595875384,0.10514260640631856,0.24375164545853445,0.3802852128126371,0.15366388767003072,0.03748573935936814,0.00565598946906538
v16s,1536,9299,123078,exposure_matched_local,1993113078,degree_depth_age_event_footprint_double_edge_swap_primary_0075,24,1765904780821699335,5c13ecb9d850ad02f8b3b25c269e614b7cdee077ff51d419a2eccf9f15d178dd,221307,0.0007605132521596432,21.149525320030545,0.8092242902393507,0.015083119829015801,0.018146737337725424,0.0447613496184034,0.11278450297550462,0.25447907205827197,0.3772948890003479,0.1448530773992689,0.027906934710605628,0.004690317070856322
v16s,1536,9299,123078,exposure_matched_local,1993113078,degree_depth_age_event_footprint_double_edge_swap_primary_0075,25,2080417059403090445,6847ef02875fd19b0a7e398fc736366d4c9fbd1613a5faca88c9928754e144da,229621,0.00029245685591833596,22.373511133563568,0.8166587550790215,0.014480382891808675,0.01722403438709874,0.04286193335975368,0.10877489428231739,0.2414631065973931,0.36987470658171506,0.16607801551251847,0.03402563354397028,0.005217292843424599
v16s,1536,9299,123078,exposure_matched_local,1993113078,degree_depth_age_event_footprint_double_edge_swap_primary_0075,26,4053589700454420805,bb1497b4cc24d37cb7367aa702739e9bd6c5c16bd9d387d7cd38c117d0229f5e,222919,7.801568528901861e-05,22.122138534624685,0.8130217702394144,0.014956105132357494,0.017912335870876865,0.0439531847890938,0.11015660396825754,0.2527420273731714,0.3697307093607992,0.14756929647091543,0.03700895841090261,0.005970778623625622
v16s,1536,9299,123078,exposure_matched_local,1993113078,degree_depth_age_event_footprint_double_edge_swap_primary_0075,27,9978881201434000779,bccba81f22468d97defe010eeaa014d3da66ab77ad16fa27239f054495327fc1,218598,0.00012806676614179774,21.791297267129618,0.8123999304659696,0.015238016816256325,0.01817948929084438,0.04439198894774884,0.10979057447918096,0.25150733309545376,0.37132087210313,0.1510077859815735,0.03389326526317716,0.004670674022635156
v16s,1536,9299,123078,exposure_matched_local,1993113078,degree_depth_age_event_footprint_double_edge_swap_primary_0075,28,10907703776630123892,93f00112ef56e0c323e4d31b4be15edc44ebd3f05dee3fc3c97e8dc69e0ed11a,228611,0.0001954554504838201,22.641872000909842,0.8174759744719196,0.014561853979029881,0.01737011779835616,0.04313003311301731,0.1074620206376771,0.24704410548923716,0.36902861192156106,0.15470384189737152,0.04241703155141266,0.004282383612337114
v16s,1536,9299,123078,exposure_matched_local,1993113078,degree_depth_age_event_footprint_double_edge_swap_primary_0075,29,3486789084636579014,77313d3233ac49ba8f8d51d2977ce1b9fb1fd8b2dc5c55e66ebcae74a2048b8d,234065,0.0004932069818073628,23.278555102215197,0.8169525559139555,0.014235361972101767,0.017251618140260185,0.043009420460128595,0.10855104351355392,0.24391942409159847,0.3569820349048341,0.16643667357358,0.042701813598786664,0.00691260974515626
v16s,1536,9299,123078,exposure_matched_local,1993113078,degree_depth_age_event_footprint_double_edge_swap_primary_0075,30,760788578488624395,69968bc77dbcef4718a1ab3278ec4a158a364e68bd9d59a601b382825794f6d7,210913,0.00015095066039477983,22.29243811429357,0.8061665236377085,0.015779017888892577,0.018666464371565526,0.04588621848819181,0.11350177561364165,0.24862858145301617,0.3629600830674259,0.14893344649215554,0.04004968873421742,0.005594723890893402
v16s,1536,9299,123078,exposure_matched_local,1993113078,degree_depth_age_event_footprint_double_edge_swap_primary_0075,31,2324430867556633043,ed4e62aedf47aaa1a1c9cb251299ef86a21f39f7e9f63e6ec2ea5581a7f9f374,208010,0.001165966200547551,20.769756261718186,0.7987019854814672,0.016119417335705013,0.0194942550838902,0.04853132060958608,0.11715302148935147,0.25057929907216,0.366833325320898,0.1491947502523917,0.029854333926253546,0.0022402769097639537
v16s,1536,9299,127341,exposure_matched_local,1993117341,degree_depth_age_event_footprint_double_edge_swap_primary_0075,0,351780113751054770,eb3baf69cb1b180ed59b882923f17dd3b12feeb1f1d88df8cc059532cd048901,221564,0.0012266672752965866,21.904456500153454,0.8224892130490513,0.014943763427271578,0.017182394251773755,0.041355996461519016,0.10402863281038435,0.24254391507645645,0.38725153905869186,0.16245870267733026,0.024105901680778467,0.0061291545557942625
v16s,1536,9299,127341,exposure_matched_local,1993117341,degree_depth_age_event_footprint_double_edge_swap_primary_0075,1,11466526524576513664,703f3b4a71dd53ca731ffa14c8efe85493b3273fcd4cd6d22437f53b1a8ccb80,249796,0.0008626304477561234,23.49534420086791,0.8365746449102468,0.013210779996477125,0.015268459062595078,0.03702621339012634,0.0979199026405547,0.24250988806866403,0.3760548607663854,0.16842143188842096,0.0440919790549088,0.005496485131867604
v16s,1536,9299,127341,exposure_matched_local,1993117341,degree_depth_age_event_footprint_double_edge_swap_primary_0075,2,2191211565067227820,254c8ee71dab017281d5f26a22f2e3c17927415e740c68ec6fd89b797bbd9d85,226456,0.0009606726696104863,21.647896280072068,0.8282006217543364,0.014607694209912743,0.01668315257710107,0.039857632387748615,0.10065089907090119,0.24113293531635285,0.38848606351785775,0.1720864097219769,0.02489666866852722,0.0015985445296216483
v16s,1536,9299,127341,exposure_matched_local,1993117341,degree_depth_age_event_footprint_double_edge_swap_primary_0075,3,8510864886715925434,7bb33cdb5d42da4092a6eb710e41daf7ad86d7dcd22a6ce17f721cae60bd65c0,241469,0.0007150794017331788,22.31607369890131,0.8335065784841946,0.01364564395429641,0.01561277016925568,0.038120835386737016,0.09911417200551624,0.23678815914258144,0.3914871060053257,0.17595219262099898,0.02386227631704277,0.005416844398245737
v16s,1536,9299,127341,exposure_matched_local,1993117341,degree_depth_age_event_footprint_double_edge_swap_primary_0075,4,5594262629026529353,45ea45896ea81cc411826088f29d83e94724841c4172eb3dc4274c3cfd1d1e5c,228025,0.00024794373724664224,22.527069400285058,0.829049446332639,0.014441398969411249,0.01652011840806929,0.03970178708474948,0.10028724920513102,0.2396974016007017,0.3829492380221467,0.16699923254029164,0.03600043854840478,0.003403135621094178
v16s,1536,9299,127341,exposure_matched_local,1993117341,degree_depth_age_event_footprint_double_edge_swap_primary_0075,5,3062532427263437837,b571511869890f211aa7a24df6edf471d02cbfbc2b42cb23dc5844da9b4e54e5,237073,0.0002613155467642693,22.545477553327455,0.8367169605986342,0.013890236340705183,0.01582213073610238,0.03781113834135477,0.09575953398320348,0.23779595314523375,0.3823674564374686,0.18352996756273385,0.030830166235716425,0.0021934172174815354
v16s,1536,9299,127341,exposure_matched_local,1993117341,degree_depth_age_event_footprint_double_edge_swap_primary_0075,6,16990086602618780190,f4a5da4ef0c49805eb369e446c971ecce15577fa10cf496263c9c8e4569de169,237732,0.00010360210832791771,23.04129860515202,0.8346120841956489,0.013885383541130348,0.015875018928877896,0.03836252586946646,0.09726498746487641,0.2346339575656622,0.37677300489626975,0.18388353271751384,0.03556946477546145,0.0037521242407416756
v16s,1536,9299,127341,exposure_matched_local,1993117341,degree_depth_age_event_footprint_double_edge_swap_primary_0075,7,3242255614035623629,892389fd040928a887ce69ea3cbec96d5052ad80dfba1ec69bd338e83ce5f715,252838,0.0003916279581509553,23.886852450976516,0.8433898385527492,0.01305579066437798,0.014918643558325884,0.035971649831117156,0.09266407739342979,0.22915859166739178,0.3845703573038863,0.18691810566449663,0.03751413948852625,0.005228644428448255
v16s,1536,9299,127341,exposure_matched_local,1993117341,degree_depth_age_event_footprint_double_edge_swap_primary_0075,8,5155897451028852550,c5f44b2f2444026796f66ffe524396ecaf1abb0bbaf65f4e0726b3af4bf6575f,234834,0.000535074465999567,22.351541940264188,0.8314085694575742,0.014039704642428269,0.016219968147712854,0.039146801570471054,0.09918495618181354,0.23495320098452524,0.37695563674766003,0.18946149194750334,0.02773874311215582,0.002299496665729835
v16s,1536,9299,127341,exposure_matched_local,1993117341,degree_depth_age_event_footprint_double_edge_swap_primary_0075,9,7890025531053625783,f086180f3c56c52c61a5882d8ee02fa0f1e0ee93fa0ec042c8660824f7dcff79,240889,0.0002679844730748158,22.175890140272074,0.830008842246844,0.0137117095425694,0.015828867237607364,0.0387647422671853,0.10168583870579395,0.24598051384662645,0.3803453042687711,0.17106634175906746,0.02922923006031824,0.003387452312060742
v16s,1536,9299,127341,exposure_matched_local,1993117341,degree_depth_age_event_footprint_double_edge_swap_primary_0075,10,46563733696766325,0252163e956ae78e093231e023a57fa7477ce2942b4f7c81ca2ae9d8eb427e75,248185,0.000488612243927884,22.558180389628703,0.8438221488002902,0.01329250357596148,0.015081491629228196,0.03614239377883434,0.09166146221568588,0.23139190523198422,0.40002417551423336,0.17796804802868826,0.03241533533452868,0.0020226846908556117
v16s,1536,9299,127341,exposure_matched_local,1993117341,degree_depth_age_event_footprint_double_edge_swap_primary_0075,11,12228127501823164922,b5c0fff4c46b31fa4881c3ad7069776411047141c083e6a6f7ee0d7a2a0ce160,228653,0.0008179687027702755,22.48201860461048,0.8287973479464517,0.014427976016059269,0.016553467481292612,0.0398988860850284,0.1003223224711681,0.24471141861248266,0.3879765408719763,0.1585634126820991,0.030998937254267382,0.006547038525626167
v16s,1536,9299,127341,exposure_matched_local,1993117341,degree_depth_age_event_footprint_double_edge_swap_primary_0075,12,5828236028373417785,e98fe5e0a920d40e27f9623cc7922cb01fc30701397cdb0bac56786e2cc86373,242976,0.0008203370569516449,23.68127304754379,0.8418156525747399,0.013561010140919268,0.015544745160015805,0.03689664822863163,0.0921819438956934,0.22481232714342156,0.3927589556170157,0.17612027525352297,0.04389733965494534,0.004226754905834321
v16s,1536,9299,127341,exposure_matched_local,1993117341,degree_depth_age_event_footprint_double_edge_swap_primary_0075,13,17804510787523333428,12d97fc542fbbfc7f33521b5a0e0a6fe6dc48ab5fc5f619f02e43c6c64215486,265446,0.0004565088174212853,22.655395070937214,0.846292654626553,0.012435674299104148,0.01429292586816151,0.0348018052635941,0.09217693994258719,0.23334689541375647,0.3988984576900763,0.17965235867182025,0.03210445815721465,0.0022904846936853446
v16s,1536,9299,127341,exposure_matched_local,1993117341,degree_depth_age_event_footprint_double_edge_swap_primary_0075,14,17290179026613529760,6b69ba444a0b645fc5628c82616c64592c411d2240647a0b5d219befd89ce4d4,251216,0.0008370192395190591,23.123105216228264,0.8414153557098274,0.013148047895038532,0.015058754219476467,0.03644274250047767,0.09393509967517992,0.2304789503853258,0.3753065091395453,0.19992755238519838,0.03364435386281128,0.0020579899369466913
v16s,1536,9299,127341,exposure_matched_local,1993117341,degree_depth_age_event_footprint_double_edge_swap_primary_0075,15,1965819154247281377,b6f63846c0e9fa9dd77904ee981d1006608bb37b2c2c96fdfdfb6704ff9d085e,240786,0.0004331943798083596,22.097497362803484,0.8314436885865457,0.013730034138197404,0.015856403611505653,0.038702416253436664,0.10026745741031455,0.2447941325492346,0.3898233285988388,0.16150855946774315,0.030869734951367606,0.004447933019361591
v16s,1536,9299,127341,exposure_matched_local,1993117341,degree_depth_age_event_footprint_double_edge_swap_primary_0075,16,12492876121811172178,82b9b594cb5627224088f234dd72408dfdd1329aeb25d8d8982608756e19a121,238322,0.00012703029698046543,22.552215070366984,0.8362635426020258,0.013834224284791165,0.01580634603603528,0.03792348167605173,0.09617240540109599,0.23261805456483245,0.38868421715158485,0.18092328865988033,0.03113015164357466,0.002907830582153557
v16s,1536,9299,127341,exposure_matched_local,1993117341,degree_depth_age_event_footprint_double_edge_swap_primary_0075,17,17431899514555943476,bb9a2788132716aec1e3fde6e75c09e7add65f0e1804dfaefd822a41d43b4ac7,238161,0.0005063605423030406,22.195472810409765,0.8294473066539022,0.013856172925038105,0.015963990745756024,0.03909540185000903,0.10163712782529466,0.24782814986500729,0.3794114065695055,0.16375896977254883,0.035820306431363656,0.0026284740154769253
v16s,1536,9299,127341,exposure_matched_local,1993117341,degree_depth_age_event_footprint_double_edge_swap_primary_0075,18,7361462893132765678,34e9bd020b19286e2d47f7cf206ec650a70218bd8a31fa5ea541c695ade898dc,254571,3.398558591041101e-05,22.67905220940327,0.8373891763005212,0.012978697495001395,0.015060631415204404,0.03693272210895978,0.09763877268031315,0.24153968833842032,0.3813985096495673,0.177510399849158,0.0330084730782375,0.003932105385138134
v16s,1536,9299,127341,exposure_matched_local,1993117341,degree_depth_age_event_footprint_double_edge_swap_primary_0075,19,1624059364317735209,a68e7af8813f5109ffbfbcd39e947986b273abfeca60daf7c83c7e4a9c440ec1,238478,0.0005703583357078367,22.441935943776784,0.8380731136624762,0.013837754425984786,0.015791813081290518,0.03792802690394921,0.09436929192629928,0.233484849755533,0.38819933075587687,0.1877363949714439,0.025151166983956592,0.0035013711956658478
v16s,1536,9299,127341,exposure_matched_local,1993117341,degree_depth_age_event_footprint_double_edge_swap_primary_0075,20,18190149964138313299,cd67ecce80f782254998324734ce0d38e25ef55bf5db2d43fcd4580e68d94bd8,234463,0.00036076657492502555,22.24543318135484,0.8277681339912908,0.014083245544073052,0.01626269390053015,0.03956274550782,0.10232318105628607,0.2402511270434994,0.3816465711007707,0.17497856804698395,0.026669453175980858,0.004222414624055821
v16s,1536,9299,127341,exposure_matched_local,1993117341,degree_depth_age_event_footprint_double_edge_swap_primary_0075,21,2425973422344179176,192de9bc86de876ded97e3027c0db1fb18d32a29492907d03144675a8b73aef0,234341,0.0014748226502710707,23.263999897585144,0.833268612833435,0.014094844692136673,0.016109003546114425,0.03882376536756266,0.09770377356075122,0.23607477991473963,0.3566384030109968,0.1990176708301151,0.03995032879436377,0.0015874302832197525
v16s,1536,9299,127341,exposure_matched_local,1993117341,degree_depth_age_event_footprint_double_edge_swap_primary_0075,22,3385245853343983151,12f1fdbf6fc575dddb0e7a0e763f2efd76872088fe6f7d400cfd25391c83b80d,229457,0.002243891129269319,21.696274247462487,0.8304562510622905,0.014416644512915274,0.016491107266285186,0.03969371167582597,0.09894228548268302,0.22772022644765685,0.3948931608100864,0.18774759541003325,0.018299725002941726,0.0017955433915722771
v16s,1536,9299,127341,exposure_matched_local,1993117341,degree_depth_age_event_footprint_double_edge_swap_primary_0075,23,17746534142954600123,22f6207e9a282ca0ef6156175cbadfe3c301e62562a85a5ee07c7514a4e67883,251123,0.0003312216742485433,23.077037945548597,0.8405004718803136,0.01318875610756482,0.015219633406736937,0.03672304010385349,0.09436809850153112,0.23361858531476606,0.39643521302310025,0.17180823739760995,0.032657303393157935,0.005981132751679456
v16s,1536,9299,127341,exposure_matched_local,1993117341,degree_depth_age_event_footprint_double_edge_swap_primary_0075,24,14945704662182033993,4764623ab9334a7b3981289518c9f246a10fcc5db41e8d709f7259700ab841cd,267218,0.0008762830724824285,23.950553480678696,0.8496321355597303,0.012349467475993383,0.014216856648878444,0.03439513805207733,0.08940640226332058,0.23489061365626568,0.3856589002237873,0.18055295676189478,0.04256449790059053,0.005965167017191956
v16s,1536,9299,127341,exposure_matched_local,1993117341,degree_depth_age_event_footprint_double_edge_swap_primary_0075,25,312639851552510283,37b85f768fa9231f7038eb8883fedc13829f8556cce121df841e7142d08cf7e8,234415,0.00013400730279265527,22.663848303222917,0.8353560992257321,0.01405626773030736,0.01603566324680588,0.03837638376383764,0.09617558603331698,0.2387859138706994,0.38640871957852524,0.17082097988609943,0.03602585158799565,0.0033146343024123884
v16s,1536,9299,127341,exposure_matched_local,1993117341,degree_depth_age_event_footprint_double_edge_swap_primary_0075,26,4712946830848142132,be88e1ddd5ae0f6d97d7d237682a4159beb6f40accc1655bb631fdc1cecdf8b4,241946,0.00027804099302373617,22.296814165144287,0.8336364312697875,0.013639407140436295,0.015602655137923338,0.03810354376596431,0.09901796268588858,0.24429004819257188,0.38203979400362065,0.17566316450778272,0.02727881428087259,0.004364610284939615
v16s,1536,9299,127341,exposure_matched_local,1993117341,degree_depth_age_event_footprint_double_edge_swap_primary_0075,27,6748120217179793461,f2e3246c3a42b4fb710a273d5c97b1593ddb7f0e54370ef19907a37e177c5097,243851,0.001531872877367366,24.16453900127537,0.8396561834890979,0.013536954943797646,0.015542277866402025,0.03683396828391108,0.0944306154167914,0.23599247081209426,0.3713989280339224,0.17679648637897732,0.04907094906315742,0.00639734920094648
v16s,1536,9299,127341,exposure_matched_local,1993117341,degree_depth_age_event_footprint_double_edge_swap_primary_0075,28,7199270847689215153,59ee4eeead1f5add2250498c0fba6a4da60def0ea8e6f821ff8c32b82bb17619,236856,0.0005953443666764297,22.906335494984294,0.831188570270544,0.013924072009997636,0.015929509913196204,0.03831864086195832,0.10063920694430371,0.24616644712399094,0.3583569763907184,0.1866999358259871,0.03675651028472996,0.0032087006451177085
v16s,1536,9299,127341,exposure_matched_local,1993117341,degree_depth_age_event_footprint_double_edge_swap_primary_0075,29,4393116484592759442,8f88439c591d9a572b9c554d1c3aae497d237fad241484c7ff5bdcc7287286fc,247441,0.0002530714590908937,23.472504556641784,0.8397032019754205,0.013336512542383841,0.015175334726257976,0.03670369906361517,0.09508125169232261,0.2342012843465715,0.38273770312923083,0.17928718361144677,0.038089888094535666,0.005387142793635655
v16s,1536,9299,127341,exposure_matched_local,1993117341,degree_depth_age_event_footprint_double_edge_swap_primary_0075,30,16888725450123116350,c8781d05c495a7fa653732442f051208182bd3d21df799be5879820ded772af4,244036,0.0005912647943476256,23.56571981183104,0.8380402891376681,0.013534888295169566,0.015567375305282826,0.03735104656689996,0.09550640069497943,0.23919831500270453,0.37917766231211786,0.1727204182989395,0.04030552869248799,0.006638364831418315
v16s,1536,9299,127341,exposure_matched_local,1993117341,degree_depth_age_event_footprint_double_edge_swap_primary_0075,31,9945312320392645709,8b4353eee09c48733ee4680a5ba36d9aa8d8cdba27f8ce7a99a646b650ab70f9,247415,0.00030311281596335165,22.825592627771154,0.8391407149930279,0.013321746862558858,0.015197138411171514,0.03697431441100984,0.09536608532223188,0.2331144029262575,0.382345451973405,0.19082513186346825,0.029424246710991652,0.0034314815189054825
v16s,1536,9299,123403,exposure_matched_local,1993113403,degree_depth_age_event_footprint_double_edge_swap_primary_0075,0,12333506407568166406,b88bcf34e0a4b7e3a4319da9c8d5c7befbc4332abf6497fb1d55ecd381e607fc,261506,0.0002711565267109182,23.90201372052649,0.8460111813878075,0.012722461434919275,0.014684175506489336,0.03532614930441366,0.09125603236637019,0.22760089634654654,0.3783813755707326,0.1993988665652031,0.03672191077833778,0.003908132126987526
v16s,1536,9299,123403,exposure_matched_local,1993113403,degree_depth_age_event_footprint_double_edge_swap_primary_0075,1,15749979414066041334,29bd549b0b256fec32a0bf829d52e8a3c67593597d276e92b6d8e3ca4fdad006,281385,0.00042909535341540404,23.744545729161114,0.8561259484336408,0.011805888728965652,0.013639675178136716,0.032876663645894415,0.08555182401336248,0.21733212502443272,0.39679798141336603,0.20423618885157346,0.03641985180446719,0.00133980133980134
v16s,1536,9299,123403,exposure_matched_local,1993113403,degree_depth_age_event_footprint_double_edge_swap_primary_0075,2,9394624508031344298,49cd67f18f63c7cb54e06d5387e215569f7e6d380c10783f46f3fe6ca0e8ac2a,256615,0.00036999867014067425,24.046953607544374,0.845266254895466,0.012941566159421701,0.014858835220076768,0.0357617442472186,0.09117159947781696,0.22178750267911074,0.38405393293455176,0.19465346920483995,0.041595386084211754,0.003175963992751788
v16s,1536,9299,123403,exposure_matched_local,1993113403,degree_depth_age_event_footprint_double_edge_swap_primary_0075,3,14410440793116066605,b4bd6ea7948103bb120a7bf8954ad7d9889d309e447ac9d405fdf31029971b9b,253161,0.00015528198239224,23.176247526277745,0.8404375081469895,0.013145784698275011,0.0152156137793736,0.03694881913090879,0.09425227424445314,0.224548804910709,0.3892700692444729,0.18874550187430134,0.03585070370238702,0.0020224284151192326
v16s,1536,9299,123403,exposure_matched_local,1993113403,degree_depth_age_event_footprint_double_edge_swap_primary_0075,4,16836431863858457161,a78a60d3fe853daea5dbfc4b3442b164e9874faae8d888c2d27cc79f83327b8b,253344,0.00015691393191088912,23.098597164329924,0.8447644309713276,0.013128394593911834,0.015204622963243652,0.03638136288998358,0.09052118858153341,0.22207354427182013,0.3971082796513831,0.1928524062144752,0.029580333459643806,0.0031498673740053052
v16s,1536,9299,123403,exposure_matched_local,1993113403,degree_depth_age_event_footprint_double_edge_swap_primary_0075,5,8802333704554706814,f84329125b003306b28fe4ebb0afa799def71ab3991356c1434affe1a74ddb0a,267679,0.00011249143847126574,23.35684532593143,0.85134433407178,0.012369293071178539,0.01414007075639105,0.03408560253139021,0.0880606995692602,0.22272199163923953,0.4004124342963027,0.19274952461717207,0.03345051348817053,0.002009870030895214
v16s,1536,9299,123403,exposure_matched_local,1993113403,degree_depth_age_event_footprint_double_edge_swap_primary_0075,6,2325133263270135702,d889c3088eab69a5abf2bc1a86204ded94e17108f7d19c2f640618596ebfc66a,250910,0.00038759359598293877,23.33974731975609,0.8448328085767804,0.013215894145311068,0.015116974213861545,0.0360248694751106,0.09080945358893627,0.2268741779921087,0.3936351679885218,0.18355984217448487,0.03641544777011677,0.004348172651548364
v16s,1536,9299,123403,exposure_matched_local,1993113403,degree_depth_age_event_footprint_double_edge_swap_primary_0075,7,14659097965970312618,8e4992ddc10fe60e1c77ec72f0b1f6e46b582249eda5acc22988f15a908fdf3e,260589,4.549230713751952e-05,23.31266477096117,0.8466550775358899,0.01279793084128647,0.014827947457490531,0.03584571873716849,0.08987332542816466,0.22571942791138536,0.39196973011140146,0.19136648131732345,0.035239399974672764,0.0023600382211068005
v16s,1536,9299,123403,exposure_matched_local,1993113403,degree_depth_age_event_footprint_double_edge_swap_primary_0075,8,5257728822980411145,142a14a924d07f28d60800bb3e6a98afa3943fa3e34f3c09d42e78ac552cfb77,251092,0.00037786071935968623,23.934171538718875,0.8467732942507129,0.013198349608908288,0.01506619087824383,0.03586334889203957,0.08909881637009542,0.22103850381533463,0.3916771541904959,0.18958389753556465,0.04078186481449031,0.003691873894827394
v16s,1536,9299,123403,exposure_matched_local,1993113403,degree_depth_age_event_footprint_double_edge_swap_primary_0075,9,9470864172601018361,e9bae9b20ea6977f46a093a6b6736e7139f2d36ad24cce75cae93d6bb6e7bea5,253426,0.0002687598803682557,23.313117044028633,0.8451855768547821,0.013104417068493367,0.014994515164189941,0.03588029641788924,0.09083519449464537,0.2298185663665133,0.3927615951007395,0.18363940558585148,0.03543440688800675,0.003531602913671052
v16s,1536,9299,123403,exposure_matched_local,1993113403,degree_depth_age_event_footprint_double_edge_swap_primary_0075,10,7016005512315209947,5368c7ae9149bf9fdb0b9560a4cb9bb6e7d332f430b573ee0c5fce5bdc09ec8e,256398,8.480773303336207e-05,23.657255516813702,0.8496010109283223,0.012917417452554232,0.014695902464137786,0.035000273013050025,0.08778539614193559,0.21886676183121553,0.39101709061693146,0.20287209728625027,0.03454005101443849,0.0023050101794865794
v16s,1536,9299,123403,exposure_matched_local,1993113403,degree_depth_age_event_footprint_double_edge_swap_primary_0075,11,4492480137408976675,42cae8034ba93013f597868bb7bf5d6acc5de5cc5448cef31692bef59cc28323,248833,0.0005168930691278049,22.79842705750443,0.8429790260938059,0.01338246936700518,0.015391849151840793,0.03669931239023763,0.09154734299711051,0.22164664654607708,0.3884050748895846,0.20215566263317164,0.029955833832329314,0.0008158081926432588
v16s,1536,9299,123403,exposure_matched_local,1993113403,degree_depth_age_event_footprint_double_edge_swap_primary_0075,12,13049375947457348127,717f2f4a08a71a5cc78a3cd340a3080083ce4e260b1495e07a4fd98b58775b4c,258575,0.00024308583888715918,22.976355022720682,0.846891617519095,0.012862805762351348,0.01483128686067872,0.035626027264816784,0.08978826259305811,0.22276708885236393,0.3956028231654259,0.19783041670695156,0.02913661413516388,0.0015546746591897902
v16s,1536,9299,123403,exposure_matched_local,1993113403,degree_depth_age_event_footprint_double_edge_swap_primary_0075,13,15137945525438422451,276f691986d11951ce46e5f46f607abd22566ea7e97e8ea9e42cc71b8196c5f9,244664,0.0013242208572193355,22.04899780924043,0.8385336624922343,0.013528757806624596,0.015625510904751005,0.03768842167217081,0.09462364712421933,0.2342723081450479,0.3960737991694732,0.18428538730667365,0.02226318542981395,0.0016389824412255175
v16s,1536,9299,123403,exposure_matched_local,1993113403,degree_depth_age_event_footprint_double_edge_swap_primary_0075,14,13829075877756541771,b100ae7eff4e8537d5075522df5ce4361ff92589a5c7f8c284f1c9479d50e2d7,264361,0.0006354562430283979,22.64678980636327,0.8483853518484195,0.012566150075086718,0.014510461074061605,0.035005163393995335,0.08953287360843695,0.2253887676321394,0.4029943902466703,0.19317145872500105,0.024825900946054826,0.0020048342985538713
v16s,1536,9299,123403,exposure_matched_local,1993113403,degree_depth_age_event_footprint_double_edge_swap_primary_0075,15,15334409979099669812,66cc6dfe24cb68b2c655e607793dcbb65eea2b9f31297105b94bce7f130413c7,264282,0.0002893423062394265,24.106916097199203,0.8513406134356483,0.012581257898759659,0.014416418825345653,0.034493457745892644,0.08716825209435376,0.22066580395183932,0.3854064976048312,0.2058407307345941,0.03534482106235007,0.004082760082033585
v16s,1536,9299,123403,exposure_matched_local,1993113403,degree_depth_age_event_footprint_double_edge_swap_primary_0075,16,9046573347654309529,3f56710e3e0087955f8b0e6c9583c003fb31b59fa509e8ebc93df301986e224f,251282,5.477012186895088e-05,23.416790697304226,0.8420420085800018,0.013188370038442865,0.015122452065806544,0.036453068663891565,0.09319410065185728,0.2239834130578394,0.3841540579906241,0.1973440198661265,0.033894190590651144,0.0026663270747606274
v16s,1536,9299,123403,exposure_matched_local,1993113403,degree_depth_age_event_footprint_double_edge_swap_primary_0075,17,9142777804270992915,385dde1c5802d3cc27b7a756c66ae0b5f756174edb02aaa7ac110f7353e6f8b5,261755,7.23427435823707e-05,23.672315715077076,0.8483199938874139,0.012706538557047621,0.014670206872839105,0.035395694447097475,0.08890756623560199,0.22080189490172109,0.3925006208095356,0.19604974117017823,0.03677866707417241,0.00218906993180646
v16s,1536,9299,123403,exposure_matched_local,1993113403,degree_depth_age_event_footprint_double_edge_swap_primary_0075,18,3463662686904165329,dc145703c8f6b4f9938412021d1f9af2321041f0d6621b021e1cd36d19fd4f1c,249102,0.0007473368895171074,24.26056394569293,0.8469823606394168,0.013279700684860018,0.01511429053158947,0.035848768777448595,0.08877487936668513,0.21257155703286204,0.3775401241258601,0.21315364790326854,0.04099525495580124,0.0027217766216248765
v16s,1536,9299,123403,exposure_matched_local,1993113403,degree_depth_age_event_footprint_double_edge_swap_primary_0075,19,2928042913498583411,87f19b081451a88dc0dab4501df209d3b9af60d38ea44cbe64906e7885b611b4,250209,0.00039744874834069655,22.66864900942812,0.8399218253540041,0.013300880463932152,0.015427102941940538,0.03736875971687669,0.09398143152324656,0.22763769488707442,0.3976435699755005,0.1802852815046621,0.0324928359891131,0.0018624429976539614
v16s,1536,9299,123403,exposure_matched_local,1993113403,degree_depth_age_event_footprint_double_edge_swap_primary_0075,20,15589047139921828666,751dffcdff3a24c8b4e346dd8ce7e336ef2b007addf521fc8c28fdeb82a84e55,261729,0.00028602575864408557,23.590163871791052,0.8530884999369577,0.01264666888269928,0.01440421199026474,0.034119260762085976,0.08574135842799231,0.2181951560583657,0.4015794963492773,0.19316544975910196,0.038253307810750814,0.0018950899594618862
v16s,1536,9299,123403,exposure_matched_local,1993113403,degree_depth_age_event_footprint_double_edge_swap_primary_0075,21,14731868901715781532,b03bcba3614d8f67c5e895eb3427d13321fdd63cbbc32c7b65d0860d74b70589,266496,0.00020926123156868315,23.146527527617675,0.850620647214217,0.012446715898174832,0.014304154658981749,0.034578380163304515,0.08805010206532181,0.22120407060518732,0.400276176753122,0.19566147334293948,0.03204175672430355,0.0014371697886647453
v16s,1536,9299,123403,exposure_matched_local,1993113403,degree_depth_age_event_footprint_double_edge_swap_primary_0075,22,14541824441079274997,e2d1f8a246fea8a538be22e24d2f09b0a9f5e83c7ff69ecb89022997c6fc2fa0,251770,0.0006015204215660151,22.481586368510943,0.8444056082932836,0.013178694840529054,0.015204353179489217,0.036501568892242924,0.09070977479445526,0.22650832108670613,0.40165627358303213,0.187587877824999,0.0275012908607062,0.0011518449378400922
v16s,1536,9299,123403,exposure_matched_local,1993113403,degree_depth_age_event_footprint_double_edge_swap_primary_0075,23,12890638587693112702,01b2928e612504eca98a4c07f1340485957252145ad6909cca7a1ffdd67012ea,254133,0.0002188990895613602,23.860010309562316,0.8462576682288407,0.013005001318207395,0.014878036303825162,0.035859176100703175,0.09000011804842346,0.2155013319797114,0.3889341407845498,0.20335808415278614,0.03448981438852884,0.00397429692326459
v16s,1536,9299,123403,exposure_matched_local,1993113403,degree_depth_age_event_footprint_double_edge_swap_primary_0075,24,8497267721113205821,1c33963171e77679843eb62522137ee2f50db3261b51bb9afc6a369233a2c735,246937,0.00046526508108159215,22.901011189088717,0.8424213463353001,0.013440675151961836,0.015368292317473688,0.03678671078048247,0.09198297541478191,0.2209146462458036,0.3927196005458882,0.20039119289535387,0.0256867136152136,0.002709193033040816
v16s,1536,9299,123403,exposure_matched_local,1993113403,degree_depth_age_event_footprint_double_edge_swap_primary_0075,25,17260074943666036506,abfd17c3d2e02eb2f479943f0b4222e0ddbd43c00aa406eac126cd23b56d3d28,269229,0.00044296358184927676,22.962333181046617,0.8493215812561054,0.012350081157676178,0.014307522592291321,0.03493308670314119,0.08908772829078591,0.22125031107347276,0.39921776628817846,0.2001158864758254,0.02724075043921717,0.001496866979411579
v16s,1536,9299,123403,exposure_matched_local,1993113403,degree_depth_age_event_footprint_double_edge_swap_primary_0075,26,5945270011700013745,47a8ed6f476a628a5b945e827d6e084deb98eda6c08aaaba4a8c335835ebd5c7,254439,0.0001882200017411963,23.846132078808672,0.8448115265348473,0.013048314134232566,0.014989840393964761,0.03622479258289806,0.09092552635405736,0.21532862493564273,0.3917166786538227,0.19624350040677727,0.03835496916746253,0.0031677533711420027
v16s,1536,9299,123403,exposure_matched_local,1993113403,degree_depth_age_event_footprint_double_edge_swap_primary_0075,27,2857060366599414252,c34dfb668b56e331447517de7dc783fe7d0131c803afeb9ff80ef104a7e4957e,238589,0.00021684645996315275,22.86016538901626,0.8399590928332823,0.013889994928517242,0.01575512701759092,0.037311024397604246,0.09308476082300525,0.23190926656300165,0.38362623591196576,0.19039016886780194,0.03155635842390052,0.002477063066612459
v16s,1536,9299,123403,exposure_matched_local,1993113403,degree_depth_age_event_footprint_double_edge_swap_primary_0075,28,16909444755910575339,67ae1883f542dddf42926214fc1b852c165045b8004585d238359511c0b2a59e,273210,0.0008695778682056476,24.61987482156583,0.8550016470846601,0.012144504227517294,0.013978258482486,0.03376157534497273,0.08511401486036382,0.2128655612898503,0.3858204311701621,0.21728340836719007,0.03429230262435489,0.004739943633102741
v16s,1536,9299,123403,exposure_matched_local,1993113403,degree_depth_age_event_footprint_double_edge_swap_primary_0075,29,4477627308644455422,7e5c249d22553fddb423eacf0cc239c4bf0bd10ad1c68983c2f75e422d9e5666,251348,0.00013005778286821182,23.239802982319333,0.8429189808552287,0.013192864076897369,0.015118481149641134,0.036216719448732435,0.09255295446950046,0.2292359597052692,0.38961519486926494,0.18727819596734407,0.034040453872718306,0.002749176440632112
v16s,1536,9299,123403,exposure_matched_local,1993113403,degree_depth_age_event_footprint_double_edge_swap_primary_0075,30,4242533608283207839,5884526f3b1a622e9c2ab33f6b01eb2b454178a1af067e30eca83eb034e27eda,264046,0.0003929948902363804,23.905686887890745,0.8492724752505245,0.012581141164797043,0.014410367890443332,0.034717435598342714,0.08901858009589238,0.22210145201972384,0.3816683456670429,0.20523317906728372,0.0387811214712588,0.0014883770252153033
v16s,1536,9299,123403,exposure_matched_local,1993113403,degree_depth_age_event_footprint_double_edge_swap_primary_0075,31,8783170366934662669,7fb7bb7216b3eea6979dd6bf3b3c3fc4510347d8147e3199b53b24abc848aaf2,265000,0.00031065432271516703,23.79151320754717,0.8463698113207547,0.012558490566037736,0.01450943396226415,0.035162264150943395,0.0914,0.2266,0.38022264150943397,0.19923018867924527,0.035856603773584905,0.004460377358490566
