stage,target_nodes,growth_seed,run_offset,arm,run_seed,feature,primary_objective,sensitivity_objective,primary_count,sensitivity_count,primary_median,sensitivity_median,absolute_center_shift,combined_range,center_shift_range_ratio,maximum_allowed_ratio,objective_sensitivity_pass
v16w,1536,9299,123078,exposure_matched_local,1993113078,source_edge_fraction,retain_min,random_priority,32,16,0.37651598676957,0.5558158765159867,0.17929988974641675,0.188257993384785,0.9524158125915081,0.35,0
v16w,1536,9299,123078,exposure_matched_local,1993113078,normalized_mean_parent_lag,retain_min,random_priority,32,16,0.06570837209435869,0.06570837209435869,0.0,0.0,0.0,0.35,1
v16w,1536,9299,123078,exposure_matched_local,1993113078,mean_depth_gap,retain_min,random_priority,32,16,2.6033627342888646,2.6033627342888646,0.0,0.0,0.0,0.35,1
v16w,1536,9299,123078,exposure_matched_local,1993113078,concrete_conflict_fraction,retain_min,random_priority,32,16,0.37816979051819183,0.556367144432194,0.1781973539140022,0.18798235942668134,0.9479472140762465,0.35,0
v16w,1536,9299,123078,exposure_matched_local,1993113078,mean_candidate_rank_fraction,retain_min,random_priority,32,16,0.37213277729376115,0.3776987175570558,0.005565940263294655,0.020242893536505435,0.27495774026856407,0.35,1
v16w,1536,9299,123078,exposure_matched_local,1993113078,mean_pairwise_changed_fraction,retain_min,random_priority,32,16,0.3002231745918839,0.44436787945608236,0.14414470486419845,0.147720833185143,0.9757913068601334,0.35,0
v16w,1536,9299,123403,exposure_matched_local,1993113403,source_edge_fraction,retain_min,random_priority,32,16,0.4255735870173475,0.6017067711247901,0.1761331841074426,0.19473978735310582,0.9044540229885053,0.35,0
v16w,1536,9299,123403,exposure_matched_local,1993113403,normalized_mean_parent_lag,retain_min,random_priority,32,16,0.06061664247575079,0.06061664247575079,0.0,0.0,0.0,0.35,1
v16w,1536,9299,123403,exposure_matched_local,1993113403,mean_depth_gap,retain_min,random_priority,32,16,2.3878007834359263,2.3878007834359263,0.0,0.0,0.0,0.35,1
v16w,1536,9299,123403,exposure_matched_local,1993113403,concrete_conflict_fraction,retain_min,random_priority,32,16,0.42697257974258535,0.6026860660324567,0.17571348628987132,0.195858981533296,0.8971428571428574,0.35,0
v16w,1536,9299,123403,exposure_matched_local,1993113403,mean_candidate_rank_fraction,retain_min,random_priority,32,16,0.35509243749541464,0.3617785126819465,0.006686075186531859,0.013363604318230915,0.5003197511176362,0.35,0
v16w,1536,9299,123403,exposure_matched_local,1993113403,mean_pairwise_changed_fraction,retain_min,random_priority,32,16,0.2467552394534,0.3985357209475844,0.15178048149418438,0.1568803364803148,0.9674920700672366,0.35,0
v16w,1536,9299,127341,exposure_matched_local,1993117341,source_edge_fraction,retain_min,random_priority,32,16,0.3959693443088277,0.5830258302583027,0.187056485949475,0.1975588986659097,0.9468390804597708,0.35,0
v16w,1536,9299,127341,exposure_matched_local,1993117341,normalized_mean_parent_lag,retain_min,random_priority,32,16,0.05553673700799508,0.05553673700799508,0.0,0.0,0.0,0.35,1
v16w,1536,9299,127341,exposure_matched_local,1993117341,mean_depth_gap,retain_min,random_priority,32,16,2.154413851830826,2.154413851830826,0.0,0.0,0.0,0.35,1
v16w,1536,9299,127341,exposure_matched_local,1993117341,concrete_conflict_fraction,retain_min,random_priority,32,16,0.39909168322452454,0.5851546977008232,0.18606301447629864,0.198694294635254,0.9364285714285717,0.35,0
v16w,1536,9299,127341,exposure_matched_local,1993117341,mean_candidate_rank_fraction,retain_min,random_priority,32,16,0.37226973311153766,0.3818238181222033,0.009554085010665625,0.0215170091575142,0.4440247685319748,0.35,0
v16w,1536,9299,127341,exposure_matched_local,1993117341,mean_pairwise_changed_fraction,retain_min,random_priority,32,16,0.2643412414273026,0.419680196801968,0.1553389553746654,0.15995409581887382,0.9711470942923873,0.35,0
v16w,1536,9365,123078,exposure_matched_local,1993773078,source_edge_fraction,retain_min,random_priority,32,16,0.3779086066722736,0.5480796187272218,0.17017101205494817,0.1794224838800112,0.9484375000000003,0.35,0
v16w,1536,9365,123078,exposure_matched_local,1993773078,normalized_mean_parent_lag,retain_min,random_priority,32,16,0.05709874515232221,0.05709874515232221,0.0,0.0,0.0,0.35,1
v16w,1536,9365,123078,exposure_matched_local,1993773078,mean_depth_gap,retain_min,random_priority,32,16,1.9498177740398093,1.9498177740398093,0.0,0.0,0.0,0.35,1
v16w,1536,9365,123078,exposure_matched_local,1993773078,concrete_conflict_fraction,retain_min,random_priority,32,16,0.3801513877207738,0.5493411830670031,0.1691897953462293,0.17942248388001125,0.9429687499999997,0.35,0
v16w,1536,9365,123078,exposure_matched_local,1993773078,mean_candidate_rank_fraction,retain_min,random_priority,32,16,0.3770566171876485,0.3836212207521047,0.006564603564456206,0.015618162555357584,0.42031855803705376,0.35,0
v16w,1536,9365,123078,exposure_matched_local,1993773078,mean_pairwise_changed_fraction,retain_min,random_priority,32,16,0.3204644727203668,0.4512382020371928,0.13077372931682596,0.1364370529133545,0.9584913080750499,0.35,0
v16w,1536,9365,123403,exposure_matched_local,1993773403,source_edge_fraction,retain_min,random_priority,32,16,0.4225860155382908,0.605299667036626,0.18271365149833518,0.19311875693673697,0.9461206896551724,0.35,0
v16w,1536,9365,123403,exposure_matched_local,1993773403,normalized_mean_parent_lag,retain_min,random_priority,32,16,0.06416833943188124,0.06416833943188124,0.0,0.0,0.0,0.35,1
v16w,1536,9365,123403,exposure_matched_local,1993773403,mean_depth_gap,retain_min,random_priority,32,16,2.9839067702552717,2.9839067702552717,0.0,0.0,0.0,0.35,1
v16w,1536,9365,123403,exposure_matched_local,1993773403,concrete_conflict_fraction,retain_min,random_priority,32,16,0.4264705882352941,0.6082130965593785,0.1817425083240844,0.19339622641509435,0.9397417503586802,0.35,0
v16w,1536,9365,123403,exposure_matched_local,1993773403,mean_candidate_rank_fraction,retain_min,random_priority,32,16,0.3537556355512729,0.3559185413293392,0.0021629057780663263,0.010274667423004646,0.21050859254321463,0.35,1
v16w,1536,9365,123403,exposure_matched_local,1993773403,mean_pairwise_changed_fraction,retain_min,random_priority,32,16,0.23677544663635386,0.3937569367369589,0.15698149010060503,0.1605778525652501,0.977603620878018,0.35,0
v16w,1536,9365,127341,exposure_matched_local,1993777341,source_edge_fraction,retain_min,random_priority,32,16,0.3693894619459158,0.5476721494284917,0.17828268748257592,0.18594926122107613,0.9587706146926532,0.35,0
v16w,1536,9365,127341,exposure_matched_local,1993777341,normalized_mean_parent_lag,retain_min,random_priority,32,16,0.06263267673775672,0.06263267673775672,0.0,0.0,0.0,0.35,1
v16w,1536,9365,127341,exposure_matched_local,1993777341,mean_depth_gap,retain_min,random_priority,32,16,2.458600501812099,2.458600501812099,0.0,0.0,0.0,0.35,1
v16w,1536,9365,127341,exposure_matched_local,1993777341,concrete_conflict_fraction,retain_min,random_priority,32,16,0.3700864231948704,0.5482297184276554,0.17814329523278505,0.18594926122107613,0.9580209895052472,0.35,0
v16w,1536,9365,127341,exposure_matched_local,1993777341,mean_candidate_rank_fraction,retain_min,random_priority,32,16,0.37466615660219826,0.37800286778006037,0.003336711177862106,0.016902297261511767,0.1974116965425838,0.35,1
v16w,1536,9365,127341,exposure_matched_local,1993777341,mean_pairwise_changed_fraction,retain_min,random_priority,32,16,0.3034524312706278,0.4513428120063191,0.14789038073569127,0.15343039830211247,0.963892307992888,0.35,0
