stage,target_nodes,growth_seed,run_offset,arm,run_seed,reference_measure,seed_family,replicate,endpoint_edge_sha256,expected_endpoint_edge_sha256,digest_replay_pass,endpoint_integrity_pass,source_spectrum_computed,observed_effect_computed
v16y,1536,9299,123078,exposure_matched_local,1993113078,v16x_integer_random_cost_minimum_b_matching,seed_family_a,0,0e4e4ed0e7e11378ce5a8ddd993efbde67de91f1f0991e725983e30cbf9e65ea,0e4e4ed0e7e11378ce5a8ddd993efbde67de91f1f0991e725983e30cbf9e65ea,1,1,0,0
v16y,1536,9299,123078,exposure_matched_local,1993113078,v16x_integer_random_cost_minimum_b_matching,seed_family_a,1,fbe4e2950c5e28b6d1cba3e63f80d692fa614953083594825e90ae549a8118c2,fbe4e2950c5e28b6d1cba3e63f80d692fa614953083594825e90ae549a8118c2,1,1,0,0
v16y,1536,9299,123078,exposure_matched_local,1993113078,v16x_integer_random_cost_minimum_b_matching,seed_family_a,2,0f2cff6b72384518ab91f691a017b7b6cd14fee3facc4809756a0a3b948aba16,0f2cff6b72384518ab91f691a017b7b6cd14fee3facc4809756a0a3b948aba16,1,1,0,0
v16y,1536,9299,123078,exposure_matched_local,1993113078,v16x_integer_random_cost_minimum_b_matching,seed_family_a,3,bc68e4444655032cb7970706758bf59321383b762fcf3a5761eb09098ea7d560,bc68e4444655032cb7970706758bf59321383b762fcf3a5761eb09098ea7d560,1,1,0,0
v16y,1536,9299,123078,exposure_matched_local,1993113078,v16x_integer_random_cost_minimum_b_matching,seed_family_a,4,0cd0db0f464e739b5a5aba87625ca6012fb3f92198ea4872d0be7a2539e3e689,0cd0db0f464e739b5a5aba87625ca6012fb3f92198ea4872d0be7a2539e3e689,1,1,0,0
v16y,1536,9299,123078,exposure_matched_local,1993113078,v16x_integer_random_cost_minimum_b_matching,seed_family_a,5,600416b2b256d8c07341b1a36f2b4e74064350f6c6b1c2dd87b3672be9c7e307,600416b2b256d8c07341b1a36f2b4e74064350f6c6b1c2dd87b3672be9c7e307,1,1,0,0
v16y,1536,9299,123078,exposure_matched_local,1993113078,v16x_integer_random_cost_minimum_b_matching,seed_family_a,6,c2b9ed2c6a6541b3aab37cd6cfdba8ea684a9eba1207f2388a636520f4a6066a,c2b9ed2c6a6541b3aab37cd6cfdba8ea684a9eba1207f2388a636520f4a6066a,1,1,0,0
v16y,1536,9299,123078,exposure_matched_local,1993113078,v16x_integer_random_cost_minimum_b_matching,seed_family_a,7,69a594cab782e48e50a5522a6e12d2a853b755801655cc88ee7eddb45d94f16d,69a594cab782e48e50a5522a6e12d2a853b755801655cc88ee7eddb45d94f16d,1,1,0,0
v16y,1536,9299,123078,exposure_matched_local,1993113078,v16x_integer_random_cost_minimum_b_matching,seed_family_a,8,d31a7036916385e8b37d9222aaff7cc3d5c834bada34024fc7356c60acfad01a,d31a7036916385e8b37d9222aaff7cc3d5c834bada34024fc7356c60acfad01a,1,1,0,0
v16y,1536,9299,123078,exposure_matched_local,1993113078,v16x_integer_random_cost_minimum_b_matching,seed_family_a,9,9fd008cdf921b391a7b1630e1cc4401f1720c4155dd97bb49978158939c6ac92,9fd008cdf921b391a7b1630e1cc4401f1720c4155dd97bb49978158939c6ac92,1,1,0,0
v16y,1536,9299,123078,exposure_matched_local,1993113078,v16x_integer_random_cost_minimum_b_matching,seed_family_a,10,1a443f94f9dbd45d6370c8a37a1502feccbba29c0d64ff2e8cd7f8ea759e79dd,1a443f94f9dbd45d6370c8a37a1502feccbba29c0d64ff2e8cd7f8ea759e79dd,1,1,0,0
v16y,1536,9299,123078,exposure_matched_local,1993113078,v16x_integer_random_cost_minimum_b_matching,seed_family_a,11,7321ccfea0343ec2410cf3764bec8dac97a1bc0d1a42e0a1d1e2cb6479ce141e,7321ccfea0343ec2410cf3764bec8dac97a1bc0d1a42e0a1d1e2cb6479ce141e,1,1,0,0
v16y,1536,9299,123078,exposure_matched_local,1993113078,v16x_integer_random_cost_minimum_b_matching,seed_family_a,12,5df441cb8a3476f679ce3786cbd30a4e37fcd288668c12447bd0efe819f3b605,5df441cb8a3476f679ce3786cbd30a4e37fcd288668c12447bd0efe819f3b605,1,1,0,0
v16y,1536,9299,123078,exposure_matched_local,1993113078,v16x_integer_random_cost_minimum_b_matching,seed_family_a,13,77ec8d34576bf60a35e97aa4abd8a6c637dfb15c771531770eff2b20d79383a5,77ec8d34576bf60a35e97aa4abd8a6c637dfb15c771531770eff2b20d79383a5,1,1,0,0
v16y,1536,9299,123078,exposure_matched_local,1993113078,v16x_integer_random_cost_minimum_b_matching,seed_family_a,14,1c09aeef3c3dfcf19c7780c11e5db40c6eefb1b8fe196b5210e740ad340464d4,1c09aeef3c3dfcf19c7780c11e5db40c6eefb1b8fe196b5210e740ad340464d4,1,1,0,0
v16y,1536,9299,123078,exposure_matched_local,1993113078,v16x_integer_random_cost_minimum_b_matching,seed_family_a,15,f05fea792fba43b219816a37bfa6293bbcbc7a8f7fa4335415e0b8fae81f4c2f,f05fea792fba43b219816a37bfa6293bbcbc7a8f7fa4335415e0b8fae81f4c2f,1,1,0,0
v16y,1536,9299,123078,exposure_matched_local,1993113078,v16x_integer_random_cost_minimum_b_matching,seed_family_b,0,a174d9b7b362a05c052d477a68dc9c0ea08c711728fe6985e0b8d20b89db7c2d,a174d9b7b362a05c052d477a68dc9c0ea08c711728fe6985e0b8d20b89db7c2d,1,1,0,0
v16y,1536,9299,123078,exposure_matched_local,1993113078,v16x_integer_random_cost_minimum_b_matching,seed_family_b,1,04ee87d5033a577edae7866f74da30c7e23c093b490dce9c002b5fee0c920f3d,04ee87d5033a577edae7866f74da30c7e23c093b490dce9c002b5fee0c920f3d,1,1,0,0
v16y,1536,9299,123078,exposure_matched_local,1993113078,v16x_integer_random_cost_minimum_b_matching,seed_family_b,2,4458853fa57b882d8f3e24997de64cea8a0c10fcdc61ec5363cfb5cd48bb3076,4458853fa57b882d8f3e24997de64cea8a0c10fcdc61ec5363cfb5cd48bb3076,1,1,0,0
v16y,1536,9299,123078,exposure_matched_local,1993113078,v16x_integer_random_cost_minimum_b_matching,seed_family_b,3,ac8a58e7808f523257e64d724c43eff1a012268becdc5bd0ea56435aabdaafe7,ac8a58e7808f523257e64d724c43eff1a012268becdc5bd0ea56435aabdaafe7,1,1,0,0
v16y,1536,9299,123078,exposure_matched_local,1993113078,v16x_integer_random_cost_minimum_b_matching,seed_family_b,4,08e2b1968c1d049fbad632bebe7db259e8ac17cff8203d91991db2e34edc36f0,08e2b1968c1d049fbad632bebe7db259e8ac17cff8203d91991db2e34edc36f0,1,1,0,0
v16y,1536,9299,123078,exposure_matched_local,1993113078,v16x_integer_random_cost_minimum_b_matching,seed_family_b,5,e449724307a79f6ceadd3ad43851690ebabe31ea81c31950946d64db82918569,e449724307a79f6ceadd3ad43851690ebabe31ea81c31950946d64db82918569,1,1,0,0
v16y,1536,9299,123078,exposure_matched_local,1993113078,v16x_integer_random_cost_minimum_b_matching,seed_family_b,6,535cb1b1d59745dc8be694f392118c1ac3ac18a78e41bae3bd26f9cd7fa4f8b3,535cb1b1d59745dc8be694f392118c1ac3ac18a78e41bae3bd26f9cd7fa4f8b3,1,1,0,0
v16y,1536,9299,123078,exposure_matched_local,1993113078,v16x_integer_random_cost_minimum_b_matching,seed_family_b,7,2739bc01965444d5b2e3597409379734c7666333cfab7d2b035bc9b242aab079,2739bc01965444d5b2e3597409379734c7666333cfab7d2b035bc9b242aab079,1,1,0,0
v16y,1536,9299,123078,exposure_matched_local,1993113078,v16x_integer_random_cost_minimum_b_matching,seed_family_b,8,d166b7fd4e8e99f1b969ad70d497a2c67414287d0df12ccce7d70ee3fd2d3357,d166b7fd4e8e99f1b969ad70d497a2c67414287d0df12ccce7d70ee3fd2d3357,1,1,0,0
v16y,1536,9299,123078,exposure_matched_local,1993113078,v16x_integer_random_cost_minimum_b_matching,seed_family_b,9,ce06d169a40c2d76bfdfa620ec7aeb846590ae2af747516c34d59a0e173bb7b2,ce06d169a40c2d76bfdfa620ec7aeb846590ae2af747516c34d59a0e173bb7b2,1,1,0,0
v16y,1536,9299,123078,exposure_matched_local,1993113078,v16x_integer_random_cost_minimum_b_matching,seed_family_b,10,62a34329feecc88afff02f4e9c3c8446383a406aaa088cc859435c9960e9b876,62a34329feecc88afff02f4e9c3c8446383a406aaa088cc859435c9960e9b876,1,1,0,0
v16y,1536,9299,123078,exposure_matched_local,1993113078,v16x_integer_random_cost_minimum_b_matching,seed_family_b,11,e11dd701bf73b7752f4ef44c6e934da30852029833e80f39f69f8574eeb19bea,e11dd701bf73b7752f4ef44c6e934da30852029833e80f39f69f8574eeb19bea,1,1,0,0
v16y,1536,9299,123078,exposure_matched_local,1993113078,v16x_integer_random_cost_minimum_b_matching,seed_family_b,12,fa678a268adeed866ca2f7504f02262709a89060c5f01e6a273e598c9c841883,fa678a268adeed866ca2f7504f02262709a89060c5f01e6a273e598c9c841883,1,1,0,0
v16y,1536,9299,123078,exposure_matched_local,1993113078,v16x_integer_random_cost_minimum_b_matching,seed_family_b,13,de6ea5de379e0052725590fba0c9d0eee593220faf759b65a27445e987c385d6,de6ea5de379e0052725590fba0c9d0eee593220faf759b65a27445e987c385d6,1,1,0,0
v16y,1536,9299,123078,exposure_matched_local,1993113078,v16x_integer_random_cost_minimum_b_matching,seed_family_b,14,7308a24e70ebbbf6a6982ad9a5a61995ec46809bec8c162fcc828c38d0dadb1a,7308a24e70ebbbf6a6982ad9a5a61995ec46809bec8c162fcc828c38d0dadb1a,1,1,0,0
v16y,1536,9299,123078,exposure_matched_local,1993113078,v16x_integer_random_cost_minimum_b_matching,seed_family_b,15,093fe385605c189e71a0557ce723e267df463e37c4797e1d9dfe3bb871fb7af0,093fe385605c189e71a0557ce723e267df463e37c4797e1d9dfe3bb871fb7af0,1,1,0,0
v16y,1536,9299,123403,exposure_matched_local,1993113403,v16x_integer_random_cost_minimum_b_matching,seed_family_a,0,f9430db811d539f52a31fb9c0393b23a0d0735507812789a95273a1d89b57960,f9430db811d539f52a31fb9c0393b23a0d0735507812789a95273a1d89b57960,1,1,0,0
v16y,1536,9299,123403,exposure_matched_local,1993113403,v16x_integer_random_cost_minimum_b_matching,seed_family_a,1,8cd664c473358d5465f3127d0783931b01509e9367f7ebc926d6ae88b1226975,8cd664c473358d5465f3127d0783931b01509e9367f7ebc926d6ae88b1226975,1,1,0,0
v16y,1536,9299,123403,exposure_matched_local,1993113403,v16x_integer_random_cost_minimum_b_matching,seed_family_a,2,e63f055eb35b3e79fdc7c469fda2f26b447c1d6d82351cdfc4ba97973e25f2d4,e63f055eb35b3e79fdc7c469fda2f26b447c1d6d82351cdfc4ba97973e25f2d4,1,1,0,0
v16y,1536,9299,123403,exposure_matched_local,1993113403,v16x_integer_random_cost_minimum_b_matching,seed_family_a,3,0f46449b7225f3ee383a5a34685d39e15c8f554f5be2cc5989a30dcd0f8c70d0,0f46449b7225f3ee383a5a34685d39e15c8f554f5be2cc5989a30dcd0f8c70d0,1,1,0,0
v16y,1536,9299,123403,exposure_matched_local,1993113403,v16x_integer_random_cost_minimum_b_matching,seed_family_a,4,121fbc22401359321bd054d92e64a5a5bd33d59dee12377d7b1b57b8561dbc79,121fbc22401359321bd054d92e64a5a5bd33d59dee12377d7b1b57b8561dbc79,1,1,0,0
v16y,1536,9299,123403,exposure_matched_local,1993113403,v16x_integer_random_cost_minimum_b_matching,seed_family_a,5,8edf76e542e06a5034018c0561bb25642d4ddac39055530f693dc2d8edb22190,8edf76e542e06a5034018c0561bb25642d4ddac39055530f693dc2d8edb22190,1,1,0,0
v16y,1536,9299,123403,exposure_matched_local,1993113403,v16x_integer_random_cost_minimum_b_matching,seed_family_a,6,5e254a81145d6ca708207da65e0155315eb65cd70431a9e8e3b01c8a39b134fa,5e254a81145d6ca708207da65e0155315eb65cd70431a9e8e3b01c8a39b134fa,1,1,0,0
v16y,1536,9299,123403,exposure_matched_local,1993113403,v16x_integer_random_cost_minimum_b_matching,seed_family_a,7,98d8abf825408cc667f628a5a6230b1a239cc6236bf50abd7545737d84b75208,98d8abf825408cc667f628a5a6230b1a239cc6236bf50abd7545737d84b75208,1,1,0,0
v16y,1536,9299,123403,exposure_matched_local,1993113403,v16x_integer_random_cost_minimum_b_matching,seed_family_a,8,12c256603290fe80aaae3563e46cb308fb3d6af47737e5a6da267a8a5de9a537,12c256603290fe80aaae3563e46cb308fb3d6af47737e5a6da267a8a5de9a537,1,1,0,0
v16y,1536,9299,123403,exposure_matched_local,1993113403,v16x_integer_random_cost_minimum_b_matching,seed_family_a,9,8a79aead4721c32534f21c8b124599afad58a5fd86c12e3bdb03bdc5a87cedf1,8a79aead4721c32534f21c8b124599afad58a5fd86c12e3bdb03bdc5a87cedf1,1,1,0,0
v16y,1536,9299,123403,exposure_matched_local,1993113403,v16x_integer_random_cost_minimum_b_matching,seed_family_a,10,db59efc51103a5001d2d2cd705526d73346c9ec5c7bf0d03075ef9abaea52683,db59efc51103a5001d2d2cd705526d73346c9ec5c7bf0d03075ef9abaea52683,1,1,0,0
v16y,1536,9299,123403,exposure_matched_local,1993113403,v16x_integer_random_cost_minimum_b_matching,seed_family_a,11,96957e8a9da17aeb561557049cc83544468e2aa7a6b05acc6367c34c39371d36,96957e8a9da17aeb561557049cc83544468e2aa7a6b05acc6367c34c39371d36,1,1,0,0
v16y,1536,9299,123403,exposure_matched_local,1993113403,v16x_integer_random_cost_minimum_b_matching,seed_family_a,12,2e48a0e06685da53df49c3198a64b3686632adeed563bc7bb2757733264bf2f8,2e48a0e06685da53df49c3198a64b3686632adeed563bc7bb2757733264bf2f8,1,1,0,0
v16y,1536,9299,123403,exposure_matched_local,1993113403,v16x_integer_random_cost_minimum_b_matching,seed_family_a,13,13bf8655a2264a3aa5dd0534977b39584e029747e44780259a3feba445c38607,13bf8655a2264a3aa5dd0534977b39584e029747e44780259a3feba445c38607,1,1,0,0
v16y,1536,9299,123403,exposure_matched_local,1993113403,v16x_integer_random_cost_minimum_b_matching,seed_family_a,14,47afbe889836af335f0816b2f071d083e2b12da90ad96c606ca302b530d1e199,47afbe889836af335f0816b2f071d083e2b12da90ad96c606ca302b530d1e199,1,1,0,0
v16y,1536,9299,123403,exposure_matched_local,1993113403,v16x_integer_random_cost_minimum_b_matching,seed_family_a,15,c324c6314e18e0e121c352741111ae7547574328a2f9b74975464604d026333a,c324c6314e18e0e121c352741111ae7547574328a2f9b74975464604d026333a,1,1,0,0
v16y,1536,9299,123403,exposure_matched_local,1993113403,v16x_integer_random_cost_minimum_b_matching,seed_family_b,0,7e5b8ed4198c4a1eabd3b84adec41b47c07bbe8c41c718d854666f2df93e8d8e,7e5b8ed4198c4a1eabd3b84adec41b47c07bbe8c41c718d854666f2df93e8d8e,1,1,0,0
v16y,1536,9299,123403,exposure_matched_local,1993113403,v16x_integer_random_cost_minimum_b_matching,seed_family_b,1,88c45e7af763ae6893b82d6f42cba8ba05562b6a82bed0150372c7cd3842a331,88c45e7af763ae6893b82d6f42cba8ba05562b6a82bed0150372c7cd3842a331,1,1,0,0
v16y,1536,9299,123403,exposure_matched_local,1993113403,v16x_integer_random_cost_minimum_b_matching,seed_family_b,2,4e23033b8ba589dabd6164250a4fd48c484461ee25c3a40190095bc1e103b1ec,4e23033b8ba589dabd6164250a4fd48c484461ee25c3a40190095bc1e103b1ec,1,1,0,0
v16y,1536,9299,123403,exposure_matched_local,1993113403,v16x_integer_random_cost_minimum_b_matching,seed_family_b,3,41dfc62f61662dc76843a793e5e7e274afe09d7de6d1a6c25c3d10309484a92e,41dfc62f61662dc76843a793e5e7e274afe09d7de6d1a6c25c3d10309484a92e,1,1,0,0
v16y,1536,9299,123403,exposure_matched_local,1993113403,v16x_integer_random_cost_minimum_b_matching,seed_family_b,4,ddb316f55e7d1204a5b0129c24fccb238e53a015775ad45219b039d4b0b6d729,ddb316f55e7d1204a5b0129c24fccb238e53a015775ad45219b039d4b0b6d729,1,1,0,0
v16y,1536,9299,123403,exposure_matched_local,1993113403,v16x_integer_random_cost_minimum_b_matching,seed_family_b,5,951d5801583555faef4a5bdd308e050f948ddde447dd94d4f562b4c78d3dae66,951d5801583555faef4a5bdd308e050f948ddde447dd94d4f562b4c78d3dae66,1,1,0,0
v16y,1536,9299,123403,exposure_matched_local,1993113403,v16x_integer_random_cost_minimum_b_matching,seed_family_b,6,208a9d040ca972d69c6384e532e36ff01956258c9e15263327140da1fffbe4e2,208a9d040ca972d69c6384e532e36ff01956258c9e15263327140da1fffbe4e2,1,1,0,0
v16y,1536,9299,123403,exposure_matched_local,1993113403,v16x_integer_random_cost_minimum_b_matching,seed_family_b,7,3e74b03e9af2617d99c61c49153d046aaa40f02dba3c95f8178edce23f906245,3e74b03e9af2617d99c61c49153d046aaa40f02dba3c95f8178edce23f906245,1,1,0,0
v16y,1536,9299,123403,exposure_matched_local,1993113403,v16x_integer_random_cost_minimum_b_matching,seed_family_b,8,160b60cda70888cf4d425aff39e4ca80e89029024a0ccf0254550db38b7c697f,160b60cda70888cf4d425aff39e4ca80e89029024a0ccf0254550db38b7c697f,1,1,0,0
v16y,1536,9299,123403,exposure_matched_local,1993113403,v16x_integer_random_cost_minimum_b_matching,seed_family_b,9,f94023fc72c7516fb97dd038bc6c7c75af23ae32360fa11fad943a85ea633876,f94023fc72c7516fb97dd038bc6c7c75af23ae32360fa11fad943a85ea633876,1,1,0,0
v16y,1536,9299,123403,exposure_matched_local,1993113403,v16x_integer_random_cost_minimum_b_matching,seed_family_b,10,007d673f595157324b0a157a8e9ca302a325311a92fd6708fc01c1a0380479be,007d673f595157324b0a157a8e9ca302a325311a92fd6708fc01c1a0380479be,1,1,0,0
v16y,1536,9299,123403,exposure_matched_local,1993113403,v16x_integer_random_cost_minimum_b_matching,seed_family_b,11,d41cb4878c6a129cf8d3e67c05bacdc007c2e9f2da2e695a768132028c0c8e78,d41cb4878c6a129cf8d3e67c05bacdc007c2e9f2da2e695a768132028c0c8e78,1,1,0,0
v16y,1536,9299,123403,exposure_matched_local,1993113403,v16x_integer_random_cost_minimum_b_matching,seed_family_b,12,7df0a9a96a1724669a55a09cddfd61ffa3a35523b0171f08221e504e889b5395,7df0a9a96a1724669a55a09cddfd61ffa3a35523b0171f08221e504e889b5395,1,1,0,0
v16y,1536,9299,123403,exposure_matched_local,1993113403,v16x_integer_random_cost_minimum_b_matching,seed_family_b,13,7d8840322a327f23e8d0ad36f01fc0de075ca3a3db5bfd469617cd3c4f61ee03,7d8840322a327f23e8d0ad36f01fc0de075ca3a3db5bfd469617cd3c4f61ee03,1,1,0,0
v16y,1536,9299,123403,exposure_matched_local,1993113403,v16x_integer_random_cost_minimum_b_matching,seed_family_b,14,5a4d021b35e5c6c25ee608283b0044bb9b8fbe98dcd1f1e4dc384f641b054c9c,5a4d021b35e5c6c25ee608283b0044bb9b8fbe98dcd1f1e4dc384f641b054c9c,1,1,0,0
v16y,1536,9299,123403,exposure_matched_local,1993113403,v16x_integer_random_cost_minimum_b_matching,seed_family_b,15,3afbcf37944818c4be5319371d7c360671529422b1bba62613a440e94a5f8d95,3afbcf37944818c4be5319371d7c360671529422b1bba62613a440e94a5f8d95,1,1,0,0
v16y,1536,9299,127341,exposure_matched_local,1993117341,v16x_integer_random_cost_minimum_b_matching,seed_family_a,0,0a19ef1b31d44a6a6324df35f0486f65716ff44252bcde04c0339e145f9916b5,0a19ef1b31d44a6a6324df35f0486f65716ff44252bcde04c0339e145f9916b5,1,1,0,0
v16y,1536,9299,127341,exposure_matched_local,1993117341,v16x_integer_random_cost_minimum_b_matching,seed_family_a,1,e5b3b85f3b882eb7b36aca05d96e90c7a5825390a4305d3a3a78aad1c882c745,e5b3b85f3b882eb7b36aca05d96e90c7a5825390a4305d3a3a78aad1c882c745,1,1,0,0
v16y,1536,9299,127341,exposure_matched_local,1993117341,v16x_integer_random_cost_minimum_b_matching,seed_family_a,2,813f08692fc07720148898354737fb83b55aa95dc86f19f47c2d35b9be6af82e,813f08692fc07720148898354737fb83b55aa95dc86f19f47c2d35b9be6af82e,1,1,0,0
v16y,1536,9299,127341,exposure_matched_local,1993117341,v16x_integer_random_cost_minimum_b_matching,seed_family_a,3,70401db4ad1b2eb46f769a845f79466df186c0367a99d2a1594564f71dfcd4f3,70401db4ad1b2eb46f769a845f79466df186c0367a99d2a1594564f71dfcd4f3,1,1,0,0
v16y,1536,9299,127341,exposure_matched_local,1993117341,v16x_integer_random_cost_minimum_b_matching,seed_family_a,4,91bb3879caec212c910ed53c0ee328c4142de128412bc4edd45af2210028bdde,91bb3879caec212c910ed53c0ee328c4142de128412bc4edd45af2210028bdde,1,1,0,0
v16y,1536,9299,127341,exposure_matched_local,1993117341,v16x_integer_random_cost_minimum_b_matching,seed_family_a,5,3b6bf1deb044c21efa0306f08a3c14ea40bd8f22fc918bbb66efd5b474bda419,3b6bf1deb044c21efa0306f08a3c14ea40bd8f22fc918bbb66efd5b474bda419,1,1,0,0
v16y,1536,9299,127341,exposure_matched_local,1993117341,v16x_integer_random_cost_minimum_b_matching,seed_family_a,6,0543236b3ae3426cc9821bcace23cc66086bd52f1e3d94721b4466aa94013d5f,0543236b3ae3426cc9821bcace23cc66086bd52f1e3d94721b4466aa94013d5f,1,1,0,0
v16y,1536,9299,127341,exposure_matched_local,1993117341,v16x_integer_random_cost_minimum_b_matching,seed_family_a,7,f35b2cdb939d5f4a45de985dc91f7d70e42bc8ff9af1ba938ce95b3c14a2b063,f35b2cdb939d5f4a45de985dc91f7d70e42bc8ff9af1ba938ce95b3c14a2b063,1,1,0,0
v16y,1536,9299,127341,exposure_matched_local,1993117341,v16x_integer_random_cost_minimum_b_matching,seed_family_a,8,4c1132ce37a26e2fb5d50300613be537af367cabec015546a3853f40102c3bdb,4c1132ce37a26e2fb5d50300613be537af367cabec015546a3853f40102c3bdb,1,1,0,0
v16y,1536,9299,127341,exposure_matched_local,1993117341,v16x_integer_random_cost_minimum_b_matching,seed_family_a,9,87334625e496d1ff69cd0fd67d13ccba39afee6d8c6bbe04039f73c888ba005b,87334625e496d1ff69cd0fd67d13ccba39afee6d8c6bbe04039f73c888ba005b,1,1,0,0
v16y,1536,9299,127341,exposure_matched_local,1993117341,v16x_integer_random_cost_minimum_b_matching,seed_family_a,10,555e81923a3bbf42c0dd17cc955e0000d863814942e7471c5003fe01d0cac2c8,555e81923a3bbf42c0dd17cc955e0000d863814942e7471c5003fe01d0cac2c8,1,1,0,0
v16y,1536,9299,127341,exposure_matched_local,1993117341,v16x_integer_random_cost_minimum_b_matching,seed_family_a,11,d8b0281f3734d1784f7a79922c868c3951034d06d0d10b06677774869520ff96,d8b0281f3734d1784f7a79922c868c3951034d06d0d10b06677774869520ff96,1,1,0,0
v16y,1536,9299,127341,exposure_matched_local,1993117341,v16x_integer_random_cost_minimum_b_matching,seed_family_a,12,83cab0ef4574fe8dbff86720a2ce9de83e13f923329b81262328a5a29346978b,83cab0ef4574fe8dbff86720a2ce9de83e13f923329b81262328a5a29346978b,1,1,0,0
v16y,1536,9299,127341,exposure_matched_local,1993117341,v16x_integer_random_cost_minimum_b_matching,seed_family_a,13,9990179919b0989086a9d78332c62389cb635f261fed37614aca61026346fa3c,9990179919b0989086a9d78332c62389cb635f261fed37614aca61026346fa3c,1,1,0,0
v16y,1536,9299,127341,exposure_matched_local,1993117341,v16x_integer_random_cost_minimum_b_matching,seed_family_a,14,93af8def34c44a113e6cf0d386cf95380af9a940e2e5b17b7ce4898a51e7d79d,93af8def34c44a113e6cf0d386cf95380af9a940e2e5b17b7ce4898a51e7d79d,1,1,0,0
v16y,1536,9299,127341,exposure_matched_local,1993117341,v16x_integer_random_cost_minimum_b_matching,seed_family_a,15,7c288553588d3a721ed96bd4db4ba8ba5bf30bdcb345a45d5390864c83650715,7c288553588d3a721ed96bd4db4ba8ba5bf30bdcb345a45d5390864c83650715,1,1,0,0
v16y,1536,9299,127341,exposure_matched_local,1993117341,v16x_integer_random_cost_minimum_b_matching,seed_family_b,0,a2a0d9e62fd25ef8552a10ea1b58528f67bcecdadf1fa4b454bf5f002a4e6aa1,a2a0d9e62fd25ef8552a10ea1b58528f67bcecdadf1fa4b454bf5f002a4e6aa1,1,1,0,0
v16y,1536,9299,127341,exposure_matched_local,1993117341,v16x_integer_random_cost_minimum_b_matching,seed_family_b,1,02f0878dc3e556abb07b370996ceaff64ae6643f93e62ea4e36ff9a11388f2e5,02f0878dc3e556abb07b370996ceaff64ae6643f93e62ea4e36ff9a11388f2e5,1,1,0,0
v16y,1536,9299,127341,exposure_matched_local,1993117341,v16x_integer_random_cost_minimum_b_matching,seed_family_b,2,6a8fee186083d3f3c164cc4fdaeb483e746a539d8ab7792b1196ecf01a6feb96,6a8fee186083d3f3c164cc4fdaeb483e746a539d8ab7792b1196ecf01a6feb96,1,1,0,0
v16y,1536,9299,127341,exposure_matched_local,1993117341,v16x_integer_random_cost_minimum_b_matching,seed_family_b,3,15cf0b4ee62fd23cbe7bbe3ab70fd596b61c1145523f3e797045a0faa4523b05,15cf0b4ee62fd23cbe7bbe3ab70fd596b61c1145523f3e797045a0faa4523b05,1,1,0,0
v16y,1536,9299,127341,exposure_matched_local,1993117341,v16x_integer_random_cost_minimum_b_matching,seed_family_b,4,b5221ad0a7000432f47bf9f578eea415d5ec421dc6f465370cb44ce895de73fb,b5221ad0a7000432f47bf9f578eea415d5ec421dc6f465370cb44ce895de73fb,1,1,0,0
v16y,1536,9299,127341,exposure_matched_local,1993117341,v16x_integer_random_cost_minimum_b_matching,seed_family_b,5,557d552917dad5add74667218f4d65dd0ca68cbcd376c45cc7a51e08d303cb49,557d552917dad5add74667218f4d65dd0ca68cbcd376c45cc7a51e08d303cb49,1,1,0,0
v16y,1536,9299,127341,exposure_matched_local,1993117341,v16x_integer_random_cost_minimum_b_matching,seed_family_b,6,44502505b8c51288c7ffd7153ef7de2ca1cb0b34a115e86fcd0ef8ce895fff80,44502505b8c51288c7ffd7153ef7de2ca1cb0b34a115e86fcd0ef8ce895fff80,1,1,0,0
v16y,1536,9299,127341,exposure_matched_local,1993117341,v16x_integer_random_cost_minimum_b_matching,seed_family_b,7,aa5fd6206bb5a70de59e3ab6611424e76680825901a7a0af2fae0e26b78c2d20,aa5fd6206bb5a70de59e3ab6611424e76680825901a7a0af2fae0e26b78c2d20,1,1,0,0
v16y,1536,9299,127341,exposure_matched_local,1993117341,v16x_integer_random_cost_minimum_b_matching,seed_family_b,8,c6b400483c19211bf799f962a59806c808945d8525132e7c6e63df7a4cd37b69,c6b400483c19211bf799f962a59806c808945d8525132e7c6e63df7a4cd37b69,1,1,0,0
v16y,1536,9299,127341,exposure_matched_local,1993117341,v16x_integer_random_cost_minimum_b_matching,seed_family_b,9,70e93e9a07ff427db690d19184aacddb35d994e094da18899eae5976b47f448f,70e93e9a07ff427db690d19184aacddb35d994e094da18899eae5976b47f448f,1,1,0,0
v16y,1536,9299,127341,exposure_matched_local,1993117341,v16x_integer_random_cost_minimum_b_matching,seed_family_b,10,6494feea30e949a603ca837f99d015e785f1851dab85db27d456eb890dae1c8c,6494feea30e949a603ca837f99d015e785f1851dab85db27d456eb890dae1c8c,1,1,0,0
v16y,1536,9299,127341,exposure_matched_local,1993117341,v16x_integer_random_cost_minimum_b_matching,seed_family_b,11,7bdc5a1f0eda2069eae37d98434c7fda9c2fd8ffda65c475fe790e9fc2b5a3df,7bdc5a1f0eda2069eae37d98434c7fda9c2fd8ffda65c475fe790e9fc2b5a3df,1,1,0,0
v16y,1536,9299,127341,exposure_matched_local,1993117341,v16x_integer_random_cost_minimum_b_matching,seed_family_b,12,63aba88b15073f782bda7717d39f102207f8b29083ed248fbb6559487e0af2fd,63aba88b15073f782bda7717d39f102207f8b29083ed248fbb6559487e0af2fd,1,1,0,0
v16y,1536,9299,127341,exposure_matched_local,1993117341,v16x_integer_random_cost_minimum_b_matching,seed_family_b,13,4b7dfe466228312b28330c199e4240a35db90bf510935cb1e602a353e8a38545,4b7dfe466228312b28330c199e4240a35db90bf510935cb1e602a353e8a38545,1,1,0,0
v16y,1536,9299,127341,exposure_matched_local,1993117341,v16x_integer_random_cost_minimum_b_matching,seed_family_b,14,59cd3fffc0006b102a31d607047a84a4417e15a688d160a8583256d1c87fc0e7,59cd3fffc0006b102a31d607047a84a4417e15a688d160a8583256d1c87fc0e7,1,1,0,0
v16y,1536,9299,127341,exposure_matched_local,1993117341,v16x_integer_random_cost_minimum_b_matching,seed_family_b,15,c8f39024da69b33ae78925c09e9bc5fea069271b17c4e4a3ab8f422a7c8186a7,c8f39024da69b33ae78925c09e9bc5fea069271b17c4e4a3ab8f422a7c8186a7,1,1,0,0
v16y,1536,9365,123078,exposure_matched_local,1993773078,v16x_integer_random_cost_minimum_b_matching,seed_family_a,0,96816860150608a14bd8d6a9e73a5c82436a4b18f67cc5255810a3cbbd64b555,96816860150608a14bd8d6a9e73a5c82436a4b18f67cc5255810a3cbbd64b555,1,1,0,0
v16y,1536,9365,123078,exposure_matched_local,1993773078,v16x_integer_random_cost_minimum_b_matching,seed_family_a,1,2ae1cb9627ca1259cb1ed7c2dd507b26f28233d50d6d31f1bf1c4307fc294d03,2ae1cb9627ca1259cb1ed7c2dd507b26f28233d50d6d31f1bf1c4307fc294d03,1,1,0,0
v16y,1536,9365,123078,exposure_matched_local,1993773078,v16x_integer_random_cost_minimum_b_matching,seed_family_a,2,38a49c74e4115b188255067000c663f518252058eaa562bc7e57652dd7a638af,38a49c74e4115b188255067000c663f518252058eaa562bc7e57652dd7a638af,1,1,0,0
v16y,1536,9365,123078,exposure_matched_local,1993773078,v16x_integer_random_cost_minimum_b_matching,seed_family_a,3,ba48d273cdbfe60b25992df855705ae36d6f745af0503ce3391ab38ac920c051,ba48d273cdbfe60b25992df855705ae36d6f745af0503ce3391ab38ac920c051,1,1,0,0
v16y,1536,9365,123078,exposure_matched_local,1993773078,v16x_integer_random_cost_minimum_b_matching,seed_family_a,4,a6e59e5fd4fada3f6b6658059d2765b9438d8d836fff8b0b81b4c65e7ed7bc9b,a6e59e5fd4fada3f6b6658059d2765b9438d8d836fff8b0b81b4c65e7ed7bc9b,1,1,0,0
v16y,1536,9365,123078,exposure_matched_local,1993773078,v16x_integer_random_cost_minimum_b_matching,seed_family_a,5,033cd92a52d88c078148be936adeda72476a6aa661cc8679dd35f737f4d0919a,033cd92a52d88c078148be936adeda72476a6aa661cc8679dd35f737f4d0919a,1,1,0,0
v16y,1536,9365,123078,exposure_matched_local,1993773078,v16x_integer_random_cost_minimum_b_matching,seed_family_a,6,66d8a0ea1e77881a97603e438e040c7a15ee502e57c6868d0697b7de34b1a223,66d8a0ea1e77881a97603e438e040c7a15ee502e57c6868d0697b7de34b1a223,1,1,0,0
v16y,1536,9365,123078,exposure_matched_local,1993773078,v16x_integer_random_cost_minimum_b_matching,seed_family_a,7,db369926bc70c8d97f76ff6d5a8ec59c79cb19b66a3754d25eeaee8adb4d08cc,db369926bc70c8d97f76ff6d5a8ec59c79cb19b66a3754d25eeaee8adb4d08cc,1,1,0,0
v16y,1536,9365,123078,exposure_matched_local,1993773078,v16x_integer_random_cost_minimum_b_matching,seed_family_a,8,be5af9eb6d585046a2c7d32370c5bdb574704de26ff38fe3ca9f64f24ac2795c,be5af9eb6d585046a2c7d32370c5bdb574704de26ff38fe3ca9f64f24ac2795c,1,1,0,0
v16y,1536,9365,123078,exposure_matched_local,1993773078,v16x_integer_random_cost_minimum_b_matching,seed_family_a,9,8367d180b3ba728d7341968002362d8f90beb53b5724a4246c9aa1061fae95dc,8367d180b3ba728d7341968002362d8f90beb53b5724a4246c9aa1061fae95dc,1,1,0,0
v16y,1536,9365,123078,exposure_matched_local,1993773078,v16x_integer_random_cost_minimum_b_matching,seed_family_a,10,c43101649b59261f09173e585c63c02efd6f13582051af99ba222dfbd70629fc,c43101649b59261f09173e585c63c02efd6f13582051af99ba222dfbd70629fc,1,1,0,0
v16y,1536,9365,123078,exposure_matched_local,1993773078,v16x_integer_random_cost_minimum_b_matching,seed_family_a,11,7ff4695813eb70b771b2fad1e4a1294289a34c38ba2276d0a2a9e8924cb3460d,7ff4695813eb70b771b2fad1e4a1294289a34c38ba2276d0a2a9e8924cb3460d,1,1,0,0
v16y,1536,9365,123078,exposure_matched_local,1993773078,v16x_integer_random_cost_minimum_b_matching,seed_family_a,12,585bb464b51f31d25b683823d2b53c81ed91b87aac0f2dc57470e9cec53b60dc,585bb464b51f31d25b683823d2b53c81ed91b87aac0f2dc57470e9cec53b60dc,1,1,0,0
v16y,1536,9365,123078,exposure_matched_local,1993773078,v16x_integer_random_cost_minimum_b_matching,seed_family_a,13,7a7b9e20c9c47f307e8eebe2b6dd466084d624495eeff1c950af67cacfa48a78,7a7b9e20c9c47f307e8eebe2b6dd466084d624495eeff1c950af67cacfa48a78,1,1,0,0
v16y,1536,9365,123078,exposure_matched_local,1993773078,v16x_integer_random_cost_minimum_b_matching,seed_family_a,14,82d46fc4d8cb6e46271ceda0cb1a02ebd0bcad679c3e39a4850bc45d81c78aa1,82d46fc4d8cb6e46271ceda0cb1a02ebd0bcad679c3e39a4850bc45d81c78aa1,1,1,0,0
v16y,1536,9365,123078,exposure_matched_local,1993773078,v16x_integer_random_cost_minimum_b_matching,seed_family_a,15,527de53e31d90e70946ddf09534ef4e0150b266e1d7f8522826ca71f3af7488a,527de53e31d90e70946ddf09534ef4e0150b266e1d7f8522826ca71f3af7488a,1,1,0,0
v16y,1536,9365,123078,exposure_matched_local,1993773078,v16x_integer_random_cost_minimum_b_matching,seed_family_b,0,0b6a6d5c1c6b019368600c76196556a487064fe8a6380bdc2b64ec7d3bcd2cb2,0b6a6d5c1c6b019368600c76196556a487064fe8a6380bdc2b64ec7d3bcd2cb2,1,1,0,0
v16y,1536,9365,123078,exposure_matched_local,1993773078,v16x_integer_random_cost_minimum_b_matching,seed_family_b,1,d5b031cab9c2d395bee208d4510d79acdee22fdb202bad64d0d3f91c8551c59f,d5b031cab9c2d395bee208d4510d79acdee22fdb202bad64d0d3f91c8551c59f,1,1,0,0
v16y,1536,9365,123078,exposure_matched_local,1993773078,v16x_integer_random_cost_minimum_b_matching,seed_family_b,2,10cdc33abb84f5cd92ac332c4a5839145385874f1b84d60cd174086b5fd0db25,10cdc33abb84f5cd92ac332c4a5839145385874f1b84d60cd174086b5fd0db25,1,1,0,0
v16y,1536,9365,123078,exposure_matched_local,1993773078,v16x_integer_random_cost_minimum_b_matching,seed_family_b,3,51f07113ab3280e4c7ed0ba07c8f8d93c0bfbec6b3dafea57d102cb638089f15,51f07113ab3280e4c7ed0ba07c8f8d93c0bfbec6b3dafea57d102cb638089f15,1,1,0,0
v16y,1536,9365,123078,exposure_matched_local,1993773078,v16x_integer_random_cost_minimum_b_matching,seed_family_b,4,1a065de9851576f2d655c07dfb3a6d308e4373186d7063df90eb7b7d010a86be,1a065de9851576f2d655c07dfb3a6d308e4373186d7063df90eb7b7d010a86be,1,1,0,0
v16y,1536,9365,123078,exposure_matched_local,1993773078,v16x_integer_random_cost_minimum_b_matching,seed_family_b,5,9da95653d74beb7231c9e3b06ed8850b37b6d3c2815cad7e787f9b6496b33b6e,9da95653d74beb7231c9e3b06ed8850b37b6d3c2815cad7e787f9b6496b33b6e,1,1,0,0
v16y,1536,9365,123078,exposure_matched_local,1993773078,v16x_integer_random_cost_minimum_b_matching,seed_family_b,6,7ca4e5c86d106eeb3335a761de8a6f254042c5ec050dd1aae1c7d40191dc5999,7ca4e5c86d106eeb3335a761de8a6f254042c5ec050dd1aae1c7d40191dc5999,1,1,0,0
v16y,1536,9365,123078,exposure_matched_local,1993773078,v16x_integer_random_cost_minimum_b_matching,seed_family_b,7,a26b0f5def4a3b0bfcf1ef4a617f0a91fe2b1ae3182b18cd568b72aedf7484ad,a26b0f5def4a3b0bfcf1ef4a617f0a91fe2b1ae3182b18cd568b72aedf7484ad,1,1,0,0
v16y,1536,9365,123078,exposure_matched_local,1993773078,v16x_integer_random_cost_minimum_b_matching,seed_family_b,8,1e7768dc480011982ba145b186c9f1137886bc792d6a9fc9a88f2b9b44a0af3c,1e7768dc480011982ba145b186c9f1137886bc792d6a9fc9a88f2b9b44a0af3c,1,1,0,0
v16y,1536,9365,123078,exposure_matched_local,1993773078,v16x_integer_random_cost_minimum_b_matching,seed_family_b,9,bfe395ea1779a92d297cd482ff8a7fa1fa70906be21a3c4ab4ed03b738acefbf,bfe395ea1779a92d297cd482ff8a7fa1fa70906be21a3c4ab4ed03b738acefbf,1,1,0,0
v16y,1536,9365,123078,exposure_matched_local,1993773078,v16x_integer_random_cost_minimum_b_matching,seed_family_b,10,662f70bdde9ab0b681844b157d48a3848a980f7c0620b27aea5709c7ca07461c,662f70bdde9ab0b681844b157d48a3848a980f7c0620b27aea5709c7ca07461c,1,1,0,0
v16y,1536,9365,123078,exposure_matched_local,1993773078,v16x_integer_random_cost_minimum_b_matching,seed_family_b,11,89541c188ee3cc92dfca017de1a627d5e1d4c4f65b8a8eed42101f035a0d4334,89541c188ee3cc92dfca017de1a627d5e1d4c4f65b8a8eed42101f035a0d4334,1,1,0,0
v16y,1536,9365,123078,exposure_matched_local,1993773078,v16x_integer_random_cost_minimum_b_matching,seed_family_b,12,1ed9a11b0138eccc989fc55ecd88b5fefa39fa3920f47f6ec76c98df081adbac,1ed9a11b0138eccc989fc55ecd88b5fefa39fa3920f47f6ec76c98df081adbac,1,1,0,0
v16y,1536,9365,123078,exposure_matched_local,1993773078,v16x_integer_random_cost_minimum_b_matching,seed_family_b,13,7624991b33827281a0d933661f2bb171190d93d06aa4f6823c30e7d8ea74c3ae,7624991b33827281a0d933661f2bb171190d93d06aa4f6823c30e7d8ea74c3ae,1,1,0,0
v16y,1536,9365,123078,exposure_matched_local,1993773078,v16x_integer_random_cost_minimum_b_matching,seed_family_b,14,04a45cde54b654fb5d7d9a3bd17153a72cbfb9089de6626ff2c81fa886d37cdf,04a45cde54b654fb5d7d9a3bd17153a72cbfb9089de6626ff2c81fa886d37cdf,1,1,0,0
v16y,1536,9365,123078,exposure_matched_local,1993773078,v16x_integer_random_cost_minimum_b_matching,seed_family_b,15,aff7b0ca04f4b6423e386fb40a4f3bfae3c1e07bb0a724a9da87a9504d20bf0b,aff7b0ca04f4b6423e386fb40a4f3bfae3c1e07bb0a724a9da87a9504d20bf0b,1,1,0,0
v16y,1536,9365,123403,exposure_matched_local,1993773403,v16x_integer_random_cost_minimum_b_matching,seed_family_a,0,915d965e9e19d109f8ce656212d0821b2142be22bef0174ad1ca88df417e6152,915d965e9e19d109f8ce656212d0821b2142be22bef0174ad1ca88df417e6152,1,1,0,0
v16y,1536,9365,123403,exposure_matched_local,1993773403,v16x_integer_random_cost_minimum_b_matching,seed_family_a,1,2ce0dce3cde44ab99121b54dfa1bec3938d32971523989c856df39329a3d72d0,2ce0dce3cde44ab99121b54dfa1bec3938d32971523989c856df39329a3d72d0,1,1,0,0
v16y,1536,9365,123403,exposure_matched_local,1993773403,v16x_integer_random_cost_minimum_b_matching,seed_family_a,2,c3f49c11bbc00ca7449a610ad2fe09faa08d7d399ba5406af31c21e094c5b103,c3f49c11bbc00ca7449a610ad2fe09faa08d7d399ba5406af31c21e094c5b103,1,1,0,0
v16y,1536,9365,123403,exposure_matched_local,1993773403,v16x_integer_random_cost_minimum_b_matching,seed_family_a,3,29373759a46e917422e667c2d6fcef1ace10ed6f3b89ec0dadbcdbc64b889248,29373759a46e917422e667c2d6fcef1ace10ed6f3b89ec0dadbcdbc64b889248,1,1,0,0
v16y,1536,9365,123403,exposure_matched_local,1993773403,v16x_integer_random_cost_minimum_b_matching,seed_family_a,4,7ae7ef4af1cc5d17486cdf014549794641f851fd84cb0aaeb2f92765cde21731,7ae7ef4af1cc5d17486cdf014549794641f851fd84cb0aaeb2f92765cde21731,1,1,0,0
v16y,1536,9365,123403,exposure_matched_local,1993773403,v16x_integer_random_cost_minimum_b_matching,seed_family_a,5,06a9e8461efd0ab5cb21c1ef5b7295c492b2b52216c624026bd9b4a0ee3bece9,06a9e8461efd0ab5cb21c1ef5b7295c492b2b52216c624026bd9b4a0ee3bece9,1,1,0,0
v16y,1536,9365,123403,exposure_matched_local,1993773403,v16x_integer_random_cost_minimum_b_matching,seed_family_a,6,2a2f35ee2f5a092e7616acf6895e425795fa4f443aa3c7d7cecc1a5aa2184502,2a2f35ee2f5a092e7616acf6895e425795fa4f443aa3c7d7cecc1a5aa2184502,1,1,0,0
v16y,1536,9365,123403,exposure_matched_local,1993773403,v16x_integer_random_cost_minimum_b_matching,seed_family_a,7,1a97351a81af257797bfa858901b65a0d2cb87276b37f658487f9c6631e04188,1a97351a81af257797bfa858901b65a0d2cb87276b37f658487f9c6631e04188,1,1,0,0
v16y,1536,9365,123403,exposure_matched_local,1993773403,v16x_integer_random_cost_minimum_b_matching,seed_family_a,8,9601f88fc191b8e42e8b3376c8bf9e7feb377276b694e27ed1f4b4e03f0cb91f,9601f88fc191b8e42e8b3376c8bf9e7feb377276b694e27ed1f4b4e03f0cb91f,1,1,0,0
v16y,1536,9365,123403,exposure_matched_local,1993773403,v16x_integer_random_cost_minimum_b_matching,seed_family_a,9,4209a2a2517edca32d3387f5ac5e6ea4f8a05422b7bad4631404bd018bdeec1a,4209a2a2517edca32d3387f5ac5e6ea4f8a05422b7bad4631404bd018bdeec1a,1,1,0,0
v16y,1536,9365,123403,exposure_matched_local,1993773403,v16x_integer_random_cost_minimum_b_matching,seed_family_a,10,426abd26ad10da9f3dff206df9d54c4377fd07801e02ba06ea57a0524ac6a6a2,426abd26ad10da9f3dff206df9d54c4377fd07801e02ba06ea57a0524ac6a6a2,1,1,0,0
v16y,1536,9365,123403,exposure_matched_local,1993773403,v16x_integer_random_cost_minimum_b_matching,seed_family_a,11,c0732c22ae16dd2314217585206f2907e4dde084de8989c1d9332780ae256dbf,c0732c22ae16dd2314217585206f2907e4dde084de8989c1d9332780ae256dbf,1,1,0,0
v16y,1536,9365,123403,exposure_matched_local,1993773403,v16x_integer_random_cost_minimum_b_matching,seed_family_a,12,e28c7fbfb2a9f401c0a4f874d5297703cd3ff361b23d486ade9991be060c9863,e28c7fbfb2a9f401c0a4f874d5297703cd3ff361b23d486ade9991be060c9863,1,1,0,0
v16y,1536,9365,123403,exposure_matched_local,1993773403,v16x_integer_random_cost_minimum_b_matching,seed_family_a,13,8b9548b734e3bcd8b53ad6e17123d9940445824a451c19a08534f190f8116479,8b9548b734e3bcd8b53ad6e17123d9940445824a451c19a08534f190f8116479,1,1,0,0
v16y,1536,9365,123403,exposure_matched_local,1993773403,v16x_integer_random_cost_minimum_b_matching,seed_family_a,14,60c3d85af330063dbbd8d72f3044e13863225fd1bfefe4a49e567368080420f1,60c3d85af330063dbbd8d72f3044e13863225fd1bfefe4a49e567368080420f1,1,1,0,0
v16y,1536,9365,123403,exposure_matched_local,1993773403,v16x_integer_random_cost_minimum_b_matching,seed_family_a,15,aaea483295aaf30b7e1e6b6d5e274ff3ec35552403d0448fd82632e1d300d879,aaea483295aaf30b7e1e6b6d5e274ff3ec35552403d0448fd82632e1d300d879,1,1,0,0
v16y,1536,9365,123403,exposure_matched_local,1993773403,v16x_integer_random_cost_minimum_b_matching,seed_family_b,0,2e9ac5d644069ce89ab4b301e354d6b145905130f32fbac2113fead0e97b8e72,2e9ac5d644069ce89ab4b301e354d6b145905130f32fbac2113fead0e97b8e72,1,1,0,0
v16y,1536,9365,123403,exposure_matched_local,1993773403,v16x_integer_random_cost_minimum_b_matching,seed_family_b,1,bddb82347b78a2c809e74b93cb350567d5d4b57d21ceaad04ffa59ec85868d3c,bddb82347b78a2c809e74b93cb350567d5d4b57d21ceaad04ffa59ec85868d3c,1,1,0,0
v16y,1536,9365,123403,exposure_matched_local,1993773403,v16x_integer_random_cost_minimum_b_matching,seed_family_b,2,673bb45c6e88e76296ffb2c8a1b013525cde26f750579e49319169eef43a47a4,673bb45c6e88e76296ffb2c8a1b013525cde26f750579e49319169eef43a47a4,1,1,0,0
v16y,1536,9365,123403,exposure_matched_local,1993773403,v16x_integer_random_cost_minimum_b_matching,seed_family_b,3,957a0e49505fcfdbb7ef2e1a2a8d6d213ade5d83aa35e2ed408c3e2f2189d3de,957a0e49505fcfdbb7ef2e1a2a8d6d213ade5d83aa35e2ed408c3e2f2189d3de,1,1,0,0
v16y,1536,9365,123403,exposure_matched_local,1993773403,v16x_integer_random_cost_minimum_b_matching,seed_family_b,4,b34b97f780b55d0afa9e53f40e957d25698819e5dccf539deb419fa1a2f02469,b34b97f780b55d0afa9e53f40e957d25698819e5dccf539deb419fa1a2f02469,1,1,0,0
v16y,1536,9365,123403,exposure_matched_local,1993773403,v16x_integer_random_cost_minimum_b_matching,seed_family_b,5,a1bc2c867ea6e0b30a23480936c489aa4fced0eca338fce503d341f870caccb0,a1bc2c867ea6e0b30a23480936c489aa4fced0eca338fce503d341f870caccb0,1,1,0,0
v16y,1536,9365,123403,exposure_matched_local,1993773403,v16x_integer_random_cost_minimum_b_matching,seed_family_b,6,f33e79d02fe32fcef4d388b2139bee74b2f6eee374555ece314017d1781c1b37,f33e79d02fe32fcef4d388b2139bee74b2f6eee374555ece314017d1781c1b37,1,1,0,0
v16y,1536,9365,123403,exposure_matched_local,1993773403,v16x_integer_random_cost_minimum_b_matching,seed_family_b,7,a73100b65156edd1d36bdb128d0284d3de7845346c7bc4892c23190705fb4eac,a73100b65156edd1d36bdb128d0284d3de7845346c7bc4892c23190705fb4eac,1,1,0,0
v16y,1536,9365,123403,exposure_matched_local,1993773403,v16x_integer_random_cost_minimum_b_matching,seed_family_b,8,ca0b3dd30fac57f88bd940044623314b6e306f50444b8d2d87b0095962aede55,ca0b3dd30fac57f88bd940044623314b6e306f50444b8d2d87b0095962aede55,1,1,0,0
v16y,1536,9365,123403,exposure_matched_local,1993773403,v16x_integer_random_cost_minimum_b_matching,seed_family_b,9,649388d6dc2d82d0f0d1773d6faf0337a5a0437d69f9f669bdae3a4e79bb8e2c,649388d6dc2d82d0f0d1773d6faf0337a5a0437d69f9f669bdae3a4e79bb8e2c,1,1,0,0
v16y,1536,9365,123403,exposure_matched_local,1993773403,v16x_integer_random_cost_minimum_b_matching,seed_family_b,10,df5278c57876b0b292581f0fbd62fbc19c9a2dfa9efffd201ed6195205c0eada,df5278c57876b0b292581f0fbd62fbc19c9a2dfa9efffd201ed6195205c0eada,1,1,0,0
v16y,1536,9365,123403,exposure_matched_local,1993773403,v16x_integer_random_cost_minimum_b_matching,seed_family_b,11,74ecc204cdc839df6556cbb0a0c414b9b8a5c16732f3f58db8efa6338ff447ef,74ecc204cdc839df6556cbb0a0c414b9b8a5c16732f3f58db8efa6338ff447ef,1,1,0,0
v16y,1536,9365,123403,exposure_matched_local,1993773403,v16x_integer_random_cost_minimum_b_matching,seed_family_b,12,d6f4199c13e414cdc30387314a2a00dcd0f1f373c401d02290706ba35ec28e08,d6f4199c13e414cdc30387314a2a00dcd0f1f373c401d02290706ba35ec28e08,1,1,0,0
v16y,1536,9365,123403,exposure_matched_local,1993773403,v16x_integer_random_cost_minimum_b_matching,seed_family_b,13,d6e7b7516bb7428f2e5f42b5af89229b2e3a1c2eef9c7150e2a181ef339d1bb5,d6e7b7516bb7428f2e5f42b5af89229b2e3a1c2eef9c7150e2a181ef339d1bb5,1,1,0,0
v16y,1536,9365,123403,exposure_matched_local,1993773403,v16x_integer_random_cost_minimum_b_matching,seed_family_b,14,4b39436880aaaa20c476cf3183ed10166f73bce555d7ef5daf8bd6ef7fbb5627,4b39436880aaaa20c476cf3183ed10166f73bce555d7ef5daf8bd6ef7fbb5627,1,1,0,0
v16y,1536,9365,123403,exposure_matched_local,1993773403,v16x_integer_random_cost_minimum_b_matching,seed_family_b,15,a8f41400d992e8d3638311ec38ee954f90c69b2e4652433fc7359597a25444cb,a8f41400d992e8d3638311ec38ee954f90c69b2e4652433fc7359597a25444cb,1,1,0,0
v16y,1536,9365,127341,exposure_matched_local,1993777341,v16x_integer_random_cost_minimum_b_matching,seed_family_a,0,0e89b0d8221800e2106a08663a456a436f24bd77c2bab05e49ebb441aaad63b6,0e89b0d8221800e2106a08663a456a436f24bd77c2bab05e49ebb441aaad63b6,1,1,0,0
v16y,1536,9365,127341,exposure_matched_local,1993777341,v16x_integer_random_cost_minimum_b_matching,seed_family_a,1,8ae97f493c447fc151b2b41433163622918fea9489e017da2ac7aecce9343c5f,8ae97f493c447fc151b2b41433163622918fea9489e017da2ac7aecce9343c5f,1,1,0,0
v16y,1536,9365,127341,exposure_matched_local,1993777341,v16x_integer_random_cost_minimum_b_matching,seed_family_a,2,8a1d0d9021e86e798296ec80f1d8dd48d5f4b2ead84f8f314ac8a950576ad012,8a1d0d9021e86e798296ec80f1d8dd48d5f4b2ead84f8f314ac8a950576ad012,1,1,0,0
v16y,1536,9365,127341,exposure_matched_local,1993777341,v16x_integer_random_cost_minimum_b_matching,seed_family_a,3,652e2e62264ce5b1790c9ea3552a323d587114ff81a78d7d82dde05d9ee46e96,652e2e62264ce5b1790c9ea3552a323d587114ff81a78d7d82dde05d9ee46e96,1,1,0,0
v16y,1536,9365,127341,exposure_matched_local,1993777341,v16x_integer_random_cost_minimum_b_matching,seed_family_a,4,665f5ef92d03f082583e067b391006fd26640b26d15b85a2685c8da0145dfa1e,665f5ef92d03f082583e067b391006fd26640b26d15b85a2685c8da0145dfa1e,1,1,0,0
v16y,1536,9365,127341,exposure_matched_local,1993777341,v16x_integer_random_cost_minimum_b_matching,seed_family_a,5,87e8df99395eb57a470718dd9dd960841f15be0309b7231eec642794b46b9890,87e8df99395eb57a470718dd9dd960841f15be0309b7231eec642794b46b9890,1,1,0,0
v16y,1536,9365,127341,exposure_matched_local,1993777341,v16x_integer_random_cost_minimum_b_matching,seed_family_a,6,f9b5a2322f689354b795a8c589b7e83fed55091c7f490ded702ae734d5d35a15,f9b5a2322f689354b795a8c589b7e83fed55091c7f490ded702ae734d5d35a15,1,1,0,0
v16y,1536,9365,127341,exposure_matched_local,1993777341,v16x_integer_random_cost_minimum_b_matching,seed_family_a,7,af16321cdc8a0af4582fde3b7081a48b22e8a7ecf34b91b073aecc7bee0d7316,af16321cdc8a0af4582fde3b7081a48b22e8a7ecf34b91b073aecc7bee0d7316,1,1,0,0
v16y,1536,9365,127341,exposure_matched_local,1993777341,v16x_integer_random_cost_minimum_b_matching,seed_family_a,8,1d359458ba8bb762210b388996ff7a63b9fcdf123942c56ebc0b952d7ab27da3,1d359458ba8bb762210b388996ff7a63b9fcdf123942c56ebc0b952d7ab27da3,1,1,0,0
v16y,1536,9365,127341,exposure_matched_local,1993777341,v16x_integer_random_cost_minimum_b_matching,seed_family_a,9,6c84ec5c025481c7774a0883f65bdaf6dec6130463874e91448e61c626d1f7fb,6c84ec5c025481c7774a0883f65bdaf6dec6130463874e91448e61c626d1f7fb,1,1,0,0
v16y,1536,9365,127341,exposure_matched_local,1993777341,v16x_integer_random_cost_minimum_b_matching,seed_family_a,10,0455eb28215935fbabc752969af32f34dbf141cb2d6877f5e9235ca7a273e15b,0455eb28215935fbabc752969af32f34dbf141cb2d6877f5e9235ca7a273e15b,1,1,0,0
v16y,1536,9365,127341,exposure_matched_local,1993777341,v16x_integer_random_cost_minimum_b_matching,seed_family_a,11,59a9d07b5873383d068fb7efc1c7718715f949db2d25199da563dbf50e9e5e59,59a9d07b5873383d068fb7efc1c7718715f949db2d25199da563dbf50e9e5e59,1,1,0,0
v16y,1536,9365,127341,exposure_matched_local,1993777341,v16x_integer_random_cost_minimum_b_matching,seed_family_a,12,87e672b033821608202eb05a89bcf22f12b13ce4f8bd6d11cfd6cab5e88c080f,87e672b033821608202eb05a89bcf22f12b13ce4f8bd6d11cfd6cab5e88c080f,1,1,0,0
v16y,1536,9365,127341,exposure_matched_local,1993777341,v16x_integer_random_cost_minimum_b_matching,seed_family_a,13,06aede5df8853a1b02303c5886b706c20f1fabab3d647561b27f106bdbe3682f,06aede5df8853a1b02303c5886b706c20f1fabab3d647561b27f106bdbe3682f,1,1,0,0
v16y,1536,9365,127341,exposure_matched_local,1993777341,v16x_integer_random_cost_minimum_b_matching,seed_family_a,14,c941d284414081c63f49cad1b4efdf87a4996d94ab0f2f4513420967f1a52ab6,c941d284414081c63f49cad1b4efdf87a4996d94ab0f2f4513420967f1a52ab6,1,1,0,0
v16y,1536,9365,127341,exposure_matched_local,1993777341,v16x_integer_random_cost_minimum_b_matching,seed_family_a,15,275e74b665ad4a3550e3a814aaccd4a6167e389ece1b1c60c036fae6206e317d,275e74b665ad4a3550e3a814aaccd4a6167e389ece1b1c60c036fae6206e317d,1,1,0,0
v16y,1536,9365,127341,exposure_matched_local,1993777341,v16x_integer_random_cost_minimum_b_matching,seed_family_b,0,d2bf0c29a3ed90540e2821cfcc7f651ef96d9036fdf68d0b1631c775811e7cec,d2bf0c29a3ed90540e2821cfcc7f651ef96d9036fdf68d0b1631c775811e7cec,1,1,0,0
v16y,1536,9365,127341,exposure_matched_local,1993777341,v16x_integer_random_cost_minimum_b_matching,seed_family_b,1,d1230088dbea5973ff9a01ecbff1c93fc3ee043a010b937fb0de9cfec5be07aa,d1230088dbea5973ff9a01ecbff1c93fc3ee043a010b937fb0de9cfec5be07aa,1,1,0,0
v16y,1536,9365,127341,exposure_matched_local,1993777341,v16x_integer_random_cost_minimum_b_matching,seed_family_b,2,b2abefa8d1587e51eaa499411fc7f99d1b7a77722f2b49b2d3b46357b4c959ae,b2abefa8d1587e51eaa499411fc7f99d1b7a77722f2b49b2d3b46357b4c959ae,1,1,0,0
v16y,1536,9365,127341,exposure_matched_local,1993777341,v16x_integer_random_cost_minimum_b_matching,seed_family_b,3,4384bd1fbee107e4580cfbec45d153390bdf5abbc19009f302322a22a111ddbe,4384bd1fbee107e4580cfbec45d153390bdf5abbc19009f302322a22a111ddbe,1,1,0,0
v16y,1536,9365,127341,exposure_matched_local,1993777341,v16x_integer_random_cost_minimum_b_matching,seed_family_b,4,bec2942b8fba5675029c79a7647617dabe408af4bff6f6d365579cf9d54b3ddc,bec2942b8fba5675029c79a7647617dabe408af4bff6f6d365579cf9d54b3ddc,1,1,0,0
v16y,1536,9365,127341,exposure_matched_local,1993777341,v16x_integer_random_cost_minimum_b_matching,seed_family_b,5,d4903283176b3dff6f74047494c9e49980d96ab993ac76cbfc4df6555e0b9185,d4903283176b3dff6f74047494c9e49980d96ab993ac76cbfc4df6555e0b9185,1,1,0,0
v16y,1536,9365,127341,exposure_matched_local,1993777341,v16x_integer_random_cost_minimum_b_matching,seed_family_b,6,893e1e4a8f5acc099dd5336bc101cd8ef338a77ff1379c44a2318fcfffebe8a4,893e1e4a8f5acc099dd5336bc101cd8ef338a77ff1379c44a2318fcfffebe8a4,1,1,0,0
v16y,1536,9365,127341,exposure_matched_local,1993777341,v16x_integer_random_cost_minimum_b_matching,seed_family_b,7,f154e98c4d83a32d6aa19be3048b50b86ebacaca0757f9f630b55618e20b8589,f154e98c4d83a32d6aa19be3048b50b86ebacaca0757f9f630b55618e20b8589,1,1,0,0
v16y,1536,9365,127341,exposure_matched_local,1993777341,v16x_integer_random_cost_minimum_b_matching,seed_family_b,8,4e16ac2b9423ad0d0e1250f6c386125db96696012b7ee60794a39af7b8eb9e8f,4e16ac2b9423ad0d0e1250f6c386125db96696012b7ee60794a39af7b8eb9e8f,1,1,0,0
v16y,1536,9365,127341,exposure_matched_local,1993777341,v16x_integer_random_cost_minimum_b_matching,seed_family_b,9,e4f21359ab32c999d5fb780a799841f87aebaec06bd2caa5b6c5a1a8408b5964,e4f21359ab32c999d5fb780a799841f87aebaec06bd2caa5b6c5a1a8408b5964,1,1,0,0
v16y,1536,9365,127341,exposure_matched_local,1993777341,v16x_integer_random_cost_minimum_b_matching,seed_family_b,10,b5dba7d0abb94f7402f7902508e7f23c4c64c34db9ad86149b3fe68c526c8a58,b5dba7d0abb94f7402f7902508e7f23c4c64c34db9ad86149b3fe68c526c8a58,1,1,0,0
v16y,1536,9365,127341,exposure_matched_local,1993777341,v16x_integer_random_cost_minimum_b_matching,seed_family_b,11,cf57fcf7dcf0c012ea11d545a377e16ff083c271a66349e204928a8410a2f3fe,cf57fcf7dcf0c012ea11d545a377e16ff083c271a66349e204928a8410a2f3fe,1,1,0,0
v16y,1536,9365,127341,exposure_matched_local,1993777341,v16x_integer_random_cost_minimum_b_matching,seed_family_b,12,abce971cb27d1a34899b18bf04e2555768f5b75305f3a46f62544ed4df9231bd,abce971cb27d1a34899b18bf04e2555768f5b75305f3a46f62544ed4df9231bd,1,1,0,0
v16y,1536,9365,127341,exposure_matched_local,1993777341,v16x_integer_random_cost_minimum_b_matching,seed_family_b,13,0c28c50396fc2131b1aae3aa7d52e6cd1803c55c097c231bf4e385b7ca7c4d69,0c28c50396fc2131b1aae3aa7d52e6cd1803c55c097c231bf4e385b7ca7c4d69,1,1,0,0
v16y,1536,9365,127341,exposure_matched_local,1993777341,v16x_integer_random_cost_minimum_b_matching,seed_family_b,14,fe77a198ba58c9cf837e7ef182560318fe72aceb484ff980fc56266bd8abd501,fe77a198ba58c9cf837e7ef182560318fe72aceb484ff980fc56266bd8abd501,1,1,0,0
v16y,1536,9365,127341,exposure_matched_local,1993777341,v16x_integer_random_cost_minimum_b_matching,seed_family_b,15,8d7f9f7126229531f3a738e207ff2cb381ab6d89b44e776d59a518e278df2d6a,8d7f9f7126229531f3a738e207ff2cb381ab6d89b44e776d59a518e278df2d6a,1,1,0,0
