stage,target_nodes,growth_seed,run_offset,arm,run_seed,start_family,cycle_length,attempts,proposal_sha256,q_forward_numerator,q_forward_denominator,q_reverse_numerator,q_reverse_denominator,forward_acceptance_numerator,forward_acceptance_denominator,reverse_acceptance_numerator,reverse_acceptance_denominator,reverse_support_pass,forward_integrity_pass,reverse_recovery_pass,pathwise_detailed_balance_pass
v17a,1536,9299,123078,exposure_matched_local,1993113078,source_assignment,2,1,323b7eac3b59563c14655cc571397afe8c5a4ab08bcf348474e039efc47d5e0b,1,152376,1,1015840,3,20,1,1,1,1,1,1
v17a,1536,9299,123078,exposure_matched_local,1993113078,source_assignment,3,3,12b3af360a13a7b1e1010aba9e9cfe8e36df2c0b95d9266dc5a232adc498d7de,1,152376,1,50792,1,1,1,3,1,1,1,1
v17a,1536,9299,123078,exposure_matched_local,1993113078,source_assignment,4,7,728a545c0764cf6db23b4591669d7a6a49e70ac2595c4e1f6885b1ce325ed535,1,3250688,1,2656624768,4,3269,1,1,1,1,1,1
v17a,1536,9299,123078,exposure_matched_local,1993113078,source_assignment,5,1,2475b2be64fa959c988ce7234564e3b6e81a8acabb2ad4f3b165575ba71232d3,1,4114152,1,19504128,27,128,1,1,1,1,1,1
v17a,1536,9299,123078,exposure_matched_local,1993113078,source_assignment,6,4,627c18c24e4ba97161f93c73300cac6d42c059b9b46caadf8c47a761266ee8f4,1,4876032,1,24380160,1,5,1,1,1,1,1,1
v17a,1536,9299,123078,exposure_matched_local,1993113078,source_assignment,7,2,870b8fc0ab48b448b7487271519eba2dec4d55279a42bcfc2fecfc758a3175e7,1,18285120,1,29183051520,1,1596,1,1,1,1,1,1
v17a,1536,9299,123078,exposure_matched_local,1993113078,source_assignment,8,13,efcf56a677ed6b1d9bd71a5e425c70ebb0e245f4022d9ddf0ea0472331390569,1,102940603121664,1,1021836869222400,68,675,1,1,1,1,1,1
v17a,1536,9299,123078,exposure_matched_local,1993113078,v16x_random_cost_a0,2,3,0317fdb6fa4b1f4ab31c4f20c008b21d127362a7588a54f8eaf8190238a96990,1,152376,1,228564,2,3,1,1,1,1,1,1
v17a,1536,9299,123078,exposure_matched_local,1993113078,v16x_random_cost_a0,3,5,695aac9e48c0c506b3816d2297bcf78eb353a27e32be8b4b6cc8efcca554e27a,1,50792,1,355544,1,7,1,1,1,1,1,1
v17a,1536,9299,123078,exposure_matched_local,1993113078,v16x_random_cost_a0,4,3,6e64ed9a95a08ece21d4022dc2d44ec45b38f3a91ac8770a70c812fb6ddb5c3c,1,1066632,1,5577774272,3,15688,1,1,1,1,1,1
v17a,1536,9299,123078,exposure_matched_local,1993113078,v16x_random_cost_a0,5,33,e77a0306b15299437ebd9898a9251367cd2b11c4ce4510df18789ecf3636752a,1,4571280,1,7618800,3,5,1,1,1,1,1,1
v17a,1536,9299,123078,exposure_matched_local,1993113078,v16x_random_cost_a0,6,3,80e654cdbdba8e112fd92ffad452ee0faac022dd1d93e3af2e8dddc687e4a162,1,6095040,1,1663945920,1,273,1,1,1,1,1,1
v17a,1536,9299,123078,exposure_matched_local,1993113078,v16x_random_cost_a0,7,7,ccd9e87e9d32a3ffc75c139b0dbc811d562c91ed1a0f331604187ebe7ea0c26b,1,43579536,1,274749165600,11,69350,1,1,1,1,1,1
v17a,1536,9299,123078,exposure_matched_local,1993113078,v16x_random_cost_a0,8,14,928ab1b4b62a3e0ef01f2b854809e0222a3cdefc572e21fa013b9768438a3e7a,1,5926816896,1,397572145152,187,12544,1,1,1,1,1,1
v17a,1536,9299,123403,exposure_matched_local,1993113403,source_assignment,2,2,74b828eac5782c5de7899b325ad13c1f793375d06b722f8daf0f1b5817a440b4,1,25018,1,25018,1,1,1,1,1,1,1,1
v17a,1536,9299,123403,exposure_matched_local,1993113403,source_assignment,3,8,f5c5a897047c6a0e2d763787c626b8ab1453d32cc0aea47aad9a133a3500088e,1,750540,1,4253060,3,17,1,1,1,1,1,1
v17a,1536,9299,123403,exposure_matched_local,1993113403,source_assignment,4,7,3a4e3f3090f6daf2095ba302c2731fb1d4bf8019f617078ae98a8102bccef844,1,100072,1,1501080,1,15,1,1,1,1,1,1
v17a,1536,9299,123403,exposure_matched_local,1993113403,source_assignment,5,24,3dde232308ed781a0339ba3e066a368e845b72fa71fb0a332d1117fb087d20f6,1,1801296,1,1905370880,9,9520,1,1,1,1,1,1
v17a,1536,9299,123403,exposure_matched_local,1993113403,source_assignment,6,9,7aefabfe27f981c9550152901315d9b3d5d9ac1ac45d5002ccdc7e2442e9f33c,1,92466528,1,112080640,33,40,1,1,1,1,1,1
v17a,1536,9299,123403,exposure_matched_local,1993113403,source_assignment,7,2,e94a2d9048ff5f5dab0052fdd548e04dcd77c04e58b9a9869e87dda79831fa53,1,171483379200000,1,88191452160000,1,1,18,35,1,1,1,1
v17a,1536,9299,123403,exposure_matched_local,1993113403,source_assignment,8,42,2e462e57030068901abe8c60845d33a7236e167678506740f2870bf27a80a1d6,1,588980560896,1,6996279777177600,131,1556100,1,1,1,1,1,1
v17a,1536,9299,123403,exposure_matched_local,1993113403,v16x_random_cost_a0,2,1,b3b4c0e951689674974c0cc156c59fbb873b996d3f2ab1ae85b466252eec0035,1,50036,1,25018,1,1,1,2,1,1,1,1
v17a,1536,9299,123403,exposure_matched_local,1993113403,v16x_random_cost_a0,3,12,c737868b171a98148c44b5b65ec1870699d352eccceb694413f34ecac2f3e1dd,1,100072,1,10307416,1,103,1,1,1,1,1,1
v17a,1536,9299,123403,exposure_matched_local,1993113403,v16x_random_cost_a0,4,9,8c6fdd80b87a2dca21427599680c90377dfff87b6cc5ee6ef8663ffdf3ba2afc,1,250180,1,1143222528,5,22848,1,1,1,1,1,1
v17a,1536,9299,123403,exposure_matched_local,1993113403,v16x_random_cost_a0,5,1,73c50cdabd9b3d041b65fe86e509cfc9b2b4f4f8490f78c61c731c41457d9b68,1,1801296,1,10407488,9,52,1,1,1,1,1,1
v17a,1536,9299,123403,exposure_matched_local,1993113403,v16x_random_cost_a0,6,58,1bdb763e46859f71016460d4dd945d184fe81a185c092eb3ebcd3f96aac87e89,1,9087610371840,1,3834771849216,1,1,192,455,1,1,1,1
v17a,1536,9299,123403,exposure_matched_local,1993113403,v16x_random_cost_a0,7,18,fade2cd886ed6c1defacf8270d148fecc0dd5fb2839f424fa3d9a754301b4e77,1,70610803200000,1,24512035968000,1,1,243,700,1,1,1,1
v17a,1536,9299,123403,exposure_matched_local,1993113403,v16x_random_cost_a0,8,11,9d3cbb298fed51a562741f3dff36ddf75eebe5c88dc7eb6b3c9e512a2603ee73,1,122588200,1,217667407776,1225,2175108,1,1,1,1,1,1
v17a,1536,9299,127341,exposure_matched_local,1993117341,source_assignment,2,3,66cb1c056f79e41147b3514f279cfe96f4d4c408632ca14a597aec1ac151a721,1,24661,1,98644,1,4,1,1,1,1,1,1
v17a,1536,9299,127341,exposure_matched_local,1993117341,source_assignment,3,3,52f58d820c0ba3a1ac2a5749512ac0140b3d7cac5bed959b416678fcb454d3bf,1,443898,1,1479660,3,10,1,1,1,1,1,1
v17a,1536,9299,127341,exposure_matched_local,1993117341,source_assignment,4,5,9885222e4a4a45bd89a67ab11e7a042da649ef10ab5e3abcdb9b60035f7a6dfb,1,2219490,1,4734912,15,32,1,1,1,1,1,1
v17a,1536,9299,127341,exposure_matched_local,1993117341,source_assignment,5,9,2c4ea22d29ef429993f4a9236e151b32db81e444ce6b14c32fbc1fee452a4413,1,62145720,1,44192512,1,1,32,45,1,1,1,1
v17a,1536,9299,127341,exposure_matched_local,1993117341,source_assignment,6,10,cc68378b461a04848c840bc7ab4f0fdf5433b980c4566dd5cfcab5514b1380c6,1,3551184,1,4163763240,2,2345,1,1,1,1,1,1
v17a,1536,9299,127341,exposure_matched_local,1993117341,source_assignment,7,64,ccfd57e9a5e85a1732e47e2d1921f9fbe872f87785032819143626bff54963bb,1,53267760,1,189396480,9,32,1,1,1,1,1,1
v17a,1536,9299,127341,exposure_matched_local,1993117341,source_assignment,8,100,f8a3794c4d243f076c8be776b8537a8a1b0fc6c1bccff0963ea47ad20409043f,1,1988663040,1,56841387482880,7,200079,1,1,1,1,1,1
v17a,1536,9299,127341,exposure_matched_local,1993117341,v16x_random_cost_a0,2,2,60ac4fc47987ba6264e866964bc0cb7c301fac3a84e01bf0dcd0a3d6acaae904,1,123305,1,73983,1,1,3,5,1,1,1,1
v17a,1536,9299,127341,exposure_matched_local,1993117341,v16x_random_cost_a0,3,5,6db9fcdd342a5e77de4a52d761a66c4bf97e38190992ada0654fd63f1beb2265,1,345254,1,123305,1,1,5,14,1,1,1,1
v17a,1536,9299,127341,exposure_matched_local,1993117341,v16x_random_cost_a0,4,3,9f2d587691eec1dfa59ca3edeb48cb8130f2ebea6b5fc1a4e72a1d64e4d92191,1,221949,1,394576,9,16,1,1,1,1,1,1
v17a,1536,9299,127341,exposure_matched_local,1993117341,v16x_random_cost_a0,5,2,77aa316e84924a1efe165dabfed4199cab6b7b042c37d8f85cd2902e65b7008f,1,14204736,1,8877960,1,1,5,8,1,1,1,1
v17a,1536,9299,127341,exposure_matched_local,1993117341,v16x_random_cost_a0,6,13,d518f6fe8071505a6a4bd6f9d0e9bd95fa666afa464f23ec21407eaa3250e76d,1,8286096,1,8398550160,7,7095,1,1,1,1,1,1
v17a,1536,9299,127341,exposure_matched_local,1993117341,v16x_random_cost_a0,7,24,bf85d29cc105ecd1d7c354ddb792894b58b97f292c41e4eb357c563779efa90b,1,71023680,1,683602920,8,77,1,1,1,1,1,1
v17a,1536,9299,127341,exposure_matched_local,1993117341,v16x_random_cost_a0,8,16,0fe985d15b7a170fa9c3b0de4517fe15a0943f398dad77f6bc25a0a529acf48a,1,18939648,1,532677600,8,225,1,1,1,1,1,1
v17a,1536,9365,123078,exposure_matched_local,1993773078,source_assignment,2,1,23932c7fa4bb9a10475aa3c688e0dd3e7d6e224fc34e810257739583674d2d9e,1,24969,1,24969,1,1,1,1,1,1,1,1
v17a,1536,9365,123078,exposure_matched_local,1993773078,source_assignment,3,1,ca4661643b91cb85d9d7d9b6f71e993412a2f5f9e029ecbea58e4c88fd50b8cd,1,224721,1,149814,1,1,2,3,1,1,1,1
v17a,1536,9365,123078,exposure_matched_local,1993773078,source_assignment,4,3,fe56921100bd7236e4e521ec37a99c8a4da326bc22f21abe4c74f986446270fb,1,349566,1,808995600,7,16200,1,1,1,1,1,1
v17a,1536,9365,123078,exposure_matched_local,1993773078,source_assignment,5,8,c311ccc2283ae662b1573e9ad780b305a1a67a18860ff4f37a69a1f17e5f49ca,1,2696652,1,25168752,3,28,1,1,1,1,1,1
v17a,1536,9365,123078,exposure_matched_local,1993773078,source_assignment,6,1,ded49eb358ab4d96bf606350766567549ccb6b9a9c9cc6a756b5fd6b3bd5f048,1,7191072,1,11236050,16,25,1,1,1,1,1,1
v17a,1536,9365,123078,exposure_matched_local,1993773078,source_assignment,7,54,cbf9c5f618ee18504c1776bb96d4b9f46a1b61efe1ddd326e2d4cca3037b0eef,1,1463383152,1,4782062880,407,1330,1,1,1,1,1,1
v17a,1536,9365,123078,exposure_matched_local,1993773078,source_assignment,8,110,3e9cb1e033f8f7baf6036b9f1fdedb6e8b75aec64d51b1ea22111d71cba3c563,1,9588096,1,279652800,6,175,1,1,1,1,1,1
v17a,1536,9365,123078,exposure_matched_local,1993773078,v16x_random_cost_a0,2,1,e74af9a84eba21921e324e024a5af592d3da7d2e6cb715a28feb6120172e0334,1,149814,1,99876,1,1,2,3,1,1,1,1
v17a,1536,9365,123078,exposure_matched_local,1993773078,v16x_random_cost_a0,3,5,8cc7fe5aa4ed35b6dcaa06c50a2c61daff539526570dc8dc61c0c151dd728568,1,1598016,1,1598016,1,1,1,1,1,1,1,1
v17a,1536,9365,123078,exposure_matched_local,1993773078,v16x_random_cost_a0,4,8,6c32476e14f5d5f63d9219da6d71d4403b31b576e580a024d808929740c54da6,1,2496900,1,1997520,1,1,4,5,1,1,1,1
v17a,1536,9365,123078,exposure_matched_local,1993773078,v16x_random_cost_a0,5,11,1ad3fdab46ca973f364c30fefe9c3de45fea2e743ea91c1786aa9fa60f1d61f2,1,441202230,1,74707248,1,1,1496,8835,1,1,1,1
v17a,1536,9365,123078,exposure_matched_local,1993773078,v16x_random_cost_a0,6,2,82fa9ec0a01932dcd103cb3e04863acbae947dade29a7a2242a0af9d51bc1abe,1,10786608,1,102472776,2,19,1,1,1,1,1,1
v17a,1536,9365,123078,exposure_matched_local,1993773078,v16x_random_cost_a0,7,1,10e429aa0d810ef6e0d23e46e665052e4bdc2eae34db23f1b54ba710d210989a,1,15490767600,1,826146306720,2585,137862,1,1,1,1,1,1
v17a,1536,9365,123078,exposure_matched_local,1993773078,v16x_random_cost_a0,8,29,f0dc3b7696c4b1d0f520fc55652f56504edd6fd09884df6def99676de8c7fbc9,1,927049032,1,3817260720,17,70,1,1,1,1,1,1
v17a,1536,9365,123403,exposure_matched_local,1993773403,source_assignment,2,1,7b5bc461a98095b7dcf0d0f756223c5817b544aead295a1e56411c0b24625178,1,50456,1,100912,1,2,1,1,1,1,1,1
v17a,1536,9365,123403,exposure_matched_local,1993773403,source_assignment,3,1,48103af404d53e408a896b385c6f704c1bdb55de03284dfb0e3ec68dc50f7c41,1,25228,1,75684,1,3,1,1,1,1,1,1
v17a,1536,9365,123403,exposure_matched_local,1993773403,source_assignment,4,2,134bb7c2c926e8351eba4ac109acf1c973884c59f6bb1715b3bb064301483d25,1,94251808,1,169229424,934,1677,1,1,1,1,1,1
v17a,1536,9365,123403,exposure_matched_local,1993773403,source_assignment,5,6,a6cc97801c689ac39c48875920ed8e513df86191919af8ab56c25c4fe15f759b,1,4944688,1,1059576,1,1,3,14,1,1,1,1
v17a,1536,9365,123403,exposure_matched_local,1993773403,source_assignment,6,7,9286f546ec069c03c5ab8dd14c8a794e814803cd01ea9dc2e4363ec2cc3270cf,1,42912828,1,23613408,1,1,104,189,1,1,1,1
v17a,1536,9365,123403,exposure_matched_local,1993773403,source_assignment,7,34,f90fdc287550e7c7130e51df562cff4f869af6065570d781f8c013090e4bbbf1,1,4238304,1,4000958976,1,944,1,1,1,1,1,1
v17a,1536,9365,123403,exposure_matched_local,1993773403,source_assignment,8,244,6d16fbb262aebd1ccf8db1a70ec3650b1d1ee3ab716336a1369046981a20dbeb,1,9474053854003200,1,24316738225274880,30,77,1,1,1,1,1,1
v17a,1536,9365,123403,exposure_matched_local,1993773403,v16x_random_cost_a0,2,1,9cd3594255f672f0a4ced862cbb0f8074f5c66ba4bc94e08a19649041f5d64dd,1,25228,1,25228,1,1,1,1,1,1,1,1
v17a,1536,9365,123403,exposure_matched_local,1993773403,v16x_random_cost_a0,3,3,57d8c8bdcc89a9227ed7a4202a2b036744e26d934102959979bade0ed48b3d72,1,6054720,1,339064320,1,56,1,1,1,1,1,1
v17a,1536,9365,123403,exposure_matched_local,1993773403,v16x_random_cost_a0,4,3,9b5ba068d8bff8c2dd3d14b17cbbcf0918d8ad9a6c62d949a5f1101300ec5636,1,18164160,1,68115600,4,15,1,1,1,1,1,1
v17a,1536,9365,123403,exposure_matched_local,1993773403,v16x_random_cost_a0,5,3,7d95561c6402249b6c4e28bd3ebfc52f5763ec9a6da147f3a52629d24bb56ccb,1,151368,1,2724624,1,18,1,1,1,1,1,1
v17a,1536,9365,123403,exposure_matched_local,1993773403,v16x_random_cost_a0,6,2,20ce257101d3a67370c317c83c6b6119b727dbbb8dcf6c463e8fc825602954d6,1,37623424608,1,182416604160,33,160,1,1,1,1,1,1
v17a,1536,9365,123403,exposure_matched_local,1993773403,v16x_random_cost_a0,7,113,12a7d75da26e114070f4afa6cfdd5617aee4e1264c2424d473b19381e6216f88,1,1210944,1,49043232,2,81,1,1,1,1,1,1
v17a,1536,9365,123403,exposure_matched_local,1993773403,v16x_random_cost_a0,8,114,72973e326aac57b716c87c546f6e23b6c9180181f0d3db5408ab84bcb71d5d65,1,227052,1,3481060352,9,137984,1,1,1,1,1,1
v17a,1536,9365,127341,exposure_matched_local,1993777341,source_assignment,2,1,8ed363b87fccb2dbe0852a3ce273f7b64909b5b8f1f44d3d503b1d5f3d1672f8,1,100436,1,50218,1,1,1,2,1,1,1,1
v17a,1536,9365,127341,exposure_matched_local,1993777341,source_assignment,3,1,2884b43bf427f0c5e6b04badb229b7313c476318f09968f66835afec085cde56,1,25109,1,2209592,1,88,1,1,1,1,1,1
v17a,1536,9365,127341,exposure_matched_local,1993777341,source_assignment,4,3,fcefeb274739db6209c1a094075414da38bcb07488d259d0572a35d5c85c81a5,1,602616,1,8587278,4,57,1,1,1,1,1,1
v17a,1536,9365,127341,exposure_matched_local,1993777341,source_assignment,5,1,5f211c22f484b40a4106470e8c7744ec40aca3c01560681dfa9b29cafa80a02f,1,32440828,1,1620534860,323,16135,1,1,1,1,1,1
v17a,1536,9365,127341,exposure_matched_local,1993777341,source_assignment,6,4,cf786f03010032230ec4188ecb172c82e4d926fa0395da6116fb8f8c7a7fcf4b,1,1759940028,1,38945987371200,5841,129256400,1,1,1,1,1,1
v17a,1536,9365,127341,exposure_matched_local,1993777341,source_assignment,7,27,3bbac003bb9d6965593b209cfbd35e47f4c584ce1197d7eb079cc65358914298,1,24104640,1,182128231936,15,113336,1,1,1,1,1,1
v17a,1536,9365,127341,exposure_matched_local,1993777341,source_assignment,8,55,56e27186a62d3a16baaaeee3004839ac7267cfa057870fa115c22233077a2bdf,1,19283712,1,62672064,4,13,1,1,1,1,1,1
v17a,1536,9365,127341,exposure_matched_local,1993777341,v16x_random_cost_a0,2,1,be7d4417676cb87231dc1645c6c8a3761f53e0fe41b085b36f57180cc1a1db79,1,125545,1,75327,1,1,3,5,1,1,1,1
v17a,1536,9365,127341,exposure_matched_local,1993777341,v16x_random_cost_a0,3,4,c82bfac7ac00d675c20bdde9a99ac357db93e66a274424deed42ddfd1ab59307,1,100436,1,703052,1,7,1,1,1,1,1,1
v17a,1536,9365,127341,exposure_matched_local,1993777341,v16x_random_cost_a0,4,3,58c175623be49f3ec701578d696af719379c269761b08c24a6b9b303c3447e83,1,150654,1,1129905,2,15,1,1,1,1,1,1
v17a,1536,9365,127341,exposure_matched_local,1993777341,v16x_random_cost_a0,5,8,c767a53316e365b9db54d1b8770d7fa183be8b3e6eda9673d11f9e49d4f56533,1,200872,1,214531296,1,1068,1,1,1,1,1,1
v17a,1536,9365,127341,exposure_matched_local,1993777341,v16x_random_cost_a0,6,10,0822dbcfee326d3b351fd48090d51ab6ca3ea8febb58d5bb5d46ed39bb6bb8de,1,276199,1,320591712,11,12768,1,1,1,1,1,1
v17a,1536,9365,127341,exposure_matched_local,1993777341,v16x_random_cost_a0,7,15,d95ce124f9fd3243e2bd53df8295866ca107a80075cffd9d54f37da6c15479c5,1,3085695228,1,123656803200,539,21600,1,1,1,1,1,1
v17a,1536,9365,127341,exposure_matched_local,1993777341,v16x_random_cost_a0,8,31,1ab3acc3f020bf7c30e69d3b0431bb2fbfdce3cc246e9aa8fd669f407c8a2612,1,22323307104000,1,39912655749120,1575,2816,1,1,1,1,1,1
